is_hit,pred_prob,batter_name,game_date,game_season,batSide,pitcher_hand,batting_order,weather_condition,weather_temp,weight,height_in_inches,strikeZoneTop,strikeZoneBottom,last_season_ba
0,0.35,Player_035,2024-05-10,2024,R,L,3,Sunny,91.0,225.0,75.0,3.6,1.73,0.227
0,0.4235,Player_015,2023-04-27,2023,L,R,9,Sunny,92.0,202.0,70.0,3.67,1.54,0.264
0,0.3031,Player_017,2024-07-18,2024,R,R,6,Sunny,76.0,200.0,73.0,3.65,1.61,0.304
0,0.1641,Player_021,2024-08-23,2024,R,L,9,Sunny,86.0,177.0,77.0,3.39,1.78,
0,0.3941,Player_039,2024-09-15,2024,L,L,6,Drizzle,56.0,199.0,72.0,3.52,1.57,0.305
0,0.2087,Player_028,2024-09-06,2024,S,R,9,Sunny,79.0,223.0,75.0,3.46,1.71,0.315
0,0.3037,Player_026,2022-09-07,2022,R,R,5,Overcast,58.0,183.0,73.0,3.51,1.78,0.253
1,0.262,Player_012,2023-09-10,2023,R,R,8,Cloudy,72.0,197.0,75.0,3.61,1.74,0.233
0,0.2699,Player_019,2022-07-12,2022,L,R,1,Overcast,84.0,193.0,76.0,3.44,1.78,0.228
0,0.3335,Player_007,2022-08-26,2022,R,R,9,Overcast,57.0,205.0,73.0,3.49,1.78,0.233
0,0.2871,Player_015,2023-07-24,2023,L,L,1,Overcast,71.0,228.0,75.0,3.54,1.53,0.288
0,0.3159,Player_032,2024-04-24,2024,R,R,2,Cloudy,71.0,230.0,73.0,3.41,1.68,0.232
0,0.1929,Player_003,2024-04-04,2024,R,L,7,Sunny,64.0,199.0,72.0,3.54,1.63,0.315
0,0.2678,Player_006,2022-04-18,2022,R,R,3,Cloudy,76.0,212.0,76.0,3.36,1.7,0.286
1,0.2161,Player_023,2024-06-01,2024,L,L,1,Sunny,87.0,228.0,73.0,3.55,1.72,0.316
0,0.2561,Player_031,2022-06-29,2022,L,L,8,Sunny,94.0,230.0,70.0,3.36,1.57,
0,0.2717,Player_039,2022-07-24,2022,R,R,5,Overcast,91.0,214.0,72.0,3.61,1.74,0.24
1,0.4291,Player_023,2022-07-03,2022,L,R,5,Cloudy,93.0,183.0,75.0,3.38,1.62,0.237
0,0.2618,Player_026,2023-06-05,2023,R,R,3,Sunny,63.0,199.0,75.0,3.56,1.7,
0,0.1312,Player_011,2023-08-10,2023,R,R,7,Overcast,59.0,193.0,74.0,3.53,1.63,0.22
0,0.3777,Player_016,2022-09-03,2022,R,R,3,Sunny,62.0,219.0,73.0,3.47,1.6,0.308
0,0.3314,Player_012,2022-05-11,2022,L,R,6,Overcast,94.0,189.0,72.0,3.56,1.71,0.223
0,0.2708,Player_004,2023-05-18,2023,S,R,2,Overcast,63.0,177.0,70.0,3.64,1.66,0.28
1,0.2494,Player_014,2024-09-14,2024,R,R,3,Sunny,85.0,232.0,71.0,3.35,1.76,0.259
0,0.2137,Player_008,2022-09-22,2022,R,R,1,Sunny,71.0,182.0,77.0,3.57,1.74,0.281
0,0.4357,Player_023,2024-05-25,2024,L,R,3,Drizzle,82.0,225.0,76.0,3.46,1.76,0.298
1,0.2836,Player_030,2023-07-01,2023,R,R,4,Sunny,85.0,237.0,70.0,3.57,1.73,0.231
0,0.1784,Player_039,2023-07-14,2023,L,R,7,Drizzle,91.0,229.0,77.0,3.65,1.78,0.315
1,0.3229,Player_035,2022-07-24,2022,L,R,8,Sunny,58.0,206.0,76.0,3.56,1.55,0.28
0,0.3344,Player_012,2024-09-02,2024,R,L,5,Sunny,68.0,211.0,70.0,3.36,1.69,0.258
0,0.261,Player_037,2023-04-20,2023,R,L,9,Cloudy,59.0,221.0,73.0,3.47,1.52,0.318
1,0.2169,Player_037,2023-07-04,2023,S,R,4,Sunny,70.0,189.0,71.0,3.52,1.65,0.301
0,0.2006,Player_020,2024-05-08,2024,L,L,5,Sunny,69.0,202.0,75.0,3.35,1.76,0.236
0,0.2358,Player_008,2024-08-13,2024,L,R,6,Cloudy,89.0,199.0,75.0,3.56,1.72,0.229
1,0.3865,Player_031,2024-07-16,2024,R,R,2,Sunny,83.0,192.0,71.0,3.59,1.67,0.312
1,0.265,Player_004,2024-08-12,2024,L,L,4,Sunny,59.0,210.0,76.0,3.61,1.71,0.278
1,0.1825,Player_014,2022-09-10,2022,L,R,9,Overcast,72.0,202.0,72.0,3.35,1.55,0.266
0,0.2769,Player_021,2024-08-20,2024,R,L,5,Cloudy,83.0,176.0,73.0,3.58,1.78,0.228
0,0.3099,Player_034,2023-09-01,2023,L,R,9,Cloudy,84.0,180.0,70.0,3.45,1.56,0.274
0,0.2486,Player_039,2024-08-23,2024,R,R,7,Cloudy,87.0,216.0,77.0,3.38,1.55,0.247
0,0.1986,Player_032,2023-07-22,2023,L,L,2,Cloudy,63.0,210.0,71.0,3.51,1.54,0.239
0,0.1755,Player_019,2022-06-10,2022,R,L,5,Sunny,90.0,230.0,76.0,3.53,1.78,0.259
0,0.3561,Player_003,2023-05-31,2023,R,R,4,Drizzle,91.0,179.0,76.0,3.48,1.64,0.224
0,0.3173,Player_031,2024-06-04,2024,L,R,9,Sunny,63.0,196.0,71.0,3.64,1.66,0.28
0,0.2835,Player_034,2023-07-19,2023,R,L,4,Drizzle,81.0,200.0,70.0,3.36,1.61,0.282
0,0.2971,Player_018,2024-08-22,2024,R,R,5,Overcast,82.0,219.0,71.0,3.46,1.51,0.289
0,0.2929,Player_022,2022-06-06,2022,L,L,7,Cloudy,90.0,203.0,76.0,3.41,1.52,0.222
0,0.2672,Player_034,2022-07-14,2022,L,R,9,Sunny,58.0,206.0,70.0,3.32,1.5,0.238
1,0.2356,Player_005,2023-06-14,2023,R,L,5,Sunny,64.0,234.0,74.0,3.44,1.66,0.297
0,0.3815,Player_032,2023-07-19,2023,L,R,8,Sunny,89.0,175.0,77.0,3.59,1.56,0.277
0,0.369,Player_020,2024-08-25,2024,L,L,2,Cloudy,56.0,233.0,72.0,3.51,1.62,0.221
0,0.2145,Player_027,2024-06-13,2024,L,R,9,Sunny,74.0,193.0,74.0,3.47,1.64,0.293
0,0.2654,Player_007,2024-06-10,2024,R,R,2,Sunny,66.0,177.0,70.0,3.49,1.66,
0,0.3087,Player_024,2023-05-07,2023,R,L,7,Cloudy,79.0,209.0,77.0,3.43,1.77,0.246
1,0.4117,Player_010,2023-06-29,2023,R,R,5,Sunny,73.0,188.0,74.0,3.35,1.51,0.295
0,0.3747,Player_020,2024-06-21,2024,R,L,6,Sunny,89.0,222.0,75.0,3.54,1.65,0.256
0,0.2243,Player_020,2024-04-28,2024,R,R,1,Cloudy,58.0,224.0,72.0,3.63,1.54,0.265
0,0.3693,Player_038,2024-09-21,2024,R,R,5,Sunny,75.0,201.0,75.0,3.62,1.78,0.306
1,0.3041,Player_026,2023-09-02,2023,L,R,1,Sunny,75.0,225.0,75.0,3.39,1.78,0.235
1,0.3431,Player_022,2024-05-22,2024,L,L,5,Sunny,75.0,187.0,71.0,3.47,1.54,0.277
1,0.3052,Player_016,2022-09-17,2022,R,L,4,Cloudy,58.0,196.0,74.0,3.52,1.54,0.23
0,0.1615,Player_013,2024-05-18,2024,R,L,2,Drizzle,73.0,178.0,70.0,3.62,1.53,0.318
1,0.3185,Player_026,2024-06-14,2024,R,R,5,Sunny,90.0,216.0,75.0,3.38,1.53,0.251
0,0.3204,Player_035,2024-04-23,2024,R,L,2,Cloudy,79.0,221.0,77.0,3.35,1.55,0.311
0,0.2786,Player_022,2022-07-20,2022,R,R,1,Sunny,59.0,224.0,76.0,3.67,1.55,0.257
1,0.2628,Player_026,2024-06-25,2024,R,R,1,Cloudy,83.0,198.0,73.0,3.36,1.55,0.305
0,0.17,Player_013,2022-05-19,2022,R,R,4,Sunny,92.0,229.0,77.0,3.7,1.54,0.296
1,0.3479,Player_022,2023-05-22,2023,L,R,7,Overcast,,217.0,77.0,3.54,1.61,0.243
0,0.2846,Player_022,2024-09-15,2024,L,L,6,Cloudy,58.0,212.0,73.0,3.5,1.58,0.285
0,0.2354,Player_027,2023-08-02,2023,L,R,2,Cloudy,56.0,189.0,72.0,3.38,1.63,0.243
0,0.2472,Player_012,2023-04-28,2023,L,L,4,Sunny,62.0,229.0,71.0,3.64,1.77,0.222
1,0.3108,Player_013,2024-04-24,2024,L,R,6,Overcast,68.0,224.0,74.0,3.37,1.61,0.25
0,0.2409,Player_014,2024-04-12,2024,R,R,3,Sunny,,231.0,73.0,3.46,1.59,
1,0.3002,Player_016,2023-05-15,2023,L,R,2,Cloudy,72.0,197.0,74.0,3.32,1.77,0.238
0,0.1775,Player_011,2023-08-11,2023,L,R,3,Overcast,93.0,210.0,77.0,3.31,1.6,0.283
1,0.3645,Player_007,2024-04-11,2024,L,L,1,Cloudy,58.0,178.0,70.0,3.59,1.54,0.296
0,0.3011,Player_020,2023-05-15,2023,L,R,3,Overcast,85.0,213.0,72.0,3.38,1.69,0.251
0,0.173,Player_034,2022-04-08,2022,R,L,5,Cloudy,85.0,208.0,74.0,3.54,1.58,0.23
0,0.1078,Player_001,2023-07-26,2023,R,R,8,Overcast,93.0,228.0,75.0,3.59,1.66,0.28
0,0.352,Player_026,2024-08-24,2024,R,R,8,Sunny,75.0,222.0,77.0,3.5,1.73,0.233
0,0.2891,Player_032,2022-07-05,2022,R,L,7,Sunny,79.0,239.0,76.0,3.56,1.67,0.22
0,0.3147,Player_032,2022-09-11,2022,L,R,4,Cloudy,55.0,235.0,73.0,3.4,1.74,0.233
0,0.3405,Player_034,2024-08-01,2024,R,R,9,Cloudy,90.0,185.0,74.0,3.63,1.6,0.247
1,0.3303,Player_012,2024-08-15,2024,L,L,9,Cloudy,80.0,238.0,73.0,3.38,1.55,0.288
0,0.3136,Player_004,2023-05-27,2023,L,R,4,Cloudy,83.0,176.0,70.0,3.54,1.62,0.253
1,0.2822,Player_039,2024-09-02,2024,L,R,1,Cloudy,68.0,204.0,75.0,3.63,1.62,0.312
0,0.2508,Player_027,2024-07-22,2024,R,R,4,Sunny,58.0,235.0,76.0,3.62,1.71,0.294
1,0.3095,Player_014,2023-04-16,2023,R,R,5,Sunny,84.0,214.0,76.0,3.32,1.71,0.319
0,0.3978,Player_034,2022-04-15,2022,L,R,7,Drizzle,84.0,239.0,72.0,3.45,1.59,0.287
0,0.2428,Player_014,2023-09-09,2023,R,L,2,Sunny,62.0,211.0,76.0,3.64,1.78,0.222
0,0.4034,Player_029,2024-05-19,2024,L,R,5,Sunny,87.0,219.0,71.0,3.64,1.58,0.235
0,0.3061,Player_038,2024-06-22,2024,R,R,3,Cloudy,55.0,209.0,73.0,3.55,1.8,0.247
0,0.3266,Player_030,2022-08-15,2022,L,R,5,Sunny,81.0,235.0,72.0,3.34,1.51,0.29
0,0.4684,Player_026,2024-08-16,2024,L,R,1,Sunny,58.0,182.0,73.0,3.46,1.7,0.285
1,0.4157,Player_007,2024-04-04,2024,L,R,5,Cloudy,85.0,200.0,77.0,3.68,1.69,0.241
0,0.3975,Player_037,2023-07-20,2023,R,R,1,Sunny,72.0,218.0,73.0,3.34,1.68,0.29
0,0.2442,Player_017,2024-09-11,2024,L,R,8,Drizzle,68.0,207.0,76.0,3.62,1.73,0.248
1,0.4535,Player_024,2024-06-01,2024,L,R,7,Overcast,84.0,237.0,77.0,3.47,1.68,0.287
0,0.2942,Player_024,2024-07-06,2024,L,R,9,Cloudy,87.0,212.0,71.0,3.6,1.68,0.251
0,0.2641,Player_009,2024-05-17,2024,S,R,6,Drizzle,,183.0,77.0,3.32,1.76,0.241
1,0.1289,Player_024,2022-08-08,2022,R,R,9,Sunny,84.0,214.0,70.0,3.3,1.56,0.269
1,0.2728,Player_015,2024-04-21,2024,R,L,2,Sunny,55.0,195.0,74.0,3.42,1.66,0.318
1,0.1942,Player_013,2023-07-03,2023,L,L,1,Cloudy,87.0,205.0,73.0,3.65,1.71,0.285
1,0.3086,Player_034,2024-06-13,2024,S,R,9,Cloudy,78.0,180.0,72.0,3.57,1.59,0.255
0,0.1987,Player_028,2024-07-24,2024,R,R,6,Sunny,61.0,231.0,75.0,3.54,1.57,0.272
0,0.4058,Player_019,2024-06-27,2024,R,R,7,Sunny,74.0,201.0,77.0,3.7,1.54,0.264
0,0.3086,Player_000,2024-09-23,2024,L,L,3,Sunny,80.0,227.0,70.0,3.44,1.58,0.223
1,0.4296,Player_028,2024-09-23,2024,L,L,4,Sunny,86.0,206.0,71.0,3.64,1.7,0.287
1,0.2284,Player_029,2022-05-22,2022,L,R,7,Sunny,75.0,236.0,74.0,3.34,1.68,0.241
0,0.3884,Player_006,2023-04-07,2023,R,R,4,Drizzle,65.0,198.0,70.0,3.37,1.55,0.273
0,0.1238,Player_030,2022-06-28,2022,R,L,1,Overcast,65.0,181.0,72.0,3.49,1.65,0.227
0,0.3146,Player_015,2024-07-15,2024,L,R,3,Cloudy,83.0,205.0,73.0,3.68,1.56,0.299
0,0.2558,Player_029,2023-08-14,2023,L,R,4,Sunny,89.0,177.0,73.0,3.58,1.78,0.222
1,0.2486,Player_033,2023-07-04,2023,R,R,8,Sunny,80.0,227.0,75.0,3.35,1.72,0.252
0,0.2338,Player_028,2022-07-15,2022,L,L,4,Sunny,86.0,234.0,73.0,3.68,1.55,0.258
0,0.216,Player_037,2023-04-05,2023,R,R,5,Cloudy,79.0,188.0,70.0,3.61,1.59,0.297
1,0.1918,Player_003,2023-08-16,2023,R,R,6,Overcast,74.0,178.0,75.0,3.59,1.76,0.317
0,0.249,Player_012,2024-05-29,2024,R,R,2,Sunny,71.0,224.0,72.0,3.52,1.67,
0,0.2781,Player_002,2024-06-08,2024,L,L,6,Drizzle,74.0,219.0,70.0,3.46,1.61,0.234
0,0.3615,Player_006,2023-06-16,2023,R,R,2,Overcast,55.0,226.0,76.0,3.34,1.68,0.282
0,0.3007,Player_014,2024-04-12,2024,R,R,8,Sunny,78.0,212.0,73.0,3.55,1.62,0.242
0,0.3617,Player_000,2022-06-28,2022,R,R,3,Drizzle,62.0,212.0,75.0,3.35,1.77,0.222
0,0.1965,Player_015,2022-06-08,2022,L,R,3,Sunny,91.0,192.0,75.0,3.54,1.76,0.243
0,0.2697,Player_005,2023-05-13,2023,L,R,4,Drizzle,88.0,195.0,70.0,3.52,1.55,0.243
0,0.3498,Player_004,2024-05-14,2024,L,R,4,Cloudy,74.0,216.0,76.0,3.54,1.7,0.275
0,0.274,Player_033,2022-04-07,2022,R,L,6,Sunny,79.0,235.0,71.0,3.63,1.75,0.265
0,0.2397,Player_029,2022-09-07,2022,L,R,7,Sunny,56.0,195.0,75.0,3.46,1.56,0.253
1,0.3354,Player_018,2023-05-23,2023,L,L,9,Cloudy,78.0,198.0,75.0,3.47,1.76,0.249
0,0.2628,Player_022,2022-09-05,2022,L,R,8,Overcast,89.0,213.0,70.0,3.32,1.63,0.247
0,0.2256,Player_011,2023-08-29,2023,R,R,3,Overcast,76.0,178.0,70.0,3.42,1.59,0.306
1,0.3041,Player_019,2023-06-22,2023,L,L,6,Sunny,89.0,217.0,76.0,3.33,1.8,0.266
0,0.2504,Player_031,2024-08-23,2024,R,L,3,Overcast,58.0,183.0,70.0,3.36,1.71,0.305
0,0.2134,Player_020,2023-05-09,2023,R,L,8,Sunny,93.0,219.0,71.0,3.47,1.59,0.32
1,0.261,Player_031,2022-05-03,2022,L,R,1,Sunny,68.0,232.0,77.0,3.46,1.66,0.27
0,0.2051,Player_019,2022-09-09,2022,R,R,9,Sunny,56.0,234.0,70.0,3.67,1.69,0.313
0,0.2723,Player_014,2022-07-26,2022,L,R,4,Overcast,79.0,184.0,74.0,3.35,1.71,0.237
1,0.327,Player_035,2024-08-02,2024,S,L,7,Cloudy,79.0,213.0,72.0,3.36,1.56,0.251
0,0.2671,Player_036,2023-09-14,2023,R,L,7,Sunny,60.0,204.0,73.0,3.6,1.68,0.286
0,0.3171,Player_009,2022-04-03,2022,R,L,4,Cloudy,68.0,206.0,71.0,3.31,1.75,0.244
0,0.3361,Player_018,2024-04-30,2024,L,R,9,Overcast,91.0,219.0,74.0,3.56,1.74,0.279
0,0.2371,Player_030,2024-09-20,2024,R,R,3,Sunny,,239.0,72.0,3.6,1.59,0.31
1,0.1646,Player_010,2022-04-24,2022,R,R,7,Sunny,57.0,212.0,75.0,3.55,1.79,0.317
0,0.2151,Player_029,2022-06-20,2022,R,R,9,Sunny,87.0,211.0,76.0,3.42,1.5,0.273
0,0.233,Player_035,2024-04-03,2024,R,R,2,Sunny,82.0,217.0,73.0,3.34,1.73,0.294
0,0.2276,Player_009,2024-05-28,2024,R,R,9,Sunny,,207.0,70.0,3.7,1.6,0.28
1,0.3687,Player_006,2024-05-01,2024,L,R,9,Overcast,67.0,197.0,75.0,3.64,1.78,0.262
0,0.3679,Player_037,2022-05-17,2022,L,R,4,Sunny,89.0,228.0,73.0,3.59,1.76,0.256
0,0.4348,Player_039,2024-08-24,2024,R,R,8,Overcast,89.0,218.0,75.0,3.37,1.76,0.281
0,0.2465,Player_034,2022-05-20,2022,L,R,1,Drizzle,55.0,211.0,76.0,3.47,1.58,0.255
0,0.3818,Player_024,2023-08-25,2023,L,L,2,Sunny,88.0,175.0,71.0,3.58,1.74,0.295
0,0.3914,Player_003,2024-09-08,2024,R,R,7,Sunny,73.0,192.0,70.0,3.34,1.6,0.233
1,0.2337,Player_036,2024-07-06,2024,R,L,9,Sunny,68.0,192.0,73.0,3.68,1.63,0.292
0,0.3331,Player_007,2022-07-06,2022,L,R,2,Cloudy,68.0,217.0,77.0,3.68,1.77,0.271
0,0.3369,Player_007,2022-05-31,2022,R,L,7,Sunny,73.0,183.0,72.0,3.36,1.72,0.228
0,0.2659,Player_028,2024-07-29,2024,L,L,1,Cloudy,77.0,199.0,73.0,3.38,1.69,0.304
0,0.2405,Player_015,2022-08-24,2022,R,L,8,Overcast,93.0,204.0,76.0,3.45,1.54,0.275
0,0.2561,Player_034,2023-09-03,2023,L,R,9,Overcast,56.0,223.0,76.0,3.48,1.66,0.293
1,0.1148,Player_034,2022-05-06,2022,R,R,5,Cloudy,79.0,184.0,76.0,3.48,1.54,0.232
0,0.2849,Player_032,2022-08-02,2022,R,R,1,Overcast,57.0,214.0,77.0,3.58,1.52,0.236
1,0.2303,Player_033,2024-04-25,2024,R,R,2,Drizzle,55.0,210.0,76.0,3.49,1.78,0.308
0,0.2247,Player_021,2022-06-28,2022,L,R,5,Cloudy,,223.0,71.0,3.37,1.68,0.267
0,0.3096,Player_034,2023-04-17,2023,R,R,8,Sunny,86.0,186.0,73.0,3.4,1.5,0.25
0,0.1684,Player_036,2024-07-08,2024,L,L,5,Overcast,68.0,213.0,76.0,3.46,1.64,0.272
0,0.3564,Player_011,2022-09-01,2022,L,R,5,Overcast,69.0,201.0,74.0,3.51,1.59,0.257
0,0.3139,Player_017,2023-08-26,2023,R,R,6,Cloudy,91.0,191.0,71.0,3.67,1.55,0.317
1,0.272,Player_024,2023-08-07,2023,L,R,9,Cloudy,66.0,179.0,75.0,3.34,1.75,0.24
1,0.2756,Player_034,2024-07-12,2024,R,R,8,Sunny,85.0,199.0,71.0,3.62,1.55,0.273
1,0.1967,Player_015,2024-07-21,2024,R,R,2,Cloudy,88.0,203.0,72.0,3.42,1.55,0.253
1,0.3225,Player_010,2024-04-17,2024,L,L,2,Overcast,80.0,178.0,77.0,3.59,1.57,0.237
0,0.2931,Player_012,2023-08-09,2023,S,R,4,Overcast,93.0,227.0,77.0,3.4,1.71,0.288
0,0.3183,Player_031,2024-07-31,2024,L,R,3,Sunny,94.0,219.0,70.0,3.45,1.56,0.234
0,0.3151,Player_020,2023-04-26,2023,R,R,7,Sunny,57.0,195.0,73.0,3.48,1.6,0.247
1,0.255,Player_010,2023-07-23,2023,L,R,9,Sunny,61.0,178.0,72.0,3.6,1.77,0.269
0,0.1437,Player_028,2022-06-09,2022,R,L,6,Sunny,70.0,220.0,74.0,3.37,1.67,0.262
0,0.337,Player_026,2022-07-01,2022,L,L,9,Overcast,,176.0,76.0,3.44,1.55,0.311
0,0.3182,Player_020,2022-08-25,2022,L,L,4,Sunny,66.0,202.0,76.0,3.51,1.76,0.285
0,0.2325,Player_024,2022-05-28,2022,L,L,7,Overcast,80.0,188.0,71.0,3.56,1.65,0.227
1,0.2786,Player_009,2024-09-12,2024,S,L,7,Cloudy,90.0,190.0,75.0,3.33,1.75,0.234
0,0.3681,Player_007,2024-06-14,2024,R,R,3,Cloudy,55.0,224.0,70.0,3.34,1.52,0.279
0,0.3597,Player_032,2022-07-02,2022,R,R,7,Cloudy,89.0,194.0,74.0,3.59,1.55,0.243
1,0.2405,Player_027,2024-04-05,2024,R,R,5,Overcast,74.0,190.0,74.0,3.45,1.53,0.24
0,0.1758,Player_039,2024-04-21,2024,R,R,6,Sunny,91.0,194.0,73.0,3.37,1.64,0.319
0,0.1578,Player_037,2023-05-21,2023,R,L,3,Sunny,82.0,184.0,77.0,3.41,1.62,0.291
0,0.2782,Player_014,2024-09-23,2024,L,R,3,Cloudy,56.0,223.0,75.0,3.54,1.62,0.25
0,0.3524,Player_018,2024-05-16,2024,R,L,8,Sunny,91.0,207.0,77.0,3.68,1.61,0.223
0,0.229,Player_033,2023-06-11,2023,R,R,6,Sunny,57.0,188.0,73.0,3.59,1.63,0.3
0,0.2283,Player_000,2022-09-01,2022,L,L,2,Drizzle,65.0,195.0,73.0,3.62,1.61,0.278
0,0.2568,Player_034,2022-05-28,2022,L,R,5,Cloudy,77.0,238.0,74.0,3.54,1.55,0.251
0,0.2428,Player_006,2024-08-24,2024,R,R,6,Sunny,91.0,212.0,71.0,3.45,1.67,0.273
0,0.2992,Player_010,2022-04-22,2022,L,R,8,Cloudy,61.0,219.0,76.0,3.68,1.76,
1,0.1904,Player_019,2022-04-24,2022,R,R,8,Sunny,76.0,230.0,72.0,3.33,1.8,0.226
0,0.3759,Player_028,2022-04-03,2022,L,R,6,Sunny,,201.0,70.0,3.62,1.54,0.293
0,0.2599,Player_014,2023-04-23,2023,L,L,1,Sunny,68.0,197.0,73.0,3.4,1.62,0.306
0,0.4535,Player_037,2023-07-18,2023,R,R,5,Sunny,65.0,239.0,75.0,3.54,1.57,0.272
0,0.2179,Player_031,2024-04-16,2024,L,R,2,Sunny,72.0,211.0,74.0,3.69,1.67,0.316
1,0.4113,Player_029,2023-07-20,2023,L,R,1,Cloudy,83.0,189.0,70.0,3.64,1.61,0.243
0,0.3774,Player_030,2024-07-16,2024,R,R,9,Sunny,83.0,230.0,70.0,3.64,1.76,0.292
0,0.2512,Player_001,2023-05-13,2023,R,R,2,Sunny,81.0,224.0,75.0,3.63,1.78,0.262
0,0.2723,Player_032,2023-04-07,2023,L,R,3,Sunny,56.0,201.0,77.0,3.48,1.6,0.258
1,0.2355,Player_024,2022-04-30,2022,L,R,4,Sunny,86.0,192.0,71.0,3.46,1.61,0.284
0,0.1863,Player_007,2022-04-26,2022,R,L,5,Cloudy,80.0,217.0,77.0,3.51,1.66,0.281
1,0.25,Player_031,2024-07-04,2024,S,L,6,Sunny,57.0,210.0,73.0,3.41,1.69,0.257
0,0.2514,Player_004,2024-09-14,2024,R,L,3,Cloudy,92.0,190.0,71.0,3.49,1.73,0.258
0,0.1878,Player_024,2023-06-18,2023,L,R,8,Sunny,85.0,178.0,72.0,3.35,1.53,0.268
0,0.4305,Player_022,2024-07-23,2024,L,L,2,Sunny,82.0,228.0,77.0,3.66,1.52,0.319
0,0.2518,Player_001,2024-05-24,2024,L,L,9,Cloudy,74.0,230.0,72.0,3.59,1.7,0.3
0,0.2746,Player_014,2022-04-17,2022,L,L,8,Cloudy,86.0,233.0,76.0,3.32,1.64,0.257
0,0.2362,Player_004,2023-05-10,2023,R,R,6,Cloudy,67.0,198.0,75.0,3.56,1.7,0.256
0,0.2513,Player_037,2024-06-25,2024,L,L,1,Sunny,83.0,220.0,76.0,3.6,1.59,0.31
0,0.2249,Player_032,2024-09-01,2024,R,L,7,Sunny,79.0,212.0,73.0,3.64,1.55,0.298
0,0.2798,Player_039,2022-05-15,2022,R,R,7,Cloudy,79.0,192.0,70.0,3.43,1.53,0.285
0,0.249,Player_019,2022-09-25,2022,R,L,6,Drizzle,86.0,235.0,73.0,3.55,1.74,0.291
0,0.3563,Player_013,2023-07-24,2023,L,R,3,Sunny,61.0,196.0,77.0,3.41,1.62,0.226
0,0.2959,Player_038,2022-06-04,2022,R,R,4,Cloudy,59.0,176.0,77.0,3.64,1.52,0.229
0,0.3293,Player_012,2022-07-22,2022,R,R,4,Sunny,77.0,185.0,73.0,3.65,1.57,0.252
0,0.2793,Player_016,2023-08-04,2023,R,R,6,Drizzle,87.0,237.0,70.0,3.33,1.76,0.267
0,0.3162,Player_005,2023-08-02,2023,L,R,3,Sunny,65.0,179.0,71.0,3.41,1.64,0.291
0,0.2531,Player_032,2022-09-03,2022,L,L,4,Sunny,77.0,209.0,73.0,3.34,1.76,0.298
0,0.3202,Player_004,2023-07-29,2023,R,L,9,Sunny,93.0,206.0,77.0,3.46,1.78,0.308
0,0.2926,Player_001,2022-04-05,2022,L,L,5,Cloudy,79.0,225.0,74.0,3.3,1.52,0.247
1,0.2589,Player_033,2023-06-07,2023,L,L,6,Cloudy,58.0,228.0,73.0,3.61,1.78,0.295
0,0.2668,Player_033,2024-09-10,2024,R,R,9,Cloudy,90.0,205.0,76.0,3.47,1.61,0.319
0,0.2424,Player_034,2024-05-07,2024,R,L,9,Cloudy,94.0,216.0,71.0,3.51,1.71,0.241
0,0.2521,Player_034,2022-06-29,2022,S,L,6,Sunny,83.0,228.0,72.0,3.6,1.62,0.227
1,0.2961,Player_005,2024-06-29,2024,L,R,3,Sunny,79.0,227.0,75.0,3.58,1.68,0.31
0,0.2409,Player_014,2024-07-09,2024,R,R,1,Overcast,78.0,232.0,73.0,3.43,1.7,0.233
1,0.3235,Player_030,2023-09-04,2023,L,L,8,Sunny,79.0,220.0,74.0,3.61,1.54,0.292
0,0.308,Player_012,2024-07-06,2024,R,L,5,Sunny,68.0,199.0,76.0,3.56,1.63,0.259
0,0.3749,Player_031,2022-04-01,2022,R,L,6,Sunny,80.0,211.0,75.0,3.39,1.56,0.256
0,0.2277,Player_036,2022-05-14,2022,L,L,9,Sunny,75.0,221.0,74.0,3.31,1.54,0.314
0,0.3467,Player_038,2024-07-22,2024,L,R,4,Sunny,86.0,194.0,70.0,3.6,1.68,0.255
1,0.1664,Player_031,2023-08-19,2023,L,R,1,Cloudy,88.0,239.0,76.0,3.37,1.7,0.261
0,0.338,Player_031,2023-07-26,2023,S,R,7,Cloudy,83.0,203.0,70.0,3.35,1.58,0.222
0,0.178,Player_023,2022-08-10,2022,R,R,9,Sunny,94.0,224.0,70.0,3.47,1.5,0.238
1,0.2111,Player_003,2022-05-14,2022,R,R,2,Sunny,72.0,207.0,71.0,3.67,1.79,0.256
0,0.3033,Player_017,2022-04-18,2022,R,R,9,Overcast,85.0,237.0,72.0,3.59,1.64,0.287
1,0.2065,Player_038,2022-09-18,2022,R,L,5,Overcast,68.0,218.0,76.0,3.62,1.7,0.226
0,0.1969,Player_036,2024-07-10,2024,R,L,6,Overcast,86.0,222.0,74.0,3.41,1.52,0.255
0,0.2661,Player_009,2022-08-11,2022,L,R,9,Sunny,65.0,225.0,77.0,3.63,1.69,0.257
0,0.3511,Player_029,2024-09-19,2024,L,R,3,Drizzle,82.0,196.0,70.0,3.47,1.73,0.299
0,0.1847,Player_012,2022-05-03,2022,R,L,7,Overcast,55.0,197.0,77.0,3.69,1.51,0.247
0,0.2462,Player_016,2023-09-04,2023,R,L,1,Sunny,85.0,228.0,73.0,3.53,1.66,0.309
0,0.2735,Player_025,2024-06-04,2024,L,R,7,Cloudy,66.0,205.0,74.0,3.54,1.54,0.314
0,0.3074,Player_019,2022-07-22,2022,R,L,1,Sunny,64.0,218.0,70.0,3.67,1.54,0.242
0,0.3394,Player_024,2022-06-09,2022,R,R,1,Cloudy,68.0,208.0,75.0,3.68,1.68,0.258
1,0.1515,Player_003,2024-05-05,2024,R,R,4,Overcast,71.0,177.0,74.0,3.31,1.69,0.293
0,0.3532,Player_011,2022-09-06,2022,R,R,4,Sunny,60.0,205.0,75.0,3.39,1.67,
0,0.2272,Player_032,2022-06-02,2022,L,L,8,Sunny,77.0,186.0,77.0,3.55,1.65,0.303
0,0.2865,Player_024,2024-04-04,2024,L,L,9,Sunny,59.0,180.0,71.0,3.3,1.64,0.317
1,0.2343,Player_033,2023-04-28,2023,L,R,9,Cloudy,76.0,191.0,77.0,3.43,1.64,0.283
1,0.306,Player_038,2024-09-20,2024,R,R,6,Cloudy,69.0,194.0,73.0,3.38,1.6,0.236
1,0.4286,Player_014,2022-08-26,2022,R,L,2,Sunny,78.0,223.0,72.0,3.51,1.58,0.22
1,0.2589,Player_010,2022-07-29,2022,R,L,7,Drizzle,61.0,191.0,75.0,3.54,1.58,0.261
0,0.2678,Player_012,2023-08-19,2023,L,R,5,Sunny,93.0,226.0,70.0,3.38,1.77,0.243
0,0.2837,Player_022,2024-07-25,2024,L,R,5,Sunny,55.0,188.0,75.0,3.51,1.58,0.297
0,0.1772,Player_010,2022-09-11,2022,R,R,5,Sunny,89.0,228.0,77.0,3.46,1.61,0.267
1,0.3814,Player_015,2024-04-17,2024,R,R,8,Overcast,69.0,209.0,71.0,3.7,1.65,0.283
0,0.3219,Player_006,2024-04-11,2024,L,R,4,Overcast,,179.0,74.0,3.33,1.72,0.281
0,0.2266,Player_015,2023-08-04,2023,L,R,9,Overcast,,182.0,76.0,3.64,1.73,0.224
1,0.1789,Player_037,2023-09-21,2023,R,L,5,Overcast,88.0,179.0,74.0,3.7,1.72,0.291
1,0.3011,Player_016,2023-07-14,2023,L,R,7,Sunny,77.0,201.0,77.0,3.52,1.59,0.303
1,0.3452,Player_030,2024-09-20,2024,R,R,9,Sunny,86.0,194.0,76.0,3.57,1.55,0.267
0,0.1894,Player_017,2022-06-12,2022,L,L,8,Cloudy,81.0,178.0,72.0,3.35,1.75,0.278
0,0.3779,Player_017,2024-07-30,2024,L,R,4,Sunny,82.0,219.0,73.0,3.44,1.76,0.234
0,0.2736,Player_026,2023-07-01,2023,R,R,2,Cloudy,,230.0,75.0,3.37,1.77,0.286
0,0.2049,Player_004,2024-09-05,2024,L,L,2,Sunny,65.0,229.0,73.0,3.53,1.76,0.314
0,0.2673,Player_014,2024-07-25,2024,L,R,4,Sunny,88.0,184.0,73.0,3.68,1.61,0.291
0,0.4224,Player_005,2022-06-18,2022,L,R,6,Sunny,89.0,231.0,76.0,3.31,1.55,0.221
1,0.2028,Player_007,2023-05-15,2023,L,R,8,Sunny,83.0,202.0,70.0,3.5,1.7,0.251
0,0.2488,Player_028,2023-05-27,2023,L,R,1,Drizzle,66.0,188.0,73.0,3.59,1.69,0.315
0,0.3667,Player_006,2023-04-14,2023,L,R,5,Sunny,71.0,183.0,73.0,3.47,1.57,0.287
1,0.3152,Player_008,2024-04-27,2024,L,R,9,Drizzle,83.0,224.0,75.0,3.52,1.69,0.252
0,0.2446,Player_022,2022-07-01,2022,L,R,8,Sunny,62.0,191.0,77.0,3.48,1.8,0.28
0,0.3475,Player_013,2023-04-06,2023,R,R,9,Overcast,59.0,216.0,77.0,3.54,1.55,0.236
0,0.3509,Player_004,2024-06-23,2024,R,R,9,Cloudy,71.0,211.0,72.0,3.33,1.61,0.312
0,0.3232,Player_038,2024-04-07,2024,L,R,1,Sunny,76.0,235.0,73.0,3.52,1.62,0.259
1,0.2571,Player_036,2022-04-30,2022,L,R,7,Sunny,90.0,221.0,70.0,3.5,1.56,0.239
0,0.2479,Player_023,2024-08-02,2024,R,R,5,Sunny,67.0,225.0,77.0,3.37,1.74,0.227
0,0.2699,Player_020,2022-04-06,2022,R,L,5,Overcast,63.0,207.0,72.0,3.51,1.71,0.223
1,0.1882,Player_032,2023-05-31,2023,R,R,8,Sunny,83.0,209.0,72.0,3.49,1.57,0.285
0,0.3929,Player_038,2022-05-05,2022,L,R,9,Sunny,90.0,184.0,73.0,3.54,1.76,0.288
1,0.419,Player_004,2023-04-10,2023,L,R,5,Cloudy,89.0,225.0,77.0,3.53,1.63,0.286
0,0.2835,Player_003,2022-05-08,2022,L,R,6,Cloudy,80.0,223.0,77.0,3.46,1.67,0.251
1,0.3249,Player_013,2022-04-21,2022,L,R,5,Sunny,55.0,195.0,72.0,3.61,1.71,0.299
0,0.333,Player_012,2023-04-15,2023,R,L,6,Sunny,81.0,184.0,75.0,3.44,1.76,0.304
0,0.4069,Player_035,2024-07-28,2024,L,L,9,Cloudy,59.0,226.0,71.0,3.49,1.57,0.28
1,0.409,Player_020,2023-04-23,2023,L,R,8,Sunny,,225.0,73.0,3.47,1.68,0.282
1,0.1785,Player_032,2024-09-15,2024,L,R,3,Cloudy,92.0,225.0,75.0,3.49,1.7,0.239
0,0.2579,Player_026,2024-06-26,2024,R,R,8,Sunny,79.0,176.0,74.0,3.62,1.77,0.306
0,0.335,Player_028,2023-06-13,2023,L,R,5,Drizzle,64.0,230.0,77.0,3.58,1.73,0.228
0,0.2454,Player_038,2022-09-05,2022,R,R,6,Cloudy,66.0,198.0,74.0,3.32,1.77,0.3
1,0.4248,Player_023,2022-08-18,2022,L,R,2,Cloudy,84.0,190.0,76.0,3.5,1.52,0.262
1,0.3941,Player_031,2023-06-15,2023,R,R,5,Overcast,85.0,209.0,73.0,3.35,1.63,0.23
0,0.2429,Player_010,2024-09-22,2024,L,R,3,Drizzle,87.0,230.0,75.0,3.59,1.59,0.226
0,0.2686,Player_010,2022-07-05,2022,R,R,1,Overcast,59.0,227.0,76.0,3.69,1.65,0.319
0,0.2275,Player_023,2024-08-05,2024,R,R,8,Cloudy,84.0,185.0,77.0,3.55,1.74,0.277
1,0.2663,Player_036,2024-09-21,2024,S,R,2,Overcast,93.0,238.0,72.0,3.45,1.65,0.264
0,0.2342,Player_002,2024-08-08,2024,R,L,7,Sunny,56.0,225.0,74.0,3.33,1.51,0.313
0,0.3168,Player_020,2022-07-16,2022,R,L,7,Overcast,72.0,235.0,75.0,3.43,1.7,0.266
1,0.1878,Player_008,2024-07-19,2024,R,L,6,Cloudy,84.0,235.0,77.0,3.51,1.5,0.305
0,0.0968,Player_035,2023-07-27,2023,R,R,8,Cloudy,76.0,209.0,70.0,3.65,1.53,0.305
0,0.1877,Player_020,2023-09-23,2023,L,R,2,Overcast,93.0,177.0,70.0,3.51,1.72,0.295
0,0.208,Player_001,2024-08-04,2024,R,R,1,Cloudy,82.0,179.0,70.0,3.69,1.75,0.23
0,0.2341,Player_000,2022-05-24,2022,R,R,8,Cloudy,69.0,215.0,71.0,3.45,1.6,0.315
1,0.2631,Player_025,2024-04-03,2024,R,L,2,Drizzle,79.0,180.0,72.0,3.3,1.67,0.283
0,0.2044,Player_009,2023-08-19,2023,R,R,3,Cloudy,83.0,217.0,72.0,3.55,1.66,0.261
0,0.2152,Player_001,2024-06-26,2024,L,R,7,Sunny,86.0,181.0,70.0,3.39,1.52,0.297
0,0.1849,Player_006,2024-06-13,2024,R,L,5,Sunny,66.0,227.0,77.0,3.4,1.66,0.227
0,0.1919,Player_006,2023-09-16,2023,L,L,2,Cloudy,91.0,192.0,76.0,3.31,1.5,0.238
0,0.2312,Player_013,2022-04-28,2022,L,L,3,Sunny,94.0,181.0,71.0,3.51,1.75,0.288
0,0.2382,Player_028,2022-04-07,2022,R,R,8,Cloudy,63.0,197.0,73.0,3.4,1.72,0.283
0,0.3182,Player_034,2024-08-11,2024,L,L,5,Overcast,63.0,234.0,73.0,3.7,1.59,0.272
0,0.2307,Player_021,2023-09-14,2023,L,R,9,Sunny,70.0,210.0,76.0,3.63,1.58,0.287
1,0.275,Player_037,2024-08-27,2024,L,R,6,Drizzle,67.0,239.0,70.0,3.59,1.56,0.315
0,0.2618,Player_031,2023-09-04,2023,L,R,6,Cloudy,62.0,191.0,76.0,3.44,1.79,0.233
1,0.3566,Player_006,2023-09-03,2023,L,R,4,Drizzle,61.0,218.0,70.0,3.33,1.75,0.254
0,0.2592,Player_029,2024-08-01,2024,L,L,1,Sunny,83.0,187.0,74.0,3.57,1.75,0.249
0,0.3535,Player_009,2024-09-12,2024,R,R,5,Sunny,93.0,202.0,74.0,3.31,1.64,0.314
1,0.2193,Player_038,2023-06-01,2023,L,R,7,Cloudy,58.0,199.0,71.0,3.48,1.74,0.239
0,0.2765,Player_033,2022-08-13,2022,R,R,4,Overcast,77.0,216.0,70.0,3.32,1.68,0.257
1,0.2097,Player_002,2024-04-16,2024,R,L,8,Drizzle,66.0,218.0,73.0,3.52,1.59,0.311
0,0.1942,Player_006,2024-07-03,2024,R,R,7,Overcast,64.0,178.0,77.0,3.52,1.63,0.287
0,0.2953,Player_017,2023-05-23,2023,L,R,5,Sunny,77.0,220.0,74.0,3.51,1.62,0.223
0,0.3713,Player_029,2023-09-16,2023,R,L,5,Sunny,60.0,223.0,77.0,3.59,1.61,0.316
0,0.1903,Player_022,2022-06-18,2022,R,L,3,Cloudy,58.0,199.0,72.0,3.39,1.57,0.226
0,0.2411,Player_003,2023-05-08,2023,R,L,8,Sunny,89.0,179.0,74.0,3.4,1.62,0.272
0,0.1881,Player_025,2022-07-12,2022,R,R,1,Drizzle,72.0,202.0,76.0,3.47,1.68,0.244
0,0.1779,Player_025,2022-04-14,2022,R,R,1,Cloudy,57.0,195.0,73.0,3.58,1.56,0.283
0,0.2249,Player_037,2024-04-22,2024,R,R,8,Overcast,90.0,226.0,77.0,3.35,1.54,0.248
1,0.2685,Player_010,2023-06-17,2023,L,R,1,Drizzle,80.0,184.0,77.0,3.65,1.71,0.302
0,0.2516,Player_001,2024-07-22,2024,R,R,5,Sunny,84.0,194.0,74.0,3.4,1.66,0.277
1,0.2842,Player_029,2023-07-14,2023,L,R,2,Sunny,,222.0,73.0,3.35,1.61,0.251
0,0.1346,Player_028,2022-04-10,2022,R,L,7,Cloudy,73.0,236.0,71.0,3.54,1.77,0.307
0,0.2062,Player_020,2023-08-01,2023,R,L,2,Overcast,85.0,213.0,71.0,3.41,1.64,0.298
0,0.3351,Player_027,2022-04-11,2022,L,R,3,Cloudy,68.0,175.0,77.0,3.46,1.6,0.269
1,0.1849,Player_007,2024-08-24,2024,R,R,5,Sunny,82.0,220.0,72.0,3.32,1.56,0.269
0,0.2751,Player_005,2024-04-07,2024,L,R,4,Cloudy,90.0,177.0,77.0,3.49,1.6,0.267
1,0.3005,Player_016,2024-04-04,2024,R,R,2,Sunny,88.0,179.0,72.0,3.42,1.58,0.274
0,0.2452,Player_035,2024-07-02,2024,L,R,1,Sunny,77.0,218.0,72.0,3.37,1.76,0.306
0,0.2739,Player_020,2024-08-22,2024,R,L,1,Drizzle,56.0,199.0,74.0,3.45,1.77,0.227
1,0.1935,Player_025,2024-08-15,2024,L,R,2,Sunny,55.0,176.0,72.0,3.61,1.62,0.259
1,0.3122,Player_039,2023-07-18,2023,S,L,3,Sunny,72.0,201.0,73.0,3.61,1.58,0.295
0,0.3056,Player_012,2024-05-02,2024,R,R,2,Sunny,81.0,199.0,73.0,3.44,1.54,0.316
1,0.2839,Player_019,2023-09-19,2023,R,R,5,Overcast,58.0,214.0,76.0,3.69,1.71,0.235
0,0.3287,Player_027,2022-04-04,2022,R,L,8,Sunny,71.0,236.0,76.0,3.35,1.76,0.224
1,0.2269,Player_006,2024-06-01,2024,R,L,7,Sunny,71.0,181.0,75.0,3.64,1.62,0.301
0,0.2368,Player_016,2024-08-13,2024,R,R,3,Sunny,73.0,218.0,77.0,3.69,1.76,0.317
0,0.3961,Player_022,2022-07-21,2022,L,R,4,Cloudy,,217.0,72.0,3.53,1.57,0.291
0,0.4089,Player_012,2024-08-20,2024,R,R,7,Sunny,,238.0,75.0,3.32,1.68,0.275
1,0.2215,Player_008,2022-08-16,2022,L,L,9,Overcast,,200.0,73.0,3.67,1.52,0.243
0,0.272,Player_017,2024-09-16,2024,R,R,5,Overcast,,185.0,73.0,3.47,1.67,0.316
0,0.3732,Player_035,2024-07-01,2024,L,R,2,Cloudy,91.0,233.0,75.0,3.37,1.69,0.292
0,0.2745,Player_016,2023-08-26,2023,R,R,8,Sunny,67.0,178.0,72.0,3.66,1.69,0.289
1,0.3216,Player_033,2024-04-28,2024,R,R,5,Cloudy,91.0,204.0,71.0,3.47,1.73,0.308
0,0.3346,Player_027,2024-05-01,2024,R,R,1,Sunny,93.0,217.0,73.0,3.5,1.53,0.308
0,0.2406,Player_005,2024-04-08,2024,R,R,3,Sunny,67.0,181.0,70.0,3.53,1.58,
0,0.3093,Player_036,2024-05-06,2024,R,R,5,Overcast,71.0,194.0,74.0,3.66,1.71,0.222
0,0.2796,Player_023,2024-04-20,2024,R,R,8,Sunny,,181.0,75.0,3.5,1.68,0.242
0,0.1948,Player_022,2023-08-27,2023,R,R,8,Sunny,73.0,229.0,71.0,3.66,1.78,0.311
0,0.2107,Player_027,2024-06-28,2024,R,R,2,Sunny,83.0,191.0,73.0,3.37,1.74,0.273
1,0.2343,Player_001,2023-06-19,2023,R,R,7,Sunny,65.0,214.0,72.0,3.55,1.64,0.285
0,0.335,Player_010,2023-07-25,2023,L,L,9,Sunny,93.0,190.0,70.0,3.51,1.66,0.255
0,0.3373,Player_031,2022-06-04,2022,L,L,8,Sunny,82.0,220.0,71.0,3.43,1.7,0.262
0,0.3525,Player_025,2023-07-12,2023,L,R,7,Overcast,58.0,226.0,73.0,3.39,1.5,0.25
0,0.3108,Player_015,2024-03-31,2024,R,R,8,Sunny,64.0,177.0,74.0,3.33,1.61,0.314
0,0.3289,Player_018,2024-08-06,2024,L,R,6,Sunny,79.0,221.0,74.0,3.4,1.54,
1,0.2994,Player_024,2024-09-03,2024,R,R,6,Drizzle,66.0,217.0,70.0,3.57,1.57,0.304
0,0.3085,Player_019,2022-04-08,2022,R,R,5,Cloudy,71.0,179.0,70.0,3.41,1.75,0.236
0,0.3333,Player_018,2023-04-15,2023,L,R,9,Overcast,80.0,192.0,70.0,3.59,1.66,0.252
1,0.1817,Player_022,2023-04-25,2023,R,R,4,Sunny,68.0,230.0,76.0,3.65,1.76,0.238
0,0.1947,Player_011,2022-07-19,2022,R,L,7,Sunny,91.0,203.0,75.0,3.58,1.77,
0,0.228,Player_022,2023-08-16,2023,L,R,1,Sunny,79.0,181.0,73.0,3.62,1.74,0.287
0,0.3475,Player_027,2023-08-27,2023,L,L,4,Overcast,71.0,216.0,70.0,3.53,1.73,0.234
0,0.4158,Player_028,2024-08-18,2024,L,R,9,Overcast,66.0,226.0,70.0,3.68,1.55,0.274
0,0.1482,Player_024,2022-07-13,2022,L,R,3,Sunny,,203.0,73.0,3.61,1.58,0.22
1,0.4095,Player_018,2024-08-04,2024,L,R,8,Sunny,56.0,182.0,76.0,3.43,1.71,0.318
0,0.2561,Player_026,2024-05-20,2024,R,L,5,Sunny,58.0,183.0,70.0,3.59,1.59,0.224
0,0.3709,Player_028,2024-08-12,2024,L,R,2,Sunny,86.0,199.0,74.0,3.57,1.61,0.295
0,0.3055,Player_012,2022-05-03,2022,L,L,1,Sunny,85.0,206.0,74.0,3.6,1.78,0.307
0,0.3808,Player_019,2022-09-21,2022,R,R,2,Drizzle,58.0,223.0,77.0,3.43,1.71,0.32
0,0.2647,Player_027,2024-04-07,2024,R,L,5,Sunny,77.0,219.0,72.0,3.5,1.53,0.285
0,0.1846,Player_026,2022-09-17,2022,R,R,3,Sunny,68.0,191.0,72.0,3.65,1.72,0.281
0,0.2726,Player_019,2022-06-22,2022,R,R,9,Cloudy,82.0,219.0,74.0,3.69,1.74,0.276
1,0.2861,Player_010,2024-07-25,2024,R,L,7,Sunny,78.0,182.0,73.0,3.44,1.77,0.296
1,0.2549,Player_036,2024-04-28,2024,L,L,2,Drizzle,86.0,186.0,71.0,3.49,1.71,0.307
0,0.326,Player_021,2024-05-27,2024,S,R,5,Sunny,79.0,226.0,75.0,3.43,1.53,0.273
0,0.2454,Player_021,2022-09-03,2022,R,L,7,Overcast,62.0,233.0,77.0,3.59,1.73,0.292
0,0.2083,Player_018,2023-04-03,2023,S,L,6,Sunny,81.0,219.0,77.0,3.32,1.7,0.316
0,0.224,Player_030,2024-05-04,2024,L,R,1,Sunny,88.0,204.0,70.0,3.68,1.64,0.231
0,0.2526,Player_012,2023-07-23,2023,R,R,1,Cloudy,94.0,232.0,76.0,3.52,1.73,0.279
0,0.2943,Player_037,2022-08-23,2022,R,R,6,Overcast,83.0,197.0,75.0,3.41,1.66,
1,0.1628,Player_002,2022-06-17,2022,L,R,9,Sunny,71.0,216.0,75.0,3.31,1.78,0.264
0,0.2254,Player_000,2023-04-16,2023,R,R,1,Sunny,75.0,219.0,73.0,3.52,1.78,0.293
0,0.1402,Player_020,2022-04-27,2022,R,R,2,Sunny,60.0,179.0,76.0,3.53,1.57,0.258
0,0.2568,Player_034,2024-09-07,2024,L,R,2,Sunny,80.0,237.0,74.0,3.58,1.63,0.23
0,0.3638,Player_000,2022-05-09,2022,R,R,3,Overcast,60.0,216.0,70.0,3.51,1.56,0.303
0,0.197,Player_027,2022-07-14,2022,R,R,9,Drizzle,65.0,190.0,71.0,3.51,1.6,0.244
0,0.3492,Player_015,2024-09-15,2024,L,R,9,Cloudy,75.0,228.0,75.0,3.42,1.57,0.27
1,0.4794,Player_000,2024-06-06,2024,R,R,3,Sunny,74.0,199.0,73.0,3.38,1.65,0.235
1,0.3717,Player_014,2024-04-11,2024,L,L,7,Cloudy,70.0,180.0,74.0,3.4,1.5,0.319
1,0.3093,Player_025,2024-08-24,2024,L,R,1,Cloudy,80.0,218.0,76.0,3.45,1.74,0.258
0,0.3101,Player_025,2022-08-20,2022,R,L,5,Sunny,91.0,183.0,72.0,3.61,1.55,0.302
0,0.1841,Player_033,2023-07-27,2023,R,R,6,Sunny,91.0,213.0,77.0,3.35,1.58,0.258
0,0.1599,Player_039,2022-09-10,2022,L,L,8,Cloudy,,219.0,71.0,3.56,1.55,0.255
0,0.282,Player_002,2023-08-18,2023,S,R,8,Overcast,77.0,185.0,73.0,3.32,1.61,0.244
0,0.3079,Player_034,2024-08-01,2024,R,R,1,Sunny,73.0,226.0,72.0,3.32,1.52,0.26
1,0.3766,Player_000,2024-05-30,2024,L,R,4,Overcast,90.0,204.0,75.0,3.41,1.76,0.308
0,0.2102,Player_039,2022-04-12,2022,R,L,1,Overcast,89.0,197.0,70.0,3.44,1.62,0.286
0,0.2835,Player_030,2023-08-09,2023,L,L,1,Drizzle,57.0,181.0,72.0,3.38,1.78,0.225
0,0.2911,Player_038,2024-08-30,2024,S,R,2,Drizzle,86.0,222.0,72.0,3.65,1.51,0.274
0,0.2408,Player_002,2023-08-04,2023,R,L,9,Sunny,56.0,185.0,75.0,3.42,1.55,0.27
0,0.2749,Player_002,2022-07-27,2022,R,R,3,Sunny,83.0,185.0,70.0,3.49,1.75,0.289
0,0.2402,Player_039,2023-08-08,2023,L,R,7,Overcast,68.0,192.0,75.0,3.7,1.64,0.296
0,0.2696,Player_011,2023-05-20,2023,R,L,7,Overcast,76.0,203.0,75.0,3.4,1.52,0.277
0,0.3137,Player_015,2023-04-22,2023,L,R,8,Sunny,86.0,232.0,75.0,3.55,1.51,0.308
1,0.2692,Player_011,2023-07-23,2023,L,R,5,Cloudy,64.0,223.0,74.0,3.6,1.77,0.284
0,0.3166,Player_006,2023-09-17,2023,L,L,9,Overcast,60.0,222.0,75.0,3.41,1.58,0.254
0,0.3519,Player_002,2023-04-25,2023,R,R,4,Sunny,77.0,187.0,71.0,3.32,1.62,0.258
0,0.3174,Player_005,2023-04-13,2023,L,L,8,Sunny,88.0,217.0,74.0,3.62,1.77,0.306
0,0.207,Player_033,2022-08-06,2022,R,R,8,Sunny,59.0,197.0,75.0,3.42,1.7,0.246
0,0.287,Player_001,2022-06-16,2022,R,R,5,Sunny,70.0,205.0,71.0,3.43,1.73,0.234
0,0.2362,Player_035,2023-09-10,2023,L,R,3,Cloudy,76.0,215.0,71.0,3.47,1.64,0.295
0,0.3068,Player_008,2024-06-23,2024,L,R,2,Sunny,64.0,185.0,72.0,3.32,1.71,0.263
0,0.2065,Player_024,2024-07-02,2024,L,L,1,Overcast,89.0,197.0,73.0,3.64,1.68,0.243
0,0.3694,Player_010,2022-04-12,2022,R,R,5,Sunny,78.0,200.0,70.0,3.65,1.55,0.303
0,0.3348,Player_035,2023-09-19,2023,R,R,4,Overcast,75.0,231.0,77.0,3.65,1.67,0.238
0,0.3807,Player_001,2023-05-30,2023,L,R,2,Sunny,60.0,237.0,75.0,3.37,1.78,0.293
1,0.3536,Player_028,2023-06-18,2023,R,R,7,Overcast,57.0,237.0,76.0,3.69,1.6,0.254
0,0.2811,Player_037,2024-07-22,2024,L,R,2,Sunny,61.0,209.0,76.0,3.56,1.65,0.291
0,0.2502,Player_017,2024-09-01,2024,R,R,5,Cloudy,56.0,216.0,74.0,3.54,1.62,0.297
0,0.4019,Player_018,2022-08-22,2022,R,R,4,Sunny,76.0,221.0,76.0,3.59,1.71,0.236
0,0.2684,Player_005,2023-08-18,2023,R,R,9,Cloudy,89.0,225.0,74.0,3.6,1.69,0.302
0,0.1852,Player_035,2023-04-20,2023,R,R,1,Sunny,,218.0,76.0,3.47,1.64,0.282
0,0.3505,Player_038,2023-04-16,2023,R,R,8,Sunny,63.0,233.0,70.0,3.53,1.51,0.306
0,0.3101,Player_019,2022-08-28,2022,L,R,7,Cloudy,62.0,199.0,76.0,3.53,1.58,0.223
1,0.3754,Player_027,2023-09-12,2023,L,L,8,Sunny,76.0,220.0,73.0,3.3,1.59,0.296
0,0.317,Player_030,2022-07-22,2022,L,R,8,Drizzle,86.0,214.0,73.0,3.3,1.72,0.319
1,0.2486,Player_014,2024-09-10,2024,R,L,7,Cloudy,86.0,225.0,72.0,3.49,1.62,0.29
1,0.3868,Player_000,2024-05-27,2024,R,R,4,Sunny,75.0,235.0,73.0,3.52,1.61,0.312
0,0.1423,Player_005,2023-06-03,2023,R,L,6,Drizzle,65.0,180.0,73.0,3.58,1.63,0.261
0,0.209,Player_035,2024-04-30,2024,R,L,4,Sunny,74.0,230.0,72.0,3.6,1.63,0.29
0,0.2379,Player_031,2024-08-20,2024,L,R,9,Overcast,84.0,228.0,77.0,3.53,1.72,0.277
1,0.1263,Player_003,2023-07-30,2023,R,R,3,Sunny,90.0,231.0,74.0,3.41,1.7,0.254
0,0.3611,Player_032,2024-05-10,2024,L,R,6,Cloudy,58.0,192.0,76.0,3.55,1.73,0.282
0,0.261,Player_035,2024-09-26,2024,L,R,2,Overcast,,212.0,77.0,3.4,1.56,0.256
0,0.3134,Player_021,2022-04-06,2022,R,L,4,Sunny,84.0,179.0,74.0,3.63,1.72,0.315
1,0.3072,Player_018,2023-08-17,2023,S,R,9,Cloudy,,178.0,72.0,3.47,1.59,0.3
0,0.3225,Player_039,2023-05-08,2023,R,R,2,Sunny,57.0,213.0,75.0,3.66,1.5,0.307
0,0.2681,Player_034,2024-08-19,2024,L,R,8,Cloudy,67.0,238.0,70.0,3.35,1.69,0.284
0,0.2265,Player_015,2024-06-26,2024,R,R,8,Sunny,66.0,189.0,75.0,3.58,1.5,0.304
0,0.2763,Player_019,2023-05-13,2023,L,L,4,Sunny,59.0,226.0,70.0,3.47,1.53,0.257
1,0.3443,Player_037,2022-04-11,2022,R,R,4,Sunny,65.0,180.0,73.0,3.35,1.51,0.286
1,0.2765,Player_036,2023-07-21,2023,R,R,1,Cloudy,62.0,179.0,72.0,3.52,1.68,0.253
0,0.2209,Player_025,2024-04-28,2024,L,L,8,Drizzle,90.0,214.0,76.0,3.38,1.56,0.279
0,0.2161,Player_025,2023-06-20,2023,L,R,6,Drizzle,58.0,193.0,75.0,3.42,1.74,0.227
1,0.3143,Player_029,2022-09-19,2022,L,R,9,Cloudy,76.0,181.0,74.0,3.48,1.61,0.299
0,0.2112,Player_011,2023-09-07,2023,S,L,3,Overcast,68.0,234.0,75.0,3.45,1.6,0.262
0,0.275,Player_036,2024-06-27,2024,R,R,4,Overcast,88.0,232.0,75.0,3.46,1.65,0.318
0,0.2333,Player_011,2022-08-10,2022,R,L,7,Cloudy,73.0,175.0,71.0,3.46,1.73,0.306
0,0.2189,Player_033,2023-08-27,2023,R,L,4,Sunny,78.0,238.0,70.0,3.31,1.71,0.281
1,0.3006,Player_032,2022-07-19,2022,R,R,3,Cloudy,70.0,176.0,77.0,3.45,1.56,0.247
0,0.3088,Player_011,2023-05-08,2023,L,L,2,Sunny,87.0,222.0,74.0,3.46,1.73,0.283
0,0.3876,Player_032,2022-08-25,2022,R,L,9,Overcast,81.0,225.0,75.0,3.54,1.65,0.296
0,0.3531,Player_034,2022-04-16,2022,L,R,5,Sunny,77.0,193.0,72.0,3.49,1.8,0.267
0,0.3616,Player_019,2024-07-03,2024,R,L,7,Sunny,70.0,183.0,76.0,3.37,1.66,0.279
1,0.2227,Player_021,2022-08-19,2022,R,R,6,Overcast,72.0,211.0,70.0,3.54,1.59,0.308
0,0.1679,Player_020,2022-07-12,2022,R,R,6,Sunny,65.0,232.0,73.0,3.31,1.73,0.234
0,0.249,Player_001,2023-06-02,2023,R,L,3,Drizzle,81.0,177.0,75.0,3.43,1.51,0.27
0,0.3601,Player_021,2022-06-14,2022,L,R,3,Drizzle,66.0,230.0,73.0,3.55,1.72,0.307
0,0.2991,Player_026,2022-06-22,2022,R,L,5,Cloudy,66.0,215.0,77.0,3.55,1.66,0.259
0,0.3848,Player_022,2023-08-12,2023,L,R,2,Cloudy,73.0,239.0,70.0,3.37,1.55,0.308
0,0.0724,Player_019,2023-09-26,2023,R,L,5,Sunny,91.0,192.0,75.0,3.44,1.51,0.276
1,0.3877,Player_020,2023-08-19,2023,L,R,1,Sunny,72.0,216.0,77.0,3.48,1.51,0.26
1,0.2935,Player_021,2024-05-26,2024,L,L,3,Overcast,91.0,204.0,70.0,3.46,1.52,0.319
0,0.1919,Player_037,2023-04-21,2023,L,R,6,Sunny,76.0,216.0,75.0,3.57,1.65,0.236
0,0.3206,Player_016,2023-06-25,2023,L,L,1,Sunny,57.0,186.0,70.0,3.6,1.71,0.255
0,0.2819,Player_008,2024-09-01,2024,L,L,1,Sunny,78.0,207.0,74.0,3.32,1.54,0.242
0,0.3067,Player_002,2023-07-24,2023,R,R,2,Cloudy,91.0,239.0,72.0,3.6,1.55,0.318
0,0.3499,Player_034,2024-05-27,2024,R,R,7,Cloudy,90.0,229.0,76.0,3.65,1.74,0.235
1,0.3301,Player_007,2023-04-17,2023,L,R,8,Sunny,62.0,188.0,71.0,3.67,1.57,0.232
1,0.1669,Player_016,2023-05-16,2023,L,L,1,Sunny,65.0,178.0,72.0,3.32,1.75,0.246
0,0.26,Player_030,2024-08-06,2024,L,L,3,Overcast,82.0,202.0,70.0,3.65,1.53,0.281
1,0.1668,Player_007,2022-07-30,2022,R,R,1,Sunny,72.0,189.0,75.0,3.37,1.75,0.246
0,0.3454,Player_009,2024-06-20,2024,L,R,1,Sunny,87.0,191.0,70.0,3.44,1.72,0.253
0,0.3979,Player_025,2023-05-31,2023,L,R,9,Sunny,75.0,186.0,75.0,3.45,1.54,0.273
0,0.2131,Player_025,2023-05-02,2023,L,R,4,Overcast,64.0,210.0,72.0,3.42,1.6,0.284
0,0.233,Player_009,2023-09-23,2023,R,R,8,Sunny,68.0,181.0,77.0,3.42,1.6,0.278
0,0.2082,Player_021,2022-06-17,2022,L,L,7,Sunny,59.0,233.0,71.0,3.37,1.54,0.281
1,0.2482,Player_028,2022-08-17,2022,R,R,5,Cloudy,66.0,176.0,75.0,3.56,1.61,0.287
0,0.3089,Player_008,2024-06-21,2024,R,R,7,Sunny,85.0,185.0,71.0,3.53,1.7,0.308
0,0.249,Player_017,2023-07-12,2023,R,R,3,Drizzle,63.0,211.0,70.0,3.55,1.72,0.288
0,0.3257,Player_011,2024-07-24,2024,R,R,4,Overcast,72.0,184.0,76.0,3.51,1.56,0.292
1,0.3246,Player_037,2022-06-04,2022,R,L,4,Cloudy,62.0,207.0,77.0,3.39,1.72,0.26
0,0.3771,Player_015,2022-09-16,2022,L,R,6,Sunny,74.0,179.0,77.0,3.53,1.58,0.314
1,0.2017,Player_034,2023-06-22,2023,R,R,2,Sunny,93.0,231.0,71.0,3.56,1.51,0.301
1,0.347,Player_035,2022-08-16,2022,R,L,7,Cloudy,85.0,213.0,76.0,3.32,1.56,0.278
0,0.4026,Player_006,2023-09-12,2023,L,R,8,Sunny,85.0,194.0,73.0,3.7,1.6,0.265
0,0.3887,Player_037,2024-06-07,2024,R,R,9,Cloudy,65.0,214.0,71.0,3.53,1.51,0.222
0,0.259,Player_001,2024-05-12,2024,L,L,9,Sunny,67.0,210.0,73.0,3.56,1.53,0.319
1,0.1974,Player_015,2023-09-22,2023,R,L,6,Cloudy,58.0,228.0,71.0,3.53,1.61,0.234
0,0.1811,Player_006,2023-08-20,2023,R,L,8,Sunny,91.0,222.0,74.0,3.58,1.78,0.271
0,0.2029,Player_001,2023-08-21,2023,R,R,7,Cloudy,93.0,229.0,74.0,3.56,1.69,0.254
0,0.2508,Player_022,2023-09-18,2023,R,L,9,Sunny,,231.0,71.0,3.62,1.78,0.253
0,0.3393,Player_024,2024-04-05,2024,R,R,1,Sunny,82.0,181.0,76.0,3.36,1.51,0.262
1,0.3715,Player_023,2023-09-18,2023,R,R,2,Sunny,63.0,224.0,74.0,3.37,1.76,0.277
1,0.246,Player_016,2022-04-21,2022,R,R,4,Sunny,81.0,234.0,75.0,3.39,1.54,0.221
0,0.2673,Player_031,2022-04-27,2022,L,L,6,Drizzle,58.0,187.0,71.0,3.69,1.57,0.235
0,0.2727,Player_019,2024-05-09,2024,R,R,9,Sunny,68.0,228.0,76.0,3.44,1.53,0.281
0,0.2355,Player_021,2024-04-20,2024,R,R,1,Sunny,70.0,214.0,72.0,3.43,1.62,0.294
1,0.3515,Player_017,2024-04-15,2024,L,R,2,Cloudy,94.0,217.0,73.0,3.39,1.56,0.288
0,0.2954,Player_008,2023-04-23,2023,L,L,8,Sunny,73.0,221.0,71.0,3.49,1.72,0.319
1,0.2899,Player_026,2023-06-27,2023,R,R,3,Overcast,63.0,197.0,77.0,3.66,1.73,0.225
0,0.3251,Player_033,2023-06-07,2023,L,R,1,Sunny,56.0,233.0,74.0,3.57,1.59,0.272
0,0.3431,Player_012,2024-05-31,2024,L,R,7,Overcast,62.0,223.0,76.0,3.38,1.74,
1,0.3124,Player_018,2022-05-01,2022,L,L,8,Cloudy,64.0,203.0,74.0,3.63,1.55,0.24
0,0.2413,Player_035,2024-09-22,2024,L,R,9,Sunny,67.0,215.0,70.0,3.68,1.51,0.309
0,0.3327,Player_008,2022-05-30,2022,L,L,8,Sunny,60.0,237.0,75.0,3.59,1.55,0.234
0,0.2679,Player_016,2022-06-25,2022,R,L,1,Sunny,84.0,197.0,72.0,3.54,1.57,0.27
0,0.2396,Player_010,2022-04-26,2022,L,L,2,Cloudy,70.0,233.0,74.0,3.57,1.52,0.239
1,0.2964,Player_013,2023-05-09,2023,R,R,8,Sunny,64.0,175.0,74.0,3.59,1.53,0.264
1,0.3041,Player_018,2024-05-12,2024,R,R,7,Cloudy,76.0,226.0,76.0,3.64,1.59,0.299
1,0.3457,Player_036,2024-09-21,2024,L,L,2,Cloudy,67.0,213.0,71.0,3.56,1.76,0.29
0,0.2268,Player_000,2023-05-02,2023,L,R,4,Cloudy,82.0,221.0,77.0,3.51,1.76,0.29
0,0.3727,Player_014,2023-07-02,2023,R,R,8,Cloudy,76.0,212.0,73.0,3.37,1.8,0.242
1,0.2716,Player_034,2024-07-06,2024,L,L,9,Overcast,92.0,206.0,75.0,3.45,1.53,0.222
0,0.2646,Player_003,2022-04-14,2022,L,R,9,Sunny,80.0,185.0,75.0,3.33,1.5,0.292
1,0.2424,Player_020,2024-06-02,2024,S,R,5,Sunny,69.0,190.0,74.0,3.59,1.67,0.231
0,0.1799,Player_006,2024-04-14,2024,S,L,7,Sunny,60.0,233.0,74.0,3.7,1.68,0.259
0,0.1581,Player_022,2023-05-02,2023,R,R,1,Sunny,59.0,201.0,74.0,3.34,1.57,0.304
0,0.3474,Player_028,2022-07-31,2022,L,R,9,Sunny,81.0,185.0,76.0,3.48,1.74,0.261
0,0.4187,Player_025,2022-07-12,2022,R,R,2,Sunny,56.0,183.0,72.0,3.58,1.79,0.267
0,0.1668,Player_022,2023-06-29,2023,R,R,9,Overcast,70.0,193.0,72.0,3.31,1.6,0.316
0,0.2335,Player_029,2024-05-08,2024,L,R,1,Sunny,55.0,222.0,77.0,3.48,1.78,0.311
0,0.3326,Player_021,2023-07-22,2023,R,R,9,Cloudy,68.0,199.0,77.0,3.62,1.53,0.229
0,0.2968,Player_024,2023-09-10,2023,L,R,5,Sunny,90.0,202.0,73.0,3.42,1.64,0.307
0,0.3584,Player_003,2023-08-31,2023,L,R,5,Sunny,58.0,219.0,72.0,3.56,1.56,0.269
0,0.2429,Player_000,2024-05-01,2024,R,L,7,Sunny,93.0,214.0,75.0,3.54,1.68,0.3
1,0.2594,Player_006,2023-08-01,2023,L,R,5,Sunny,93.0,180.0,77.0,3.58,1.52,0.255
0,0.2842,Player_021,2022-05-14,2022,L,R,9,Sunny,89.0,200.0,77.0,3.4,1.65,0.316
1,0.0833,Player_015,2024-09-02,2024,R,L,1,Sunny,82.0,220.0,71.0,3.37,1.55,0.3
1,0.2,Player_014,2023-06-25,2023,S,R,6,Cloudy,62.0,221.0,71.0,3.31,1.63,0.265
0,0.3464,Player_017,2023-08-12,2023,R,R,2,Sunny,58.0,201.0,74.0,3.49,1.71,0.256
0,0.3634,Player_039,2023-07-07,2023,R,R,1,Sunny,91.0,188.0,71.0,3.37,1.6,0.241
1,0.3784,Player_015,2022-07-31,2022,S,R,6,Sunny,69.0,186.0,77.0,3.56,1.66,0.248
0,0.3309,Player_017,2024-09-15,2024,L,R,7,Sunny,72.0,180.0,72.0,3.52,1.79,0.264
1,0.1121,Player_020,2024-04-24,2024,L,L,2,Sunny,58.0,182.0,72.0,3.63,1.76,0.255
0,0.2555,Player_030,2024-09-09,2024,L,R,7,Sunny,57.0,238.0,77.0,3.62,1.8,0.284
0,0.3927,Player_029,2024-06-25,2024,L,R,9,Cloudy,76.0,201.0,76.0,3.44,1.55,0.284
0,0.3936,Player_039,2023-04-26,2023,R,R,7,Cloudy,,195.0,77.0,3.42,1.65,0.239
0,0.3954,Player_025,2023-06-17,2023,L,R,3,Drizzle,83.0,203.0,74.0,3.33,1.74,0.246
1,0.2335,Player_038,2024-04-10,2024,R,L,1,Overcast,88.0,208.0,76.0,3.6,1.78,0.225
0,0.1785,Player_024,2022-07-07,2022,L,L,1,Sunny,57.0,183.0,73.0,3.5,1.57,0.258
1,0.2972,Player_021,2024-06-24,2024,L,R,6,Sunny,93.0,233.0,70.0,3.43,1.8,0.267
0,0.251,Player_022,2022-06-10,2022,R,L,3,Overcast,91.0,206.0,75.0,3.58,1.63,0.231
1,0.4096,Player_019,2023-06-19,2023,L,R,4,Sunny,77.0,211.0,70.0,3.41,1.73,0.229
1,0.3159,Player_008,2024-07-20,2024,L,R,1,Sunny,69.0,207.0,71.0,3.49,1.66,0.247
0,0.3012,Player_014,2024-08-26,2024,L,R,4,Cloudy,61.0,235.0,72.0,3.47,1.59,0.269
0,0.2851,Player_024,2023-06-10,2023,R,R,2,Cloudy,64.0,238.0,75.0,3.41,1.53,0.318
1,0.308,Player_024,2023-04-04,2023,R,R,4,Sunny,83.0,183.0,76.0,3.62,1.55,0.312
1,0.2939,Player_006,2023-07-10,2023,R,L,6,Sunny,60.0,221.0,71.0,3.58,1.69,0.26
0,0.2493,Player_032,2023-09-18,2023,L,R,9,Sunny,93.0,185.0,75.0,3.51,1.67,0.276
0,0.226,Player_028,2024-06-10,2024,L,R,3,Sunny,60.0,175.0,75.0,3.58,1.63,0.276
1,0.3459,Player_021,2023-04-23,2023,R,L,3,Sunny,,210.0,74.0,3.34,1.69,0.254
0,0.1351,Player_018,2024-09-09,2024,R,L,8,Cloudy,88.0,205.0,74.0,3.47,1.65,0.306
0,0.3946,Player_022,2022-06-15,2022,R,R,9,Sunny,66.0,206.0,73.0,3.54,1.54,0.249
0,0.1163,Player_023,2023-06-07,2023,R,L,4,Sunny,74.0,176.0,71.0,3.46,1.58,0.263
0,0.2391,Player_017,2024-05-23,2024,R,R,4,Sunny,78.0,216.0,71.0,3.59,1.63,0.311
1,0.338,Player_034,2023-08-10,2023,L,L,7,Drizzle,86.0,208.0,70.0,3.51,1.62,0.255
0,0.27,Player_006,2023-04-27,2023,L,L,7,Sunny,57.0,178.0,73.0,3.45,1.77,0.271
1,0.1878,Player_014,2023-07-20,2023,R,R,7,Sunny,64.0,196.0,74.0,3.47,1.78,0.307
0,0.2998,Player_015,2024-06-01,2024,L,L,6,Cloudy,60.0,183.0,71.0,3.59,1.66,0.253
0,0.2547,Player_003,2022-06-09,2022,R,L,2,Sunny,67.0,233.0,70.0,3.33,1.58,0.316
0,0.2649,Player_003,2022-05-09,2022,R,R,3,Sunny,81.0,223.0,75.0,3.64,1.74,0.24
0,0.2363,Player_035,2024-08-23,2024,R,R,1,Sunny,71.0,207.0,75.0,3.32,1.55,0.288
1,0.2776,Player_030,2024-06-20,2024,R,R,4,Drizzle,74.0,180.0,77.0,3.35,1.65,0.226
0,0.2093,Player_014,2023-09-14,2023,R,L,8,Cloudy,73.0,230.0,77.0,3.62,1.8,0.274
1,0.4504,Player_010,2023-08-28,2023,R,R,3,Cloudy,55.0,198.0,77.0,3.45,1.76,0.236
0,0.2632,Player_016,2023-08-15,2023,R,R,7,Overcast,58.0,212.0,70.0,3.48,1.78,0.283
0,0.2538,Player_028,2024-06-20,2024,R,R,4,Cloudy,64.0,221.0,72.0,3.45,1.53,0.282
0,0.2621,Player_011,2024-09-17,2024,L,R,2,Sunny,56.0,200.0,73.0,3.34,1.64,0.262
1,0.4044,Player_002,2024-07-14,2024,R,R,3,Sunny,87.0,238.0,75.0,3.54,1.73,0.312
0,0.1653,Player_016,2024-06-17,2024,R,R,7,Sunny,,189.0,77.0,3.58,1.55,0.309
0,0.3252,Player_023,2023-06-02,2023,L,R,8,Sunny,74.0,197.0,76.0,3.38,1.73,0.293
0,0.2832,Player_020,2023-09-12,2023,L,R,3,Overcast,81.0,186.0,77.0,3.6,1.6,0.292
0,0.1804,Player_006,2024-05-15,2024,R,R,9,Sunny,57.0,197.0,70.0,3.34,1.77,0.227
0,0.2227,Player_033,2024-09-04,2024,R,R,1,Sunny,57.0,226.0,70.0,3.61,1.63,0.252
0,0.3222,Player_025,2024-05-11,2024,L,R,6,Sunny,79.0,205.0,73.0,3.58,1.58,0.24
1,0.2095,Player_028,2022-08-16,2022,L,L,3,Sunny,85.0,232.0,76.0,3.66,1.78,0.259
0,0.3182,Player_038,2024-05-20,2024,L,R,9,Drizzle,92.0,232.0,72.0,3.63,1.71,0.231
0,0.421,Player_020,2024-08-28,2024,L,R,7,Sunny,69.0,196.0,71.0,3.64,1.64,0.252
0,0.2919,Player_023,2024-08-28,2024,R,R,1,Sunny,71.0,226.0,71.0,3.68,1.79,0.277
1,0.1983,Player_030,2023-08-10,2023,L,R,4,Cloudy,,207.0,75.0,3.64,1.68,0.237
0,0.2407,Player_030,2023-09-26,2023,L,R,7,Overcast,60.0,202.0,76.0,3.62,1.68,0.231
0,0.23,Player_033,2024-07-01,2024,R,L,5,Sunny,92.0,193.0,72.0,3.38,1.61,0.291
1,0.2753,Player_028,2024-08-28,2024,L,R,5,Sunny,66.0,179.0,70.0,3.6,1.75,0.245
0,0.3106,Player_002,2022-07-09,2022,L,R,2,Cloudy,56.0,204.0,71.0,3.55,1.68,0.268
0,0.3019,Player_014,2023-04-07,2023,R,R,6,Sunny,86.0,218.0,72.0,3.68,1.69,0.304
0,0.4011,Player_023,2024-06-14,2024,R,R,1,Cloudy,93.0,231.0,73.0,3.59,1.78,0.258
0,0.2797,Player_017,2024-04-05,2024,S,R,3,Cloudy,74.0,201.0,73.0,3.4,1.58,0.23
1,0.1993,Player_001,2022-07-29,2022,R,R,3,Overcast,61.0,183.0,71.0,3.37,1.74,0.299
1,0.3608,Player_010,2022-04-28,2022,R,R,6,Overcast,61.0,205.0,77.0,3.41,1.74,0.294
1,0.3384,Player_012,2023-05-29,2023,R,L,5,Drizzle,66.0,193.0,73.0,3.49,1.52,0.281
1,0.2963,Player_001,2022-09-04,2022,R,R,4,Sunny,76.0,234.0,71.0,3.56,1.72,0.274
1,0.2628,Player_030,2022-08-12,2022,R,R,8,Overcast,80.0,220.0,73.0,3.39,1.75,0.295
0,0.3236,Player_015,2023-05-31,2023,S,R,4,Cloudy,82.0,233.0,75.0,3.39,1.66,0.255
0,0.2652,Player_031,2023-06-30,2023,R,R,7,Sunny,83.0,195.0,77.0,3.42,1.53,0.253
0,0.1061,Player_034,2023-07-14,2023,R,L,8,Drizzle,64.0,203.0,73.0,3.62,1.52,0.283
1,0.3394,Player_035,2023-06-03,2023,L,R,2,Overcast,61.0,180.0,74.0,3.45,1.51,0.237
1,0.3425,Player_036,2024-08-12,2024,R,R,7,Overcast,,183.0,72.0,3.33,1.61,0.283
1,0.4009,Player_019,2023-04-27,2023,L,R,1,Sunny,60.0,199.0,75.0,3.52,1.69,0.307
0,0.1988,Player_009,2024-06-15,2024,R,L,6,Sunny,75.0,200.0,75.0,3.3,1.67,0.272
0,0.2958,Player_003,2022-05-16,2022,R,R,3,Drizzle,66.0,218.0,71.0,3.57,1.65,0.228
1,0.2673,Player_024,2024-07-31,2024,S,L,3,Drizzle,84.0,188.0,74.0,3.64,1.63,0.286
0,0.286,Player_005,2024-07-24,2024,S,R,8,Sunny,68.0,238.0,77.0,3.37,1.7,0.307
0,0.308,Player_009,2022-08-24,2022,L,R,2,Sunny,,225.0,71.0,3.64,1.76,0.24
0,0.2526,Player_009,2024-06-05,2024,R,L,5,Cloudy,,232.0,73.0,3.57,1.75,0.281
0,0.2948,Player_010,2024-05-11,2024,R,R,8,Sunny,59.0,194.0,75.0,3.34,1.71,0.24
0,0.3518,Player_014,2023-04-06,2023,L,R,8,Cloudy,61.0,211.0,70.0,3.39,1.59,0.302
1,0.3854,Player_013,2024-09-01,2024,L,R,2,Drizzle,73.0,208.0,74.0,3.39,1.78,0.245
1,0.2171,Player_021,2023-05-30,2023,L,L,4,Sunny,93.0,225.0,74.0,3.38,1.76,0.283
0,0.2679,Player_038,2023-08-14,2023,R,R,6,Cloudy,63.0,230.0,74.0,3.43,1.78,0.279
0,0.2504,Player_025,2024-06-04,2024,R,R,6,Cloudy,86.0,212.0,72.0,3.66,1.69,0.257
1,0.2404,Player_027,2022-05-30,2022,S,R,2,Sunny,75.0,238.0,76.0,3.39,1.6,0.31
0,0.1669,Player_006,2022-05-13,2022,R,R,6,Sunny,94.0,207.0,72.0,3.67,1.64,0.31
0,0.2517,Player_004,2022-08-19,2022,S,L,1,Cloudy,75.0,192.0,74.0,3.52,1.6,0.254
0,0.3336,Player_007,2024-05-21,2024,L,R,6,Overcast,59.0,186.0,72.0,3.51,1.61,0.255
0,0.2691,Player_033,2022-05-24,2022,R,R,7,Cloudy,71.0,199.0,76.0,3.57,1.63,0.285
0,0.2994,Player_006,2022-08-05,2022,L,R,5,Drizzle,58.0,193.0,73.0,3.62,1.78,0.248
1,0.2793,Player_039,2024-07-02,2024,R,L,3,Sunny,63.0,188.0,73.0,3.68,1.65,0.25
0,0.3788,Player_030,2024-08-12,2024,R,R,3,Drizzle,76.0,204.0,72.0,3.3,1.62,0.222
0,0.2506,Player_033,2023-04-19,2023,R,R,7,Cloudy,91.0,191.0,74.0,3.46,1.69,0.229
0,0.168,Player_012,2024-09-19,2024,R,L,4,Sunny,79.0,239.0,76.0,3.37,1.59,0.286
1,0.2937,Player_006,2022-05-13,2022,L,R,9,Sunny,69.0,194.0,74.0,3.36,1.5,0.252
0,0.4018,Player_006,2023-04-22,2023,L,L,9,Sunny,80.0,214.0,71.0,3.36,1.72,0.228
0,0.1887,Player_034,2023-04-20,2023,L,L,4,Sunny,64.0,223.0,70.0,3.58,1.6,0.313
0,0.3455,Player_017,2023-05-27,2023,L,R,3,Drizzle,58.0,236.0,71.0,3.32,1.57,0.25
1,0.3311,Player_016,2024-06-15,2024,R,L,8,Overcast,84.0,219.0,77.0,3.63,1.66,0.241
1,0.1144,Player_009,2023-04-14,2023,R,R,7,Sunny,88.0,191.0,70.0,3.6,1.55,0.272
0,0.2787,Player_014,2022-07-22,2022,R,L,2,Sunny,79.0,211.0,71.0,3.46,1.58,0.303
0,0.3222,Player_014,2022-07-20,2022,R,R,9,Sunny,74.0,179.0,73.0,3.47,1.65,0.307
0,0.2613,Player_029,2022-08-18,2022,R,R,2,Overcast,73.0,192.0,71.0,3.57,1.79,0.251
1,0.2347,Player_032,2024-04-02,2024,R,R,6,Overcast,69.0,238.0,70.0,3.3,1.57,0.294
1,0.2587,Player_018,2022-04-18,2022,L,R,2,Sunny,93.0,175.0,71.0,3.45,1.64,0.272
1,0.277,Player_013,2024-05-06,2024,L,R,5,Sunny,75.0,196.0,70.0,3.37,1.66,0.28
0,0.2589,Player_018,2022-06-18,2022,R,R,6,Sunny,89.0,178.0,74.0,3.37,1.71,
0,0.2156,Player_006,2024-07-14,2024,R,L,2,Cloudy,56.0,209.0,72.0,3.52,1.66,0.238
0,0.2759,Player_002,2024-05-06,2024,L,R,3,Sunny,69.0,223.0,72.0,3.4,1.72,0.302
1,0.3334,Player_009,2022-06-04,2022,R,L,7,Sunny,63.0,179.0,77.0,3.45,1.76,0.274
0,0.195,Player_000,2022-07-02,2022,R,R,9,Overcast,59.0,183.0,77.0,3.59,1.58,0.26
0,0.1476,Player_001,2024-07-06,2024,L,L,9,Sunny,94.0,230.0,70.0,3.55,1.75,0.288
0,0.3845,Player_009,2022-07-04,2022,L,R,7,Drizzle,57.0,193.0,77.0,3.43,1.58,0.263
0,0.2666,Player_036,2022-07-25,2022,R,R,9,Overcast,77.0,175.0,70.0,3.32,1.74,0.305
1,0.2528,Player_007,2024-08-14,2024,R,R,2,Sunny,63.0,181.0,74.0,3.31,1.69,0.234
0,0.2922,Player_027,2024-08-29,2024,L,R,2,Sunny,58.0,233.0,74.0,3.5,1.67,0.223
0,0.2646,Player_005,2024-09-20,2024,R,L,4,Cloudy,94.0,235.0,74.0,3.47,1.64,0.277
0,0.2333,Player_018,2024-06-09,2024,L,L,9,Cloudy,66.0,185.0,73.0,3.62,1.66,0.246
0,0.3154,Player_024,2023-05-30,2023,R,R,8,Sunny,69.0,193.0,75.0,3.33,1.57,0.232
1,0.2326,Player_022,2024-05-20,2024,L,R,4,Drizzle,62.0,186.0,70.0,3.64,1.65,0.223
0,0.2289,Player_031,2023-06-03,2023,R,L,1,Overcast,82.0,206.0,73.0,3.39,1.68,0.297
0,0.145,Player_010,2024-07-05,2024,L,R,6,Cloudy,91.0,228.0,77.0,3.44,1.61,0.316
0,0.3821,Player_029,2024-07-17,2024,L,R,3,Sunny,68.0,224.0,74.0,3.64,1.61,0.282
0,0.2377,Player_016,2023-04-13,2023,R,L,3,Sunny,87.0,200.0,75.0,3.64,1.6,0.297
1,0.3469,Player_017,2024-09-26,2024,L,R,2,Sunny,71.0,220.0,70.0,3.51,1.75,0.304
1,0.3034,Player_012,2023-04-08,2023,L,L,3,Sunny,76.0,191.0,73.0,3.33,1.62,0.301
0,0.3085,Player_039,2023-06-12,2023,L,L,3,Overcast,87.0,234.0,70.0,3.54,1.67,0.253
0,0.2795,Player_032,2023-06-21,2023,R,R,6,Sunny,93.0,213.0,74.0,3.6,1.79,0.22
0,0.2772,Player_018,2022-06-02,2022,R,L,2,Sunny,79.0,234.0,72.0,3.4,1.51,0.283
0,0.2127,Player_029,2023-05-10,2023,S,R,5,Overcast,69.0,191.0,76.0,3.37,1.57,0.315
0,0.218,Player_036,2024-07-04,2024,L,R,9,Cloudy,73.0,236.0,76.0,3.5,1.78,0.309
0,0.2929,Player_011,2023-04-02,2023,L,R,9,Sunny,89.0,193.0,70.0,3.6,1.72,0.22
0,0.2524,Player_013,2024-08-11,2024,L,R,8,Cloudy,69.0,219.0,72.0,3.5,1.61,0.31
1,0.3798,Player_030,2023-08-01,2023,R,R,3,Cloudy,73.0,177.0,77.0,3.4,1.53,0.221
0,0.3063,Player_011,2024-08-16,2024,S,R,2,Sunny,86.0,189.0,70.0,3.65,1.65,0.273
1,0.2298,Player_003,2024-08-24,2024,R,R,8,Sunny,88.0,210.0,70.0,3.65,1.74,0.305
1,0.261,Player_023,2022-09-07,2022,R,R,4,Cloudy,72.0,207.0,77.0,3.56,1.63,0.262
0,0.3093,Player_008,2023-04-27,2023,L,R,5,Cloudy,91.0,183.0,73.0,3.33,1.75,0.288
0,0.2452,Player_023,2024-08-28,2024,R,L,4,Sunny,89.0,175.0,74.0,3.39,1.59,0.243
1,0.299,Player_004,2022-07-11,2022,R,R,2,Sunny,73.0,229.0,71.0,3.55,1.65,0.317
0,0.3048,Player_019,2023-04-23,2023,L,R,7,Cloudy,66.0,190.0,73.0,3.61,1.53,0.224
0,0.2027,Player_009,2023-09-25,2023,L,R,3,Sunny,62.0,223.0,75.0,3.49,1.66,0.283
0,0.1494,Player_021,2022-08-25,2022,L,R,3,Drizzle,59.0,186.0,72.0,3.42,1.76,0.223
1,0.2738,Player_009,2024-05-18,2024,L,R,7,Sunny,62.0,193.0,76.0,3.65,1.55,0.224
1,0.3092,Player_010,2024-09-07,2024,L,L,7,Cloudy,57.0,176.0,77.0,3.45,1.68,0.247
1,0.2546,Player_036,2024-08-09,2024,R,R,8,Drizzle,66.0,209.0,74.0,3.67,1.59,0.222
0,0.3666,Player_039,2022-06-20,2022,R,R,7,Sunny,94.0,208.0,72.0,3.51,1.61,0.241
0,0.2667,Player_013,2024-04-29,2024,L,L,1,Cloudy,63.0,212.0,71.0,3.55,1.5,0.235
1,0.365,Player_025,2023-08-10,2023,L,L,4,Sunny,,223.0,70.0,3.35,1.66,0.311
1,0.3306,Player_014,2024-09-14,2024,S,L,4,Cloudy,70.0,218.0,76.0,3.41,1.8,0.224
0,0.3536,Player_006,2022-05-05,2022,R,R,3,Drizzle,75.0,188.0,77.0,3.69,1.54,0.281
1,0.1958,Player_003,2022-04-01,2022,R,R,5,Drizzle,75.0,202.0,77.0,3.59,1.57,0.287
1,0.3012,Player_035,2024-05-11,2024,L,R,5,Sunny,78.0,179.0,77.0,3.49,1.57,0.302
0,0.3356,Player_002,2024-05-23,2024,R,L,6,Overcast,58.0,217.0,71.0,3.51,1.67,0.257
0,0.3191,Player_019,2022-06-08,2022,L,R,9,Overcast,67.0,200.0,75.0,3.34,1.56,0.238
0,0.3388,Player_008,2023-09-23,2023,L,R,6,Sunny,91.0,186.0,72.0,3.61,1.79,0.232
1,0.1828,Player_030,2023-09-21,2023,R,R,9,Overcast,94.0,232.0,71.0,3.33,1.71,0.234
0,0.3843,Player_005,2024-07-29,2024,R,L,8,Sunny,55.0,205.0,74.0,3.45,1.69,0.272
0,0.1946,Player_023,2024-05-09,2024,R,L,7,Drizzle,80.0,178.0,75.0,3.46,1.5,0.28
0,0.1404,Player_013,2024-05-08,2024,R,R,3,Overcast,60.0,181.0,75.0,3.54,1.64,0.299
1,0.2554,Player_020,2024-04-14,2024,R,R,6,Cloudy,,193.0,73.0,3.47,1.74,0.3
1,0.0987,Player_007,2024-08-20,2024,L,L,2,Sunny,55.0,236.0,71.0,3.68,1.65,0.304
1,0.224,Player_004,2023-05-10,2023,L,R,9,Drizzle,85.0,181.0,70.0,3.62,1.72,0.236
0,0.4491,Player_007,2022-09-09,2022,L,L,2,Sunny,94.0,201.0,70.0,3.68,1.7,0.295
0,0.2434,Player_023,2024-07-17,2024,L,L,3,Sunny,59.0,200.0,76.0,3.51,1.78,0.227
0,0.1801,Player_025,2023-06-27,2023,R,R,9,Sunny,71.0,215.0,74.0,3.42,1.61,0.308
0,0.3018,Player_036,2023-09-15,2023,L,R,2,Sunny,62.0,213.0,72.0,3.69,1.75,0.273
0,0.2172,Player_037,2022-04-29,2022,R,R,5,Sunny,62.0,206.0,76.0,3.33,1.58,0.284
1,0.3405,Player_030,2024-06-22,2024,R,R,6,Sunny,86.0,227.0,72.0,3.67,1.67,0.282
0,0.2177,Player_000,2024-05-16,2024,R,R,2,Drizzle,59.0,176.0,72.0,3.34,1.69,0.276
0,0.289,Player_028,2023-05-03,2023,L,L,4,Overcast,59.0,200.0,76.0,3.62,1.63,0.272
0,0.1997,Player_028,2024-09-16,2024,R,R,8,Overcast,69.0,179.0,74.0,3.61,1.53,0.312
1,0.4619,Player_028,2023-07-18,2023,S,R,7,Cloudy,67.0,194.0,75.0,3.56,1.63,
0,0.3153,Player_026,2022-04-29,2022,R,R,6,Cloudy,94.0,192.0,76.0,3.61,1.56,0.298
0,0.2698,Player_027,2022-04-20,2022,R,R,5,Cloudy,70.0,232.0,72.0,3.34,1.65,0.256
0,0.2595,Player_023,2023-05-27,2023,R,R,4,Cloudy,76.0,218.0,70.0,3.45,1.51,0.225
0,0.2112,Player_024,2022-08-29,2022,R,L,6,Overcast,59.0,190.0,75.0,3.43,1.65,0.258
0,0.2167,Player_027,2024-04-26,2024,L,L,1,Sunny,69.0,216.0,72.0,3.69,1.61,0.235
0,0.2248,Player_001,2024-08-11,2024,R,R,1,Drizzle,63.0,229.0,77.0,3.49,1.5,0.264
1,0.4175,Player_020,2023-04-20,2023,L,R,8,Drizzle,69.0,187.0,72.0,3.32,1.69,0.228
0,0.2113,Player_005,2024-05-30,2024,R,L,2,Sunny,,211.0,76.0,3.4,1.59,0.299
0,0.1009,Player_037,2024-07-02,2024,S,L,7,Drizzle,,206.0,75.0,3.64,1.67,0.279
0,0.1984,Player_039,2023-04-24,2023,R,R,1,Overcast,77.0,234.0,75.0,3.66,1.77,0.224
0,0.3349,Player_006,2022-06-11,2022,L,L,3,Sunny,75.0,198.0,75.0,3.67,1.76,0.285
0,0.2523,Player_035,2022-05-19,2022,L,L,9,Sunny,75.0,219.0,70.0,3.36,1.65,0.315
0,0.2706,Player_018,2024-04-08,2024,S,R,3,Cloudy,71.0,211.0,76.0,3.58,1.64,0.226
1,0.3819,Player_026,2023-04-01,2023,L,R,9,Overcast,75.0,195.0,72.0,3.46,1.66,0.256
1,0.2456,Player_026,2024-04-26,2024,L,R,3,Sunny,84.0,196.0,74.0,3.59,1.62,0.309
0,0.3443,Player_004,2024-08-12,2024,L,R,6,Sunny,65.0,231.0,72.0,3.63,1.59,0.223
0,0.2532,Player_036,2023-04-07,2023,L,R,7,Cloudy,62.0,233.0,71.0,3.4,1.55,0.312
1,0.3203,Player_025,2022-07-01,2022,R,R,6,Sunny,82.0,191.0,73.0,3.5,1.77,0.319
1,0.2226,Player_019,2022-04-05,2022,R,L,3,Sunny,60.0,205.0,73.0,3.43,1.52,0.259
0,0.2531,Player_024,2023-05-09,2023,L,L,7,Sunny,69.0,184.0,77.0,3.48,1.6,0.266
0,0.3574,Player_039,2024-05-02,2024,L,R,3,Overcast,78.0,202.0,73.0,3.42,1.55,0.319
0,0.3524,Player_025,2024-05-31,2024,L,R,8,Sunny,78.0,231.0,77.0,3.44,1.52,0.226
1,0.2884,Player_026,2023-08-12,2023,L,R,4,Cloudy,84.0,220.0,75.0,3.41,1.55,0.252
0,0.237,Player_035,2024-06-14,2024,L,L,8,Cloudy,73.0,206.0,75.0,3.42,1.64,0.226
0,0.3919,Player_027,2023-04-03,2023,R,R,9,Drizzle,74.0,225.0,77.0,3.53,1.67,0.295
0,0.3413,Player_005,2022-04-27,2022,L,R,7,Drizzle,56.0,210.0,77.0,3.54,1.77,0.285
0,0.2726,Player_032,2022-05-25,2022,L,R,5,Drizzle,86.0,203.0,73.0,3.67,1.71,0.306
0,0.2543,Player_035,2022-05-21,2022,L,R,4,Cloudy,64.0,176.0,73.0,3.46,1.74,0.239
0,0.3717,Player_029,2022-07-11,2022,L,R,4,Sunny,88.0,182.0,75.0,3.56,1.67,0.275
1,0.3081,Player_006,2023-06-03,2023,L,R,4,Sunny,80.0,210.0,71.0,3.69,1.56,0.291
1,0.2886,Player_020,2024-08-11,2024,L,R,5,Sunny,91.0,180.0,71.0,3.49,1.75,0.248
0,0.288,Player_002,2022-05-16,2022,R,R,5,Sunny,90.0,175.0,72.0,3.61,1.64,0.309
1,0.3236,Player_030,2022-08-01,2022,L,R,7,Sunny,70.0,196.0,74.0,3.69,1.73,0.24
1,0.276,Player_038,2022-04-19,2022,R,R,9,Sunny,70.0,211.0,77.0,3.62,1.5,
0,0.3343,Player_001,2022-09-25,2022,R,L,8,Sunny,91.0,222.0,75.0,3.33,1.63,0.248
0,0.3582,Player_004,2022-09-25,2022,L,L,6,Cloudy,90.0,237.0,72.0,3.38,1.6,0.3
1,0.3372,Player_037,2022-05-20,2022,L,R,9,Drizzle,83.0,217.0,76.0,3.42,1.59,0.291
0,0.3762,Player_031,2022-05-13,2022,R,R,9,Sunny,91.0,238.0,74.0,3.57,1.7,0.309
0,0.2806,Player_032,2024-03-31,2024,R,R,5,Sunny,79.0,193.0,77.0,3.57,1.75,0.282
0,0.3183,Player_008,2023-09-23,2023,L,L,4,Cloudy,55.0,217.0,74.0,3.35,1.76,0.312
0,0.3703,Player_025,2022-04-07,2022,L,R,5,Sunny,77.0,175.0,77.0,3.48,1.74,0.274
0,0.3713,Player_033,2023-04-01,2023,L,R,1,Drizzle,69.0,183.0,76.0,3.47,1.74,0.312
0,0.3441,Player_002,2022-04-18,2022,R,R,3,Sunny,,216.0,74.0,3.58,1.75,0.307
0,0.2942,Player_011,2023-05-24,2023,R,L,4,Sunny,77.0,195.0,76.0,3.4,1.71,0.267
0,0.437,Player_011,2023-09-23,2023,L,R,8,Cloudy,77.0,211.0,76.0,3.4,1.73,0.221
1,0.2322,Player_021,2024-04-29,2024,L,L,3,Sunny,84.0,236.0,71.0,3.54,1.57,0.319
0,0.2691,Player_010,2024-07-11,2024,R,R,6,Cloudy,86.0,225.0,75.0,3.33,1.79,0.27
1,0.255,Player_013,2024-07-26,2024,L,L,3,Sunny,67.0,197.0,77.0,3.57,1.65,0.294
1,0.2242,Player_010,2022-08-22,2022,R,L,4,Sunny,94.0,219.0,74.0,3.48,1.58,0.265
0,0.1108,Player_002,2023-08-04,2023,R,L,1,Sunny,72.0,235.0,73.0,3.51,1.64,0.256
0,0.3962,Player_026,2023-09-25,2023,L,R,5,Overcast,72.0,191.0,70.0,3.62,1.75,0.256
0,0.2282,Player_025,2024-07-28,2024,L,R,1,Sunny,62.0,211.0,75.0,3.37,1.71,0.256
1,0.3119,Player_035,2022-08-30,2022,L,R,2,Sunny,94.0,222.0,77.0,3.38,1.55,0.278
0,0.1805,Player_023,2024-05-27,2024,R,R,5,Cloudy,70.0,217.0,74.0,3.66,1.63,0.301
0,0.3435,Player_027,2023-06-13,2023,L,R,7,Cloudy,61.0,206.0,77.0,3.6,1.73,0.277
0,0.245,Player_014,2023-08-11,2023,L,R,4,Sunny,88.0,203.0,71.0,3.41,1.71,0.273
0,0.2205,Player_015,2023-09-05,2023,L,R,3,Drizzle,93.0,212.0,74.0,3.59,1.56,0.251
1,0.3136,Player_016,2023-04-01,2023,L,R,9,Cloudy,63.0,207.0,76.0,3.48,1.72,0.266
1,0.2309,Player_038,2024-06-17,2024,R,R,4,Drizzle,78.0,198.0,72.0,3.55,1.7,0.238
0,0.2598,Player_018,2023-08-23,2023,L,R,3,Sunny,91.0,231.0,76.0,3.61,1.57,0.294
0,0.292,Player_034,2022-04-21,2022,R,R,1,Cloudy,81.0,226.0,70.0,3.32,1.59,0.298
0,0.306,Player_012,2022-06-03,2022,R,L,4,Sunny,72.0,216.0,76.0,3.54,1.63,0.244
0,0.2227,Player_027,2024-07-07,2024,R,R,2,Sunny,77.0,187.0,70.0,3.44,1.7,0.277
0,0.2006,Player_010,2023-04-15,2023,L,L,4,Sunny,59.0,208.0,70.0,3.51,1.79,0.248
0,0.2516,Player_015,2023-09-12,2023,R,L,2,Sunny,94.0,188.0,76.0,3.45,1.8,0.318
1,0.3177,Player_034,2023-06-06,2023,R,R,2,Overcast,75.0,185.0,77.0,3.68,1.71,0.25
0,0.4024,Player_027,2023-08-20,2023,L,R,7,Overcast,56.0,190.0,73.0,3.54,1.62,0.306
1,0.205,Player_019,2023-06-16,2023,R,R,5,Sunny,68.0,185.0,71.0,3.64,1.52,0.29
0,0.2277,Player_016,2022-06-12,2022,R,L,7,Sunny,71.0,226.0,74.0,3.4,1.68,0.317
0,0.3823,Player_031,2023-09-21,2023,L,R,6,Sunny,94.0,208.0,72.0,3.45,1.64,0.292
0,0.4181,Player_006,2023-09-01,2023,R,R,5,Cloudy,90.0,222.0,72.0,3.61,1.7,0.281
0,0.2105,Player_033,2022-07-02,2022,R,R,5,Sunny,67.0,238.0,70.0,3.39,1.79,0.266
0,0.2283,Player_024,2024-06-22,2024,R,R,4,Overcast,61.0,192.0,74.0,3.7,1.55,0.267
1,0.2767,Player_013,2022-08-19,2022,S,L,3,Sunny,56.0,187.0,71.0,3.56,1.61,0.22
1,0.2596,Player_027,2022-08-02,2022,L,R,9,Cloudy,77.0,184.0,76.0,3.66,1.67,0.32
1,0.2269,Player_039,2024-09-23,2024,R,R,4,Overcast,72.0,176.0,71.0,3.34,1.61,0.277
0,0.3171,Player_013,2024-05-29,2024,L,R,8,Sunny,75.0,176.0,77.0,3.47,1.55,0.279
0,0.3885,Player_015,2022-04-21,2022,R,R,7,Overcast,65.0,213.0,75.0,3.43,1.68,0.238
0,0.1883,Player_037,2024-05-05,2024,R,R,6,Drizzle,87.0,219.0,73.0,3.69,1.51,0.263
1,0.4049,Player_013,2022-07-04,2022,L,R,8,Cloudy,75.0,194.0,73.0,3.36,1.61,0.242
1,0.2598,Player_034,2024-05-26,2024,L,R,6,Sunny,91.0,210.0,72.0,3.6,1.79,0.242
0,0.2942,Player_035,2023-08-24,2023,L,L,8,Cloudy,64.0,188.0,70.0,3.55,1.64,0.275
1,0.3814,Player_023,2024-09-04,2024,L,L,8,Sunny,65.0,220.0,70.0,3.64,1.53,0.244
0,0.3228,Player_003,2023-05-04,2023,L,R,6,Drizzle,78.0,221.0,74.0,3.69,1.75,0.287
0,0.2792,Player_002,2023-09-26,2023,L,R,7,Cloudy,82.0,221.0,76.0,3.62,1.55,0.258
0,0.3503,Player_011,2024-07-22,2024,L,R,8,Overcast,66.0,208.0,75.0,3.4,1.58,0.258
0,0.2879,Player_000,2022-05-18,2022,L,R,3,Cloudy,76.0,229.0,76.0,3.63,1.79,0.29
1,0.3165,Player_030,2022-05-07,2022,R,R,8,Sunny,75.0,180.0,75.0,3.51,1.73,0.287
1,0.2657,Player_025,2023-04-30,2023,R,R,5,Cloudy,81.0,202.0,72.0,3.56,1.6,0.26
0,0.3403,Player_018,2023-06-24,2023,R,R,2,Overcast,80.0,179.0,77.0,3.41,1.69,0.313
0,0.2024,Player_032,2022-04-13,2022,L,R,2,Sunny,63.0,228.0,71.0,3.63,1.65,0.253
0,0.2091,Player_005,2023-04-24,2023,R,R,7,Sunny,59.0,179.0,72.0,3.48,1.77,0.292
0,0.1814,Player_020,2023-08-14,2023,R,R,8,Drizzle,65.0,203.0,75.0,3.62,1.67,0.299
0,0.296,Player_013,2023-06-27,2023,L,R,6,Sunny,60.0,187.0,70.0,3.47,1.7,0.242
0,0.1929,Player_000,2024-07-04,2024,L,R,6,Overcast,76.0,221.0,76.0,3.55,1.54,0.267
0,0.2316,Player_019,2023-05-29,2023,R,R,8,Sunny,75.0,201.0,72.0,3.34,1.57,0.222
0,0.2225,Player_005,2023-07-10,2023,L,R,9,Overcast,55.0,210.0,75.0,3.34,1.51,0.253
0,0.3536,Player_001,2023-06-01,2023,R,L,8,Cloudy,87.0,237.0,75.0,3.68,1.68,0.247
1,0.2107,Player_008,2022-04-09,2022,S,R,2,Sunny,83.0,234.0,70.0,3.59,1.67,0.297
0,0.2099,Player_007,2024-07-11,2024,L,R,8,Sunny,73.0,202.0,72.0,3.37,1.59,0.242
0,0.2874,Player_025,2024-04-14,2024,L,L,5,Sunny,61.0,199.0,77.0,3.54,1.57,0.223
0,0.3981,Player_031,2024-08-01,2024,S,R,8,Cloudy,61.0,194.0,77.0,3.61,1.64,0.222
0,0.2719,Player_019,2024-09-11,2024,R,R,7,Sunny,92.0,219.0,74.0,3.54,1.53,0.296
0,0.2973,Player_025,2023-07-30,2023,L,R,7,Sunny,64.0,239.0,73.0,3.48,1.76,0.234
0,0.3704,Player_004,2024-07-12,2024,R,R,8,Cloudy,89.0,213.0,74.0,3.63,1.75,0.284
1,0.3415,Player_031,2022-09-21,2022,R,R,2,Drizzle,81.0,211.0,75.0,3.32,1.68,0.24
0,0.2798,Player_020,2024-05-09,2024,R,L,8,Sunny,79.0,239.0,70.0,3.55,1.77,0.242
0,0.2392,Player_017,2023-08-18,2023,R,R,4,Cloudy,88.0,187.0,72.0,3.49,1.68,0.301
0,0.3319,Player_034,2022-05-08,2022,L,R,2,Drizzle,90.0,180.0,70.0,3.56,1.65,0.288
1,0.2047,Player_012,2024-03-31,2024,L,R,7,Cloudy,65.0,181.0,74.0,3.42,1.68,
0,0.2363,Player_017,2023-05-14,2023,R,R,9,Drizzle,94.0,213.0,71.0,3.36,1.53,0.313
0,0.4002,Player_037,2024-06-29,2024,L,R,1,Cloudy,60.0,233.0,77.0,3.69,1.57,0.307
0,0.3411,Player_005,2024-04-11,2024,R,L,9,Cloudy,85.0,190.0,73.0,3.65,1.67,0.305
0,0.3106,Player_020,2024-05-20,2024,R,R,4,Overcast,70.0,222.0,77.0,3.66,1.53,0.234
0,0.1349,Player_023,2023-04-09,2023,L,L,9,Sunny,80.0,232.0,77.0,3.61,1.74,0.237
0,0.1954,Player_028,2023-05-14,2023,R,R,1,Cloudy,88.0,234.0,72.0,3.33,1.55,0.318
0,0.2224,Player_037,2024-08-07,2024,L,L,6,Cloudy,72.0,226.0,75.0,3.55,1.63,0.278
0,0.268,Player_013,2022-04-28,2022,R,R,5,Sunny,58.0,198.0,70.0,3.45,1.65,0.275
0,0.2125,Player_004,2022-05-18,2022,L,R,8,Sunny,87.0,218.0,77.0,3.43,1.55,0.271
1,0.2628,Player_015,2024-04-24,2024,R,R,5,Overcast,60.0,211.0,76.0,3.4,1.57,0.294
0,0.3737,Player_006,2024-06-08,2024,R,L,1,Sunny,83.0,206.0,75.0,3.37,1.65,0.279
0,0.3281,Player_029,2024-08-14,2024,L,R,2,Sunny,72.0,221.0,74.0,3.36,1.53,0.235
0,0.2953,Player_022,2022-07-06,2022,R,R,3,Sunny,73.0,219.0,70.0,3.35,1.56,
0,0.2088,Player_030,2022-05-07,2022,R,R,8,Sunny,65.0,227.0,72.0,3.58,1.51,0.25
0,0.1353,Player_013,2024-05-27,2024,R,L,1,Cloudy,75.0,211.0,75.0,3.67,1.65,0.307
0,0.194,Player_038,2022-07-30,2022,R,R,8,Sunny,62.0,217.0,71.0,3.45,1.75,0.26
0,0.1624,Player_035,2023-06-26,2023,S,R,5,Sunny,64.0,193.0,75.0,3.34,1.74,0.307
0,0.3053,Player_036,2023-06-22,2023,L,R,6,Sunny,73.0,205.0,76.0,3.39,1.61,0.277
0,0.2769,Player_028,2024-09-02,2024,R,L,9,Drizzle,86.0,228.0,77.0,3.6,1.71,0.313
1,0.2324,Player_007,2023-08-26,2023,L,R,7,Overcast,75.0,225.0,70.0,3.44,1.8,0.308
0,0.2904,Player_005,2022-05-14,2022,R,R,6,Sunny,90.0,208.0,74.0,3.57,1.63,0.258
0,0.3528,Player_038,2023-08-05,2023,R,L,8,Sunny,65.0,211.0,71.0,3.38,1.77,0.275
1,0.437,Player_034,2022-08-21,2022,L,R,5,Sunny,55.0,191.0,71.0,3.6,1.73,0.291
0,0.3539,Player_035,2024-09-08,2024,L,R,9,Sunny,67.0,199.0,77.0,3.56,1.55,0.225
1,0.2678,Player_025,2023-05-18,2023,R,R,8,Cloudy,59.0,218.0,75.0,3.39,1.63,0.236
0,0.3517,Player_034,2023-08-10,2023,L,R,9,Cloudy,75.0,182.0,75.0,3.67,1.78,0.293
0,0.3446,Player_019,2023-05-04,2023,R,L,5,Cloudy,94.0,176.0,76.0,3.51,1.55,0.311
1,0.1295,Player_006,2022-06-20,2022,L,L,6,Overcast,74.0,213.0,70.0,3.39,1.52,0.25
0,0.3837,Player_010,2022-04-14,2022,S,R,5,Overcast,62.0,221.0,74.0,3.53,1.58,0.259
0,0.2619,Player_034,2024-07-17,2024,L,R,9,Sunny,78.0,238.0,71.0,3.47,1.5,0.307
0,0.2626,Player_025,2023-08-02,2023,L,R,6,Cloudy,84.0,205.0,70.0,3.67,1.54,0.247
0,0.2252,Player_039,2023-06-20,2023,R,L,2,Sunny,89.0,183.0,77.0,3.42,1.63,0.313
0,0.2724,Player_035,2023-06-14,2023,R,L,5,Cloudy,74.0,216.0,73.0,3.65,1.73,0.234
1,0.1922,Player_030,2024-05-13,2024,L,L,2,Sunny,71.0,195.0,71.0,3.6,1.56,0.245
0,0.2601,Player_001,2024-08-16,2024,R,R,6,Sunny,,185.0,76.0,3.57,1.75,0.224
0,0.3168,Player_007,2022-09-11,2022,R,R,7,Sunny,63.0,215.0,75.0,3.37,1.8,0.229
0,0.2953,Player_015,2023-04-24,2023,R,R,8,Sunny,59.0,221.0,72.0,3.33,1.64,0.246
0,0.3267,Player_001,2023-05-20,2023,L,R,2,Sunny,85.0,178.0,76.0,3.65,1.8,0.286
0,0.2273,Player_037,2024-07-17,2024,R,L,5,Cloudy,60.0,222.0,75.0,3.53,1.67,0.24
0,0.3286,Player_009,2024-06-04,2024,R,R,4,Sunny,82.0,212.0,72.0,3.69,1.52,0.314
1,0.3239,Player_015,2024-04-02,2024,R,L,4,Drizzle,78.0,223.0,72.0,3.51,1.53,0.255
0,0.3498,Player_026,2024-04-03,2024,R,R,9,Sunny,73.0,215.0,71.0,3.54,1.65,0.272
0,0.3099,Player_001,2023-05-13,2023,R,R,6,Drizzle,70.0,205.0,72.0,3.7,1.78,0.286
0,0.3657,Player_025,2023-09-22,2023,L,R,4,Sunny,,196.0,72.0,3.59,1.53,0.234
0,0.341,Player_004,2023-07-19,2023,R,R,9,Sunny,86.0,216.0,72.0,3.44,1.67,0.289
0,0.4674,Player_036,2024-05-15,2024,R,R,5,Sunny,61.0,187.0,71.0,3.63,1.74,0.232
0,0.3653,Player_027,2022-04-11,2022,R,R,4,Sunny,93.0,210.0,71.0,3.42,1.79,0.303
0,0.2638,Player_013,2023-08-15,2023,L,L,5,Sunny,60.0,223.0,75.0,3.51,1.77,0.269
1,0.2062,Player_028,2022-06-07,2022,L,L,8,Cloudy,87.0,190.0,72.0,3.4,1.53,0.229
0,0.2617,Player_012,2022-06-10,2022,R,R,5,Sunny,72.0,180.0,70.0,3.7,1.52,0.291
0,0.2468,Player_004,2024-07-10,2024,L,L,6,Sunny,71.0,176.0,75.0,3.67,1.56,0.228
1,0.2858,Player_000,2022-05-12,2022,S,L,2,Sunny,75.0,211.0,71.0,3.65,1.58,0.317
0,0.221,Player_008,2024-08-08,2024,L,L,1,Cloudy,74.0,201.0,73.0,3.46,1.76,0.265
1,0.3335,Player_028,2023-05-27,2023,R,L,1,Sunny,60.0,217.0,76.0,3.59,1.69,0.258
0,0.1827,Player_022,2024-08-05,2024,R,R,5,Sunny,61.0,227.0,72.0,3.4,1.78,0.251
0,0.1857,Player_010,2024-07-02,2024,L,R,7,Sunny,84.0,238.0,71.0,3.46,1.63,0.265
0,0.2605,Player_027,2024-04-26,2024,L,L,2,Cloudy,82.0,195.0,75.0,3.62,1.62,
0,0.221,Player_015,2024-07-21,2024,R,R,9,Cloudy,70.0,182.0,70.0,3.32,1.58,0.272
1,0.1619,Player_006,2022-04-14,2022,R,L,2,Sunny,72.0,223.0,74.0,3.32,1.63,0.284
0,0.2554,Player_027,2023-08-07,2023,L,R,7,Cloudy,70.0,176.0,76.0,3.56,1.74,0.226
1,0.1967,Player_018,2024-06-06,2024,R,L,3,Sunny,89.0,216.0,73.0,3.61,1.71,0.305
1,0.2807,Player_026,2024-07-29,2024,R,R,1,Sunny,57.0,192.0,71.0,3.45,1.74,0.273
1,0.2366,Player_022,2024-05-13,2024,R,R,7,Cloudy,81.0,197.0,76.0,3.57,1.75,0.272
1,0.2623,Player_004,2024-06-12,2024,L,R,5,Overcast,67.0,183.0,75.0,3.66,1.5,0.245
0,0.2697,Player_001,2022-05-26,2022,L,L,6,Sunny,61.0,175.0,73.0,3.34,1.57,0.228
0,0.341,Player_004,2022-05-16,2022,L,L,9,Cloudy,61.0,187.0,71.0,3.63,1.7,
1,0.373,Player_008,2024-05-31,2024,L,L,5,Sunny,71.0,203.0,74.0,3.53,1.63,0.302
0,0.3103,Player_008,2023-04-10,2023,L,R,8,Cloudy,60.0,194.0,76.0,3.47,1.54,0.275
0,0.2658,Player_036,2024-06-10,2024,R,L,5,Cloudy,82.0,200.0,70.0,3.32,1.52,0.246
0,0.2872,Player_031,2023-04-23,2023,L,R,4,Overcast,68.0,182.0,73.0,3.45,1.78,0.279
0,0.3137,Player_035,2024-07-02,2024,S,R,4,Sunny,89.0,184.0,72.0,3.62,1.75,0.255
1,0.3273,Player_018,2024-04-16,2024,L,R,4,Sunny,60.0,223.0,72.0,3.52,1.6,0.242
0,0.3928,Player_012,2022-04-02,2022,L,R,8,Sunny,69.0,228.0,71.0,3.37,1.69,0.294
0,0.1178,Player_016,2024-06-18,2024,R,L,5,Sunny,70.0,223.0,75.0,3.39,1.54,0.237
1,0.2636,Player_034,2023-05-24,2023,R,R,9,Sunny,81.0,237.0,77.0,3.64,1.54,0.278
0,0.2937,Player_014,2023-09-05,2023,L,L,3,Cloudy,66.0,222.0,70.0,3.47,1.6,0.293
1,0.2982,Player_025,2024-05-17,2024,L,R,7,Cloudy,61.0,182.0,70.0,3.34,1.58,0.226
0,0.2343,Player_005,2023-06-11,2023,L,R,2,Cloudy,71.0,222.0,73.0,3.69,1.79,0.29
0,0.159,Player_039,2022-05-13,2022,R,L,3,Cloudy,91.0,190.0,75.0,3.4,1.51,0.221
0,0.3364,Player_025,2024-09-07,2024,R,R,1,Sunny,87.0,225.0,70.0,3.62,1.66,0.301
0,0.217,Player_038,2024-08-19,2024,L,L,9,Sunny,78.0,216.0,76.0,3.31,1.76,0.248
0,0.1472,Player_011,2022-05-01,2022,L,L,3,Sunny,94.0,230.0,75.0,3.4,1.51,0.235
0,0.34,Player_024,2024-05-15,2024,R,R,8,Overcast,85.0,236.0,72.0,3.43,1.67,0.233
0,0.3121,Player_010,2023-05-04,2023,S,R,4,Sunny,85.0,219.0,72.0,3.64,1.61,0.264
0,0.2719,Player_018,2023-04-28,2023,R,R,2,Sunny,70.0,235.0,72.0,3.6,1.56,0.249
0,0.216,Player_012,2024-05-13,2024,R,R,4,Sunny,74.0,210.0,75.0,3.42,1.57,0.267
0,0.2921,Player_005,2023-09-01,2023,L,R,4,Cloudy,92.0,235.0,71.0,3.61,1.74,0.305
1,0.3551,Player_017,2024-06-21,2024,L,L,5,Drizzle,92.0,180.0,72.0,3.62,1.64,0.23
1,0.157,Player_021,2024-06-07,2024,L,L,3,Overcast,83.0,203.0,72.0,3.5,1.51,0.246
0,0.1705,Player_006,2024-05-04,2024,R,R,7,Sunny,58.0,224.0,72.0,3.5,1.62,0.231
0,0.2061,Player_015,2024-05-03,2024,R,L,7,Cloudy,61.0,239.0,77.0,3.5,1.75,0.284
0,0.2781,Player_003,2022-07-09,2022,R,R,2,Sunny,73.0,231.0,70.0,3.37,1.71,0.282
0,0.2153,Player_025,2024-08-13,2024,S,L,5,Overcast,77.0,198.0,70.0,3.63,1.79,0.305
1,0.295,Player_012,2023-07-10,2023,S,L,6,Sunny,79.0,215.0,73.0,3.59,1.73,0.293
1,0.3562,Player_003,2022-07-28,2022,S,R,3,Sunny,65.0,180.0,73.0,3.64,1.55,0.29
0,0.3195,Player_020,2023-05-18,2023,L,R,7,Sunny,86.0,182.0,77.0,3.63,1.52,0.236
0,0.3392,Player_033,2024-09-17,2024,L,R,3,Sunny,88.0,220.0,72.0,3.61,1.64,0.302
1,0.319,Player_039,2022-08-27,2022,L,R,8,Drizzle,63.0,195.0,74.0,3.61,1.63,0.221
0,0.2507,Player_038,2023-09-06,2023,R,L,5,Sunny,86.0,211.0,75.0,3.68,1.66,0.291
0,0.2095,Player_006,2023-07-30,2023,L,R,4,Drizzle,61.0,188.0,75.0,3.54,1.7,0.301
0,0.178,Player_008,2023-08-03,2023,R,L,6,Sunny,74.0,226.0,72.0,3.63,1.58,0.243
0,0.1854,Player_035,2024-04-12,2024,R,R,6,Sunny,90.0,180.0,76.0,3.62,1.8,0.251
0,0.2696,Player_025,2022-04-29,2022,R,R,5,Cloudy,67.0,215.0,72.0,3.41,1.65,0.244
0,0.3163,Player_021,2024-04-23,2024,L,R,7,Cloudy,82.0,219.0,73.0,3.53,1.71,0.302
0,0.1686,Player_032,2024-06-25,2024,L,L,3,Overcast,89.0,228.0,70.0,3.59,1.62,0.262
0,0.3051,Player_002,2023-07-15,2023,L,R,8,Cloudy,74.0,191.0,77.0,3.34,1.71,
1,0.2187,Player_022,2023-04-22,2023,R,R,6,Cloudy,89.0,197.0,77.0,3.51,1.8,0.27
1,0.2052,Player_022,2022-08-14,2022,R,R,2,Sunny,80.0,211.0,71.0,3.3,1.55,0.293
0,0.2062,Player_037,2022-07-08,2022,R,L,9,Drizzle,75.0,193.0,74.0,3.4,1.63,0.286
0,0.2216,Player_018,2023-07-17,2023,L,R,8,Cloudy,59.0,222.0,76.0,3.49,1.71,0.291
1,0.3125,Player_020,2022-09-13,2022,L,L,2,Cloudy,83.0,224.0,70.0,3.42,1.76,0.315
0,0.2882,Player_032,2024-07-14,2024,L,R,8,Overcast,67.0,224.0,75.0,3.61,1.69,0.246
0,0.3071,Player_010,2023-04-01,2023,R,L,5,Sunny,66.0,207.0,76.0,3.55,1.57,0.241
0,0.219,Player_002,2022-08-17,2022,R,L,7,Overcast,91.0,215.0,75.0,3.41,1.69,0.285
0,0.2716,Player_018,2023-09-05,2023,L,R,4,Cloudy,68.0,186.0,76.0,3.31,1.69,0.235
1,0.3811,Player_024,2024-04-15,2024,R,L,3,Overcast,69.0,187.0,71.0,3.4,1.51,0.284
0,0.1864,Player_019,2022-07-07,2022,L,R,2,Cloudy,92.0,199.0,73.0,3.51,1.68,0.316
0,0.3699,Player_028,2024-06-23,2024,R,R,1,Sunny,66.0,188.0,75.0,3.6,1.66,0.266
1,0.4158,Player_010,2022-04-28,2022,L,R,8,Overcast,84.0,227.0,77.0,3.54,1.59,0.241
0,0.3536,Player_000,2024-05-19,2024,L,R,3,Cloudy,75.0,191.0,70.0,3.32,1.57,0.319
1,0.2569,Player_031,2023-09-02,2023,R,R,9,Sunny,57.0,235.0,71.0,3.49,1.73,0.258
0,0.3699,Player_034,2023-06-10,2023,L,L,3,Cloudy,78.0,201.0,72.0,3.68,1.52,0.231
0,0.2775,Player_024,2023-07-06,2023,L,R,4,Cloudy,73.0,224.0,76.0,3.66,1.59,0.262
1,0.2206,Player_012,2023-08-18,2023,L,L,8,Overcast,84.0,179.0,76.0,3.6,1.71,0.229
1,0.2428,Player_014,2024-06-19,2024,L,L,4,Overcast,70.0,221.0,76.0,3.41,1.56,0.228
1,0.2101,Player_019,2022-09-08,2022,R,L,7,Sunny,64.0,204.0,75.0,3.31,1.54,0.225
1,0.2137,Player_016,2022-06-29,2022,R,R,1,Sunny,64.0,227.0,74.0,3.48,1.79,0.265
0,0.3577,Player_008,2022-09-25,2022,R,R,9,Sunny,76.0,186.0,73.0,3.45,1.67,0.266
0,0.2459,Player_014,2023-04-27,2023,L,R,6,Cloudy,94.0,188.0,74.0,3.57,1.58,0.293
0,0.2779,Player_011,2024-09-06,2024,R,R,7,Overcast,73.0,231.0,70.0,3.33,1.55,0.274
1,0.1989,Player_017,2022-04-21,2022,L,R,1,Cloudy,60.0,212.0,70.0,3.67,1.5,0.306
0,0.3022,Player_015,2024-08-24,2024,L,R,9,Overcast,87.0,211.0,70.0,3.59,1.72,0.307
1,0.1891,Player_021,2024-07-28,2024,L,L,5,Cloudy,67.0,213.0,71.0,3.69,1.61,0.237
1,0.1974,Player_032,2022-07-10,2022,R,R,2,Cloudy,71.0,198.0,72.0,3.65,1.56,0.224
1,0.2723,Player_013,2022-09-06,2022,R,R,2,Drizzle,88.0,236.0,73.0,3.47,1.77,0.291
1,0.354,Player_002,2023-07-25,2023,R,R,1,Sunny,59.0,211.0,77.0,3.56,1.71,0.221
0,0.2808,Player_032,2022-08-04,2022,R,L,7,Sunny,60.0,175.0,77.0,3.64,1.74,0.259
0,0.3156,Player_007,2024-08-13,2024,R,R,2,Sunny,63.0,193.0,76.0,3.38,1.7,0.225
1,0.2709,Player_037,2023-08-30,2023,R,R,9,Sunny,70.0,238.0,71.0,3.3,1.78,0.266
0,0.2265,Player_021,2023-05-12,2023,R,L,3,Cloudy,89.0,206.0,74.0,3.42,1.6,0.265
0,0.3254,Player_020,2024-08-30,2024,L,L,1,Sunny,80.0,222.0,73.0,3.47,1.55,0.305
1,0.2606,Player_016,2022-07-16,2022,L,R,8,Sunny,86.0,176.0,75.0,3.55,1.5,0.285
0,0.3584,Player_028,2024-04-05,2024,L,R,7,Sunny,68.0,176.0,70.0,3.41,1.51,0.26
0,0.3665,Player_026,2024-09-12,2024,S,R,5,Sunny,71.0,188.0,70.0,3.48,1.76,0.271
0,0.1911,Player_037,2023-08-17,2023,R,L,8,Sunny,,208.0,72.0,3.56,1.68,0.275
0,0.2314,Player_000,2023-09-08,2023,S,R,7,Overcast,59.0,214.0,70.0,3.63,1.51,
1,0.2318,Player_007,2022-08-17,2022,L,L,2,Cloudy,77.0,179.0,72.0,3.39,1.53,0.298
0,0.1773,Player_011,2024-06-01,2024,R,R,4,Overcast,68.0,234.0,73.0,3.62,1.71,0.267
0,0.2671,Player_007,2023-06-02,2023,L,R,9,Sunny,93.0,214.0,77.0,3.68,1.62,0.284
0,0.3911,Player_037,2024-05-19,2024,L,R,7,Sunny,82.0,197.0,75.0,3.46,1.73,0.223
1,0.1968,Player_002,2024-06-12,2024,L,L,6,Cloudy,89.0,204.0,71.0,3.52,1.78,0.231
1,0.3928,Player_004,2023-04-07,2023,L,R,2,Sunny,62.0,207.0,74.0,3.3,1.73,0.279
0,0.2497,Player_017,2024-08-12,2024,R,R,5,Sunny,59.0,225.0,70.0,3.58,1.55,0.294
0,0.448,Player_010,2023-08-14,2023,L,R,2,Cloudy,,181.0,77.0,3.65,1.69,0.252
0,0.2023,Player_013,2022-09-25,2022,R,L,7,Overcast,77.0,212.0,70.0,3.31,1.68,0.315
0,0.2699,Player_024,2024-07-08,2024,R,R,2,Overcast,77.0,208.0,71.0,3.64,1.75,0.305
0,0.2363,Player_022,2023-09-25,2023,L,R,3,Sunny,81.0,226.0,74.0,3.36,1.56,0.272
0,0.2019,Player_034,2024-05-07,2024,R,L,6,Cloudy,88.0,198.0,75.0,3.64,1.72,0.284
0,0.3937,Player_018,2024-06-24,2024,L,R,1,Sunny,68.0,198.0,74.0,3.52,1.68,0.279
0,0.3132,Player_037,2022-08-19,2022,S,R,7,Overcast,66.0,227.0,77.0,3.45,1.64,0.251
0,0.352,Player_007,2023-08-21,2023,R,R,4,Drizzle,65.0,230.0,71.0,3.68,1.59,
0,0.1879,Player_007,2022-08-18,2022,R,R,5,Cloudy,69.0,228.0,77.0,3.54,1.51,0.3
0,0.3258,Player_015,2022-06-23,2022,R,R,7,Sunny,78.0,231.0,71.0,3.32,1.74,0.266
0,0.232,Player_004,2024-04-13,2024,L,R,7,Overcast,87.0,181.0,75.0,3.61,1.53,0.304
0,0.1864,Player_001,2022-09-03,2022,R,R,9,Cloudy,71.0,217.0,72.0,3.37,1.61,0.257
0,0.2867,Player_014,2024-06-07,2024,L,L,2,Overcast,71.0,219.0,75.0,3.67,1.65,0.221
1,0.316,Player_021,2023-07-26,2023,L,R,4,Cloudy,91.0,192.0,70.0,3.37,1.6,0.233
0,0.3037,Player_011,2023-04-24,2023,L,R,1,Drizzle,68.0,204.0,75.0,3.5,1.7,0.236
1,0.3302,Player_010,2022-09-16,2022,R,R,3,Sunny,61.0,239.0,76.0,3.51,1.6,0.293
0,0.3111,Player_003,2022-05-17,2022,R,L,5,Cloudy,68.0,184.0,72.0,3.53,1.65,0.223
0,0.3829,Player_004,2023-09-27,2023,R,R,2,Sunny,56.0,228.0,76.0,3.51,1.53,0.302
0,0.1967,Player_035,2023-08-07,2023,R,R,5,Cloudy,69.0,195.0,74.0,3.48,1.63,0.289
0,0.4051,Player_002,2023-05-30,2023,L,R,9,Drizzle,90.0,230.0,72.0,3.59,1.67,0.252
1,0.4118,Player_028,2023-06-06,2023,R,R,1,Cloudy,87.0,209.0,74.0,3.36,1.76,0.272
1,0.2744,Player_028,2022-09-24,2022,L,R,3,Cloudy,90.0,175.0,74.0,3.61,1.55,0.313
0,0.1632,Player_008,2023-07-16,2023,R,R,3,Sunny,67.0,182.0,72.0,3.31,1.6,0.227
1,0.2032,Player_009,2023-08-03,2023,L,R,9,Sunny,71.0,228.0,72.0,3.64,1.58,0.256
0,0.2477,Player_014,2022-07-20,2022,S,R,7,Cloudy,88.0,226.0,73.0,3.6,1.55,0.259
1,0.441,Player_026,2024-05-12,2024,L,R,2,Sunny,85.0,189.0,70.0,3.62,1.62,0.316
1,0.3012,Player_001,2022-04-24,2022,L,R,7,Sunny,62.0,216.0,74.0,3.42,1.77,0.318
0,0.2068,Player_032,2022-04-01,2022,R,L,1,Cloudy,,208.0,74.0,3.64,1.61,0.304
1,0.252,Player_013,2023-06-12,2023,L,R,8,Cloudy,59.0,178.0,74.0,3.58,1.58,0.258
1,0.1774,Player_019,2023-08-02,2023,L,L,3,Sunny,65.0,220.0,75.0,3.69,1.79,0.309
1,0.3112,Player_036,2024-05-24,2024,R,L,7,Sunny,76.0,185.0,73.0,3.31,1.71,0.268
0,0.2936,Player_005,2024-05-10,2024,L,R,5,Sunny,81.0,201.0,72.0,3.62,1.61,0.284
1,0.427,Player_037,2024-06-08,2024,R,R,7,Cloudy,86.0,175.0,76.0,3.55,1.72,0.313
0,0.344,Player_024,2023-05-12,2023,L,R,4,Overcast,84.0,190.0,71.0,3.7,1.69,
0,0.3381,Player_017,2023-06-18,2023,R,R,5,Sunny,66.0,235.0,70.0,3.48,1.76,0.306
1,0.2631,Player_002,2022-07-09,2022,R,R,9,Sunny,69.0,207.0,72.0,3.41,1.53,0.26
0,0.2036,Player_002,2024-05-19,2024,R,R,8,Overcast,83.0,222.0,75.0,3.65,1.66,0.307
1,0.2188,Player_032,2023-04-06,2023,R,R,5,Sunny,92.0,194.0,72.0,3.43,1.71,0.275
0,0.1542,Player_016,2023-04-19,2023,R,L,9,Cloudy,89.0,177.0,71.0,3.58,1.8,
0,0.3437,Player_030,2023-06-14,2023,S,R,2,Sunny,93.0,214.0,73.0,3.43,1.68,0.297
1,0.2431,Player_033,2024-05-01,2024,L,L,7,Drizzle,82.0,190.0,71.0,3.68,1.54,0.232
0,0.3367,Player_016,2023-08-22,2023,L,L,6,Cloudy,74.0,182.0,76.0,3.51,1.79,
0,0.2595,Player_012,2022-04-30,2022,R,L,3,Sunny,85.0,207.0,70.0,3.43,1.64,0.235
0,0.2595,Player_010,2024-04-04,2024,R,R,4,Sunny,58.0,201.0,71.0,3.63,1.65,0.304
0,0.2181,Player_025,2022-07-21,2022,L,R,4,Sunny,92.0,182.0,76.0,3.32,1.58,0.307
0,0.3211,Player_028,2024-07-21,2024,L,R,7,Sunny,91.0,213.0,75.0,3.34,1.74,0.277
0,0.2647,Player_013,2023-07-30,2023,R,R,6,Sunny,75.0,203.0,71.0,3.63,1.66,0.248
1,0.3432,Player_022,2024-04-28,2024,R,R,8,Cloudy,75.0,239.0,77.0,3.43,1.79,0.259
1,0.1999,Player_021,2024-07-31,2024,S,L,6,Overcast,76.0,180.0,70.0,3.37,1.66,0.238
1,0.3231,Player_005,2023-09-03,2023,R,R,9,Sunny,60.0,207.0,71.0,3.53,1.55,0.22
0,0.3949,Player_021,2024-07-17,2024,R,R,8,Sunny,63.0,226.0,71.0,3.4,1.73,0.304
0,0.3191,Player_030,2022-06-10,2022,L,R,6,Overcast,84.0,202.0,74.0,3.69,1.54,0.239
0,0.305,Player_038,2022-06-26,2022,R,L,1,Sunny,56.0,188.0,74.0,3.63,1.59,0.228
1,0.31,Player_013,2023-08-25,2023,L,L,4,Cloudy,82.0,239.0,72.0,3.66,1.78,0.233
0,0.4129,Player_009,2023-04-26,2023,R,R,2,Overcast,67.0,196.0,71.0,3.63,1.79,0.313
1,0.296,Player_035,2022-08-09,2022,L,L,4,Cloudy,60.0,235.0,74.0,3.65,1.73,0.256
0,0.329,Player_036,2023-05-19,2023,R,R,9,Cloudy,78.0,229.0,73.0,3.44,1.56,0.285
0,0.2775,Player_033,2024-09-05,2024,R,R,4,Drizzle,65.0,218.0,77.0,3.57,1.72,0.223
1,0.1958,Player_013,2024-04-25,2024,R,L,8,Sunny,72.0,225.0,70.0,3.66,1.68,0.273
0,0.1654,Player_011,2022-07-03,2022,R,L,5,Sunny,89.0,210.0,77.0,3.57,1.63,0.295
1,0.3887,Player_024,2023-06-12,2023,L,R,6,Sunny,82.0,218.0,76.0,3.7,1.63,0.227
1,0.2094,Player_010,2022-06-27,2022,R,R,1,Sunny,93.0,192.0,73.0,3.65,1.64,0.25
0,0.3522,Player_030,2022-06-08,2022,L,R,7,Sunny,70.0,178.0,75.0,3.33,1.6,
0,0.2991,Player_015,2024-04-06,2024,L,L,3,Sunny,71.0,215.0,76.0,3.5,1.66,0.309
0,0.3342,Player_013,2024-09-01,2024,L,L,5,Cloudy,82.0,227.0,77.0,3.41,1.51,0.287
1,0.264,Player_032,2022-07-06,2022,L,R,9,Sunny,60.0,229.0,74.0,3.65,1.75,0.307
1,0.2446,Player_014,2022-07-18,2022,L,R,3,Overcast,89.0,224.0,70.0,3.67,1.77,0.258
0,0.2765,Player_005,2023-07-03,2023,R,L,9,Sunny,69.0,238.0,76.0,3.53,1.62,0.279
1,0.2595,Player_031,2023-07-05,2023,R,R,8,Cloudy,,213.0,71.0,3.32,1.78,0.272
0,0.1938,Player_012,2022-07-19,2022,R,R,1,Sunny,75.0,186.0,77.0,3.44,1.73,0.248
0,0.4357,Player_026,2022-06-15,2022,L,R,4,Sunny,57.0,188.0,76.0,3.38,1.75,0.262
1,0.2446,Player_026,2023-04-24,2023,L,R,9,Cloudy,67.0,192.0,75.0,3.51,1.77,0.244
1,0.2304,Player_003,2022-04-06,2022,L,R,5,Sunny,60.0,238.0,72.0,3.69,1.6,0.222
0,0.2331,Player_001,2024-07-06,2024,R,L,8,Cloudy,79.0,232.0,70.0,3.44,1.74,0.317
0,0.3377,Player_032,2024-05-03,2024,R,L,9,Cloudy,83.0,222.0,73.0,3.59,1.54,0.316
0,0.1483,Player_002,2023-06-21,2023,L,R,1,Cloudy,55.0,230.0,71.0,3.63,1.79,0.302
0,0.3619,Player_013,2023-07-18,2023,R,R,7,Cloudy,55.0,197.0,77.0,3.63,1.68,0.237
0,0.2362,Player_030,2024-07-16,2024,L,R,9,Overcast,87.0,221.0,76.0,3.36,1.71,0.222
1,0.3185,Player_007,2022-05-01,2022,L,R,6,Sunny,68.0,185.0,71.0,3.39,1.59,0.24
0,0.2227,Player_020,2024-07-27,2024,L,L,9,Drizzle,88.0,181.0,70.0,3.39,1.51,0.307
0,0.4094,Player_004,2022-09-17,2022,L,L,7,Sunny,81.0,216.0,77.0,3.42,1.55,0.235
1,0.2587,Player_022,2024-06-04,2024,R,L,6,Sunny,86.0,220.0,74.0,3.32,1.54,0.243
0,0.2004,Player_028,2022-04-22,2022,R,L,2,Drizzle,70.0,213.0,75.0,3.52,1.63,0.289
0,0.2789,Player_009,2024-06-29,2024,L,R,8,Sunny,,205.0,74.0,3.6,1.59,0.268
1,0.2863,Player_011,2022-07-21,2022,R,R,8,Overcast,83.0,214.0,72.0,3.4,1.78,0.285
0,0.2924,Player_021,2024-06-10,2024,R,R,3,Cloudy,80.0,199.0,76.0,3.56,1.75,0.276
0,0.3107,Player_031,2023-07-17,2023,S,R,2,Overcast,77.0,194.0,71.0,3.52,1.66,0.277
0,0.2799,Player_021,2022-08-16,2022,R,R,6,Sunny,69.0,191.0,76.0,3.34,1.76,0.307
0,0.1736,Player_028,2024-07-13,2024,L,L,9,Cloudy,79.0,198.0,77.0,3.4,1.68,0.242
0,0.2562,Player_016,2022-08-22,2022,R,R,7,Sunny,70.0,195.0,70.0,3.4,1.78,0.234
0,0.3425,Player_005,2023-04-27,2023,L,R,8,Sunny,90.0,185.0,76.0,3.5,1.72,0.26
0,0.2331,Player_038,2023-05-23,2023,S,R,6,Cloudy,83.0,209.0,75.0,3.55,1.72,0.273
1,0.3471,Player_031,2024-07-08,2024,L,R,4,Cloudy,70.0,201.0,76.0,3.42,1.58,0.269
0,0.2522,Player_001,2024-05-16,2024,R,L,3,Cloudy,88.0,185.0,76.0,3.35,1.74,0.274
0,0.2548,Player_011,2023-09-26,2023,L,L,8,Cloudy,57.0,233.0,77.0,3.41,1.73,0.269
0,0.3536,Player_016,2024-07-31,2024,L,L,6,Overcast,88.0,208.0,70.0,3.32,1.52,0.272
1,0.1583,Player_003,2024-06-13,2024,R,R,7,Sunny,71.0,184.0,72.0,3.6,1.52,0.313
0,0.2027,Player_034,2024-08-17,2024,R,L,8,Sunny,64.0,178.0,73.0,3.58,1.76,0.225
1,0.3563,Player_006,2023-09-24,2023,L,L,9,Overcast,88.0,180.0,77.0,3.57,1.79,0.314
0,0.3781,Player_008,2023-04-02,2023,R,L,8,Cloudy,81.0,201.0,75.0,3.55,1.68,0.279
1,0.44,Player_012,2022-07-10,2022,R,R,5,Sunny,57.0,190.0,74.0,3.42,1.55,0.225
0,0.3035,Player_037,2023-06-16,2023,L,R,2,Sunny,65.0,237.0,72.0,3.35,1.63,0.225
0,0.3121,Player_009,2022-08-14,2022,R,R,6,Sunny,73.0,205.0,70.0,3.54,1.51,0.277
0,0.3372,Player_017,2024-05-25,2024,R,R,5,Overcast,80.0,223.0,72.0,3.59,1.75,0.289
0,0.3393,Player_027,2023-05-29,2023,R,L,9,Sunny,87.0,190.0,73.0,3.62,1.53,0.272
1,0.3219,Player_006,2023-08-16,2023,L,R,1,Cloudy,69.0,179.0,70.0,3.59,1.6,
0,0.3348,Player_003,2022-09-08,2022,L,L,8,Cloudy,87.0,196.0,71.0,3.56,1.67,0.248
0,0.2822,Player_003,2022-04-26,2022,R,L,6,Drizzle,86.0,219.0,76.0,3.63,1.71,0.281
0,0.3166,Player_007,2024-07-19,2024,R,R,1,Sunny,70.0,224.0,71.0,3.6,1.77,0.31
0,0.1857,Player_013,2023-08-19,2023,R,L,3,Overcast,92.0,187.0,71.0,3.68,1.63,0.262
0,0.227,Player_037,2024-04-29,2024,S,L,1,Cloudy,92.0,194.0,70.0,3.3,1.56,0.29
1,0.2434,Player_036,2023-07-29,2023,R,R,9,Sunny,66.0,205.0,73.0,3.36,1.53,0.222
1,0.1968,Player_022,2022-09-24,2022,R,R,6,Sunny,77.0,197.0,70.0,3.53,1.7,0.265
0,0.1344,Player_037,2024-08-29,2024,R,L,6,Sunny,,194.0,74.0,3.46,1.54,0.296
1,0.2503,Player_001,2024-05-04,2024,R,R,5,Sunny,76.0,238.0,70.0,3.44,1.7,0.304
0,0.2615,Player_022,2022-09-26,2022,R,R,4,Sunny,84.0,235.0,70.0,3.6,1.64,0.274
0,0.2774,Player_017,2024-06-03,2024,L,L,2,Sunny,86.0,198.0,77.0,3.51,1.62,0.277
0,0.2889,Player_004,2022-06-25,2022,R,L,7,Overcast,77.0,178.0,73.0,3.51,1.58,0.234
0,0.3132,Player_022,2022-05-23,2022,L,R,2,Sunny,69.0,198.0,72.0,3.32,1.77,0.25
0,0.282,Player_018,2022-08-04,2022,L,R,2,Sunny,75.0,232.0,71.0,3.48,1.71,0.287
0,0.2159,Player_030,2023-04-23,2023,R,R,9,Cloudy,88.0,233.0,73.0,3.54,1.66,0.297
1,0.3614,Player_016,2024-08-05,2024,L,R,1,Overcast,67.0,220.0,71.0,3.41,1.63,0.228
0,0.2629,Player_017,2022-04-10,2022,L,L,9,Drizzle,88.0,218.0,71.0,3.4,1.61,0.316
0,0.2496,Player_009,2024-08-30,2024,R,R,1,Overcast,63.0,198.0,72.0,3.52,1.62,0.315
0,0.2669,Player_018,2024-05-28,2024,R,R,5,Overcast,73.0,203.0,71.0,3.66,1.76,0.239
0,0.2187,Player_003,2023-07-03,2023,L,L,6,Sunny,58.0,232.0,73.0,3.35,1.63,0.225
1,0.2629,Player_022,2022-05-12,2022,L,R,2,Cloudy,89.0,189.0,73.0,3.42,1.5,0.254
0,0.2306,Player_015,2022-04-20,2022,L,L,8,Sunny,83.0,201.0,73.0,3.32,1.78,0.316
0,0.2599,Player_010,2022-04-05,2022,R,R,9,Drizzle,59.0,232.0,76.0,3.43,1.68,0.264
0,0.3259,Player_014,2024-09-23,2024,R,R,3,Sunny,63.0,220.0,70.0,3.58,1.55,0.251
1,0.3285,Player_035,2024-04-24,2024,L,R,2,Cloudy,76.0,182.0,72.0,3.43,1.54,0.309
0,0.3883,Player_028,2022-04-11,2022,R,R,7,Sunny,74.0,226.0,72.0,3.46,1.61,0.233
1,0.3848,Player_034,2023-07-02,2023,L,R,4,Overcast,59.0,179.0,73.0,3.67,1.68,0.314
0,0.4069,Player_015,2022-09-21,2022,L,L,1,Sunny,90.0,193.0,70.0,3.44,1.78,0.301
0,0.3191,Player_015,2022-04-15,2022,S,R,7,Overcast,73.0,234.0,72.0,3.52,1.52,0.258
0,0.338,Player_000,2023-05-16,2023,L,R,4,Drizzle,81.0,179.0,72.0,3.67,1.61,0.299
0,0.2359,Player_027,2022-07-10,2022,L,L,4,Sunny,85.0,187.0,77.0,3.5,1.58,0.296
0,0.3578,Player_000,2022-06-28,2022,L,R,6,Overcast,61.0,231.0,70.0,3.37,1.63,0.278
0,0.2041,Player_038,2023-04-27,2023,R,L,6,Sunny,68.0,218.0,73.0,3.36,1.74,0.298
0,0.1771,Player_027,2023-09-19,2023,R,R,8,Sunny,84.0,190.0,71.0,3.66,1.55,0.27
0,0.3868,Player_018,2023-06-04,2023,S,R,8,Sunny,85.0,197.0,77.0,3.65,1.78,0.304
0,0.2126,Player_026,2023-07-31,2023,L,R,9,Cloudy,63.0,235.0,74.0,3.4,1.58,0.299
0,0.3307,Player_039,2023-06-22,2023,L,R,9,Sunny,67.0,214.0,72.0,3.55,1.73,0.311
0,0.1884,Player_006,2023-07-15,2023,R,L,6,Cloudy,86.0,195.0,77.0,3.37,1.69,0.3
0,0.3789,Player_029,2023-09-10,2023,L,R,6,Overcast,68.0,184.0,75.0,3.39,1.66,0.312
0,0.3384,Player_034,2024-05-28,2024,R,L,5,Sunny,58.0,201.0,71.0,3.67,1.75,0.238
1,0.287,Player_023,2022-08-25,2022,R,L,6,Sunny,74.0,195.0,75.0,3.46,1.68,0.248
0,0.3872,Player_026,2023-05-23,2023,L,R,1,Sunny,60.0,202.0,75.0,3.38,1.73,0.265
0,0.2805,Player_020,2022-05-28,2022,R,R,4,Sunny,78.0,178.0,74.0,3.51,1.68,0.244
0,0.4564,Player_006,2023-04-06,2023,L,R,3,Drizzle,92.0,205.0,70.0,3.64,1.72,0.31
1,0.3222,Player_039,2023-06-02,2023,L,L,6,Sunny,59.0,191.0,75.0,3.63,1.51,0.238
0,0.217,Player_011,2024-07-14,2024,R,R,9,Cloudy,66.0,237.0,72.0,3.56,1.69,0.266
0,0.2549,Player_015,2024-07-24,2024,R,L,5,Drizzle,77.0,192.0,70.0,3.63,1.77,0.272
0,0.2393,Player_038,2023-06-17,2023,R,L,6,Sunny,61.0,190.0,73.0,3.61,1.7,0.307
0,0.2625,Player_002,2022-06-04,2022,R,R,4,Cloudy,,194.0,73.0,3.69,1.75,0.246
1,0.134,Player_016,2024-05-10,2024,S,L,4,Overcast,63.0,214.0,70.0,3.56,1.8,0.317
0,0.2771,Player_022,2022-09-10,2022,S,L,7,Cloudy,80.0,222.0,71.0,3.54,1.55,0.249
0,0.183,Player_009,2023-06-09,2023,R,R,3,Sunny,69.0,194.0,75.0,3.66,1.71,0.236
0,0.1232,Player_026,2024-05-25,2024,L,R,8,Overcast,,220.0,75.0,3.44,1.77,0.245
1,0.2259,Player_020,2023-09-17,2023,R,L,2,Drizzle,88.0,183.0,71.0,3.5,1.51,
1,0.2271,Player_010,2023-07-24,2023,S,R,3,Overcast,94.0,187.0,71.0,3.64,1.55,0.235
1,0.2097,Player_008,2022-08-31,2022,L,L,7,Overcast,61.0,193.0,76.0,3.69,1.57,0.223
1,0.0628,Player_011,2022-06-09,2022,R,R,1,Overcast,92.0,220.0,70.0,3.47,1.76,0.249
1,0.2104,Player_031,2024-06-16,2024,L,L,4,Cloudy,55.0,210.0,74.0,3.54,1.79,0.274
0,0.2578,Player_020,2022-08-10,2022,L,L,4,Sunny,63.0,204.0,73.0,3.64,1.77,0.256
0,0.2356,Player_031,2023-09-24,2023,R,R,9,Drizzle,89.0,214.0,75.0,3.51,1.64,0.236
0,0.2971,Player_028,2023-08-20,2023,L,L,2,Sunny,89.0,187.0,70.0,3.46,1.7,0.256
0,0.3475,Player_032,2023-06-23,2023,R,L,5,Overcast,66.0,192.0,71.0,3.33,1.53,0.289
0,0.2861,Player_034,2022-07-17,2022,R,L,5,Sunny,88.0,220.0,76.0,3.38,1.79,0.264
0,0.3518,Player_024,2022-06-02,2022,R,R,8,Cloudy,58.0,239.0,72.0,3.43,1.78,0.277
0,0.3776,Player_014,2023-06-22,2023,L,R,5,Overcast,68.0,175.0,73.0,3.46,1.68,0.315
0,0.2287,Player_027,2023-06-09,2023,L,R,2,Overcast,56.0,198.0,75.0,3.61,1.54,0.295
0,0.3107,Player_037,2024-04-17,2024,R,R,8,Sunny,75.0,232.0,73.0,3.37,1.78,0.3
0,0.3497,Player_012,2023-09-05,2023,R,R,2,Cloudy,90.0,229.0,73.0,3.33,1.77,0.249
0,0.2495,Player_019,2024-04-24,2024,R,R,7,Sunny,79.0,192.0,70.0,3.54,1.8,0.271
0,0.2247,Player_035,2022-05-19,2022,R,R,3,Sunny,75.0,177.0,75.0,3.3,1.65,0.254
0,0.3371,Player_023,2023-05-16,2023,L,R,2,Cloudy,62.0,211.0,71.0,3.67,1.6,0.268
0,0.1763,Player_005,2024-05-09,2024,R,R,2,Drizzle,,220.0,73.0,3.4,1.61,0.231
0,0.2238,Player_014,2024-06-28,2024,L,R,9,Drizzle,67.0,191.0,72.0,3.63,1.65,0.272
1,0.2233,Player_010,2023-09-20,2023,L,L,9,Cloudy,79.0,194.0,75.0,3.45,1.77,0.273
0,0.3115,Player_019,2023-05-30,2023,R,R,6,Overcast,60.0,218.0,75.0,3.7,1.54,0.277
0,0.2853,Player_039,2024-08-10,2024,L,L,8,Sunny,75.0,209.0,75.0,3.5,1.69,0.243
1,0.3723,Player_033,2022-08-10,2022,L,R,9,Sunny,74.0,193.0,74.0,3.69,1.77,0.242
1,0.2055,Player_038,2022-08-16,2022,L,L,4,Cloudy,85.0,229.0,72.0,3.49,1.58,0.257
0,0.2017,Player_029,2023-07-22,2023,L,L,7,Overcast,91.0,233.0,72.0,3.59,1.66,0.274
0,0.3167,Player_020,2024-08-11,2024,R,R,5,Cloudy,91.0,222.0,77.0,3.33,1.74,0.254
0,0.2441,Player_026,2023-08-16,2023,L,R,2,Sunny,68.0,236.0,75.0,3.48,1.65,0.291
0,0.2378,Player_019,2023-08-01,2023,R,R,5,Sunny,80.0,198.0,75.0,3.41,1.66,0.279
0,0.15,Player_001,2024-07-09,2024,R,R,1,Sunny,81.0,182.0,76.0,3.62,1.73,0.231
1,0.3204,Player_004,2022-04-17,2022,L,R,6,Overcast,88.0,222.0,70.0,3.51,1.55,0.242
1,0.4079,Player_022,2024-06-30,2024,L,R,3,Sunny,87.0,211.0,70.0,3.56,1.71,0.28
0,0.2079,Player_026,2022-08-14,2022,R,R,1,Sunny,55.0,201.0,70.0,3.4,1.77,0.273
0,0.3515,Player_010,2024-05-31,2024,R,R,7,Cloudy,87.0,191.0,73.0,3.35,1.53,0.254
1,0.2758,Player_001,2023-05-15,2023,R,R,4,Sunny,74.0,179.0,75.0,3.57,1.52,0.237
0,0.1564,Player_002,2022-07-16,2022,R,R,5,Sunny,93.0,186.0,77.0,3.48,1.53,0.312
1,0.2374,Player_012,2023-04-24,2023,L,R,1,Cloudy,79.0,218.0,75.0,3.47,1.72,0.265
0,0.233,Player_034,2024-08-07,2024,L,R,1,Sunny,70.0,189.0,75.0,3.69,1.62,0.241
0,0.2578,Player_016,2023-09-24,2023,R,R,9,Cloudy,63.0,235.0,77.0,3.35,1.64,0.292
1,0.3294,Player_038,2022-06-27,2022,L,R,6,Drizzle,92.0,205.0,71.0,3.56,1.72,0.246
1,0.4094,Player_035,2022-04-06,2022,R,R,4,Sunny,61.0,180.0,75.0,3.32,1.66,0.247
0,0.1798,Player_034,2023-05-19,2023,R,R,6,Sunny,58.0,217.0,75.0,3.57,1.68,0.303
0,0.2461,Player_038,2024-04-05,2024,R,R,7,Cloudy,60.0,219.0,71.0,3.52,1.76,0.311
0,0.2173,Player_009,2023-06-22,2023,R,R,2,Cloudy,77.0,186.0,73.0,3.59,1.64,0.267
0,0.2112,Player_038,2022-05-26,2022,L,R,9,Drizzle,66.0,229.0,70.0,3.6,1.76,0.283
1,0.3067,Player_036,2024-08-17,2024,L,R,6,Sunny,78.0,222.0,73.0,3.35,1.66,0.256
0,0.3001,Player_031,2023-08-30,2023,L,R,3,Overcast,87.0,213.0,74.0,3.41,1.62,0.283
0,0.123,Player_007,2022-06-18,2022,R,L,3,Sunny,66.0,182.0,73.0,3.4,1.58,0.293
0,0.3013,Player_011,2023-09-24,2023,L,R,1,Sunny,56.0,206.0,73.0,3.54,1.72,0.292
0,0.2156,Player_026,2023-06-20,2023,L,R,3,Cloudy,69.0,238.0,75.0,3.4,1.69,0.224
1,0.3008,Player_001,2024-04-21,2024,L,R,4,Sunny,79.0,190.0,77.0,3.51,1.74,0.23
0,0.3589,Player_032,2023-09-11,2023,L,L,2,Sunny,84.0,235.0,73.0,3.48,1.66,0.291
0,0.3124,Player_017,2022-06-11,2022,R,R,7,Sunny,57.0,187.0,75.0,3.53,1.76,0.273
1,0.3124,Player_000,2024-09-06,2024,L,R,3,Sunny,90.0,214.0,73.0,3.44,1.59,0.314
0,0.213,Player_011,2022-08-11,2022,S,L,5,Cloudy,78.0,200.0,77.0,3.67,1.72,0.23
0,0.3047,Player_015,2024-09-16,2024,L,R,6,Sunny,74.0,179.0,74.0,3.69,1.62,0.319
0,0.3194,Player_026,2023-07-26,2023,R,R,1,Sunny,65.0,216.0,76.0,3.44,1.53,0.233
0,0.3325,Player_024,2024-07-15,2024,L,R,2,Sunny,93.0,205.0,72.0,3.67,1.66,0.223
0,0.2631,Player_014,2024-05-12,2024,L,L,1,Cloudy,61.0,195.0,75.0,3.62,1.57,0.31
0,0.2652,Player_024,2024-05-20,2024,R,L,7,Drizzle,72.0,190.0,72.0,3.39,1.52,0.27
0,0.1878,Player_035,2022-05-30,2022,S,R,7,Sunny,73.0,206.0,74.0,3.53,1.61,0.249
0,0.1986,Player_014,2024-05-25,2024,R,L,2,Drizzle,76.0,181.0,71.0,3.45,1.79,0.277
0,0.3495,Player_014,2024-07-15,2024,L,R,7,Cloudy,64.0,213.0,74.0,3.62,1.77,0.258
0,0.3589,Player_004,2023-09-04,2023,L,R,8,Drizzle,92.0,181.0,71.0,3.66,1.79,0.319
0,0.2566,Player_015,2023-04-07,2023,R,L,1,Cloudy,70.0,188.0,74.0,3.55,1.51,0.297
0,0.4035,Player_011,2023-07-21,2023,L,R,2,Sunny,83.0,208.0,73.0,3.55,1.55,0.286
0,0.3156,Player_030,2024-08-14,2024,R,R,8,Overcast,80.0,223.0,76.0,3.59,1.57,0.252
1,0.2637,Player_004,2024-06-18,2024,R,R,3,Cloudy,63.0,200.0,70.0,3.5,1.72,0.223
0,0.1946,Player_023,2023-05-20,2023,R,R,4,Overcast,92.0,215.0,71.0,3.49,1.79,0.3
0,0.3807,Player_030,2023-06-17,2023,R,R,6,Overcast,73.0,235.0,75.0,3.53,1.62,0.225
0,0.3039,Player_010,2022-08-28,2022,R,L,1,Cloudy,79.0,213.0,77.0,3.63,1.68,0.231
0,0.3959,Player_002,2023-09-12,2023,L,L,4,Cloudy,80.0,223.0,76.0,3.56,1.53,0.279
0,0.4517,Player_027,2024-08-01,2024,L,R,4,Sunny,75.0,206.0,74.0,3.36,1.69,0.296
0,0.1899,Player_023,2023-06-27,2023,R,R,8,Cloudy,80.0,191.0,72.0,3.36,1.77,0.261
0,0.1601,Player_022,2024-07-25,2024,R,L,7,Cloudy,77.0,198.0,73.0,3.47,1.7,0.279
1,0.0696,Player_035,2023-07-31,2023,L,L,3,Cloudy,84.0,197.0,76.0,3.56,1.7,0.317
0,0.3643,Player_004,2023-08-17,2023,L,R,6,Sunny,73.0,210.0,71.0,3.46,1.65,0.248
0,0.296,Player_007,2024-04-26,2024,R,L,4,Drizzle,87.0,184.0,77.0,3.45,1.63,0.224
1,0.2868,Player_018,2022-04-14,2022,R,R,5,Sunny,77.0,224.0,72.0,3.66,1.61,0.242
0,0.1942,Player_022,2024-06-01,2024,R,R,7,Sunny,94.0,184.0,73.0,3.65,1.75,0.265
0,0.2938,Player_036,2024-05-16,2024,L,R,3,Sunny,77.0,220.0,74.0,3.49,1.69,0.298
0,0.2829,Player_024,2024-07-19,2024,L,L,6,Sunny,78.0,205.0,72.0,3.59,1.59,0.262
0,0.3048,Player_008,2024-07-02,2024,R,L,4,Sunny,74.0,222.0,71.0,3.48,1.66,0.279
1,0.3191,Player_034,2023-09-13,2023,L,R,6,Sunny,70.0,186.0,72.0,3.54,1.53,0.277
0,0.3265,Player_016,2023-08-18,2023,R,R,4,Sunny,86.0,188.0,70.0,3.41,1.51,0.269
0,0.2413,Player_034,2024-04-26,2024,R,L,9,Sunny,80.0,191.0,75.0,3.5,1.54,0.236
1,0.3827,Player_011,2022-08-31,2022,L,R,4,Sunny,70.0,225.0,72.0,3.56,1.76,0.227
0,0.3442,Player_031,2024-08-16,2024,L,R,1,Drizzle,87.0,192.0,73.0,3.48,1.58,0.24
0,0.1869,Player_021,2022-06-08,2022,L,L,5,Cloudy,59.0,196.0,72.0,3.6,1.79,0.247
0,0.3772,Player_022,2024-04-10,2024,R,R,3,Sunny,57.0,184.0,71.0,3.41,1.6,0.239
0,0.3358,Player_039,2023-08-21,2023,R,L,5,Cloudy,80.0,190.0,77.0,3.31,1.62,0.239
0,0.3326,Player_006,2024-05-04,2024,L,R,9,Cloudy,73.0,230.0,72.0,3.67,1.74,0.281
0,0.2697,Player_012,2023-05-10,2023,R,L,1,Cloudy,,182.0,74.0,3.44,1.57,0.265
0,0.3961,Player_007,2023-06-24,2023,R,R,1,Sunny,81.0,234.0,72.0,3.4,1.77,0.245
0,0.1657,Player_033,2024-04-14,2024,R,R,3,Cloudy,86.0,228.0,73.0,3.49,1.7,0.244
0,0.3669,Player_034,2023-06-11,2023,R,R,4,Sunny,65.0,236.0,71.0,3.4,1.52,0.234
1,0.2667,Player_033,2022-05-15,2022,L,R,2,Sunny,65.0,215.0,77.0,3.59,1.79,0.289
0,0.3767,Player_009,2022-04-10,2022,L,R,7,Drizzle,65.0,219.0,74.0,3.42,1.59,0.268
1,0.2884,Player_010,2023-09-10,2023,R,R,6,Sunny,80.0,229.0,72.0,3.7,1.57,0.286
0,0.213,Player_016,2023-05-17,2023,L,R,7,Sunny,81.0,221.0,74.0,3.41,1.77,0.258
1,0.2152,Player_030,2023-07-07,2023,R,L,4,Sunny,94.0,211.0,77.0,3.44,1.6,0.229
1,0.3715,Player_030,2022-08-26,2022,L,R,9,Cloudy,63.0,202.0,74.0,3.52,1.72,0.302
0,0.2553,Player_039,2022-06-26,2022,L,L,7,Sunny,59.0,230.0,77.0,3.3,1.51,0.224
0,0.2565,Player_031,2024-05-22,2024,L,R,9,Sunny,93.0,195.0,75.0,3.3,1.78,0.257
1,0.256,Player_038,2024-08-11,2024,L,R,1,Sunny,75.0,211.0,75.0,3.39,1.62,0.279
1,0.345,Player_010,2022-08-03,2022,L,R,7,Sunny,69.0,178.0,72.0,3.33,1.55,0.286
0,0.4225,Player_024,2022-04-02,2022,L,R,4,Sunny,67.0,216.0,74.0,3.6,1.79,0.268
1,0.1301,Player_021,2022-08-26,2022,R,R,2,Sunny,90.0,183.0,74.0,3.65,1.72,0.3
0,0.466,Player_006,2024-04-21,2024,L,L,2,Sunny,86.0,178.0,76.0,3.47,1.74,0.268
0,0.2843,Player_037,2024-08-10,2024,L,L,2,Sunny,61.0,194.0,75.0,3.51,1.65,0.304
0,0.3406,Player_004,2023-04-18,2023,L,R,1,Drizzle,67.0,218.0,72.0,3.55,1.71,0.245
1,0.2395,Player_034,2023-04-12,2023,L,L,5,Cloudy,89.0,228.0,73.0,3.34,1.59,0.267
0,0.2698,Player_010,2024-04-21,2024,L,L,7,Sunny,84.0,213.0,72.0,3.49,1.66,0.223
0,0.2935,Player_008,2023-08-12,2023,R,R,5,Sunny,87.0,217.0,77.0,3.68,1.61,0.278
0,0.2266,Player_024,2023-06-21,2023,L,R,2,Cloudy,61.0,190.0,71.0,3.38,1.63,0.26
0,0.2236,Player_018,2023-07-18,2023,R,R,7,Cloudy,78.0,181.0,74.0,3.33,1.5,0.288
0,0.3629,Player_015,2024-05-20,2024,R,R,2,Sunny,57.0,182.0,72.0,3.41,1.74,0.294
0,0.1913,Player_036,2023-04-22,2023,L,R,8,Sunny,73.0,179.0,71.0,3.52,1.57,0.263
1,0.3009,Player_027,2023-08-20,2023,L,L,4,Cloudy,59.0,197.0,71.0,3.65,1.64,0.281
0,0.2741,Player_024,2024-08-27,2024,L,R,1,Sunny,65.0,223.0,70.0,3.44,1.7,0.293
0,0.2128,Player_031,2022-08-30,2022,R,R,3,Sunny,65.0,178.0,76.0,3.44,1.51,0.304
0,0.438,Player_032,2023-04-12,2023,L,R,8,Sunny,62.0,197.0,76.0,3.44,1.6,0.231
0,0.2132,Player_007,2023-09-14,2023,R,R,9,Overcast,88.0,214.0,70.0,3.64,1.58,0.275
0,0.2009,Player_017,2024-07-06,2024,R,R,4,Sunny,69.0,178.0,72.0,3.49,1.54,0.312
0,0.2369,Player_036,2022-05-06,2022,R,L,9,Sunny,,210.0,73.0,3.43,1.74,0.248
0,0.2262,Player_032,2023-05-06,2023,R,R,3,Sunny,94.0,200.0,71.0,3.37,1.66,0.283
0,0.2504,Player_002,2024-06-29,2024,S,L,4,Cloudy,56.0,234.0,72.0,3.35,1.64,0.248
0,0.3109,Player_009,2024-07-17,2024,L,R,5,Cloudy,60.0,207.0,77.0,3.69,1.54,0.3
1,0.2864,Player_010,2023-04-09,2023,L,L,2,Cloudy,89.0,208.0,73.0,3.49,1.65,0.294
0,0.2613,Player_020,2022-06-29,2022,L,L,4,Cloudy,73.0,230.0,74.0,3.33,1.58,0.315
0,0.2308,Player_032,2022-05-14,2022,R,R,5,Sunny,69.0,222.0,76.0,3.66,1.54,0.29
0,0.325,Player_019,2023-09-13,2023,R,R,7,Sunny,67.0,210.0,70.0,3.68,1.66,0.269
0,0.2722,Player_007,2022-07-20,2022,R,R,5,Drizzle,78.0,218.0,76.0,3.39,1.7,0.274
0,0.2353,Player_022,2024-06-05,2024,L,L,1,Overcast,69.0,201.0,73.0,3.43,1.52,0.298
0,0.3836,Player_008,2024-06-15,2024,S,R,5,Sunny,,220.0,75.0,3.68,1.52,0.294
0,0.2415,Player_027,2024-08-28,2024,R,L,8,Cloudy,93.0,195.0,77.0,3.31,1.72,0.232
0,0.3264,Player_039,2022-08-03,2022,R,L,1,Sunny,91.0,195.0,75.0,3.43,1.56,0.25
0,0.3659,Player_025,2023-06-09,2023,S,R,9,Sunny,62.0,228.0,72.0,3.47,1.55,0.288
0,0.3601,Player_036,2024-08-29,2024,L,L,2,Sunny,75.0,201.0,76.0,3.61,1.79,0.23
1,0.3484,Player_021,2022-07-21,2022,L,R,1,Overcast,73.0,209.0,71.0,3.45,1.55,0.286
0,0.25,Player_032,2022-04-11,2022,R,L,2,Drizzle,58.0,182.0,73.0,3.44,1.71,0.306
0,0.2655,Player_037,2023-07-23,2023,L,L,3,Cloudy,70.0,197.0,75.0,3.59,1.74,
0,0.2829,Player_006,2022-09-16,2022,L,R,4,Cloudy,80.0,217.0,73.0,3.64,1.6,0.242
0,0.1183,Player_026,2022-09-03,2022,L,L,8,Sunny,59.0,209.0,76.0,3.34,1.64,0.305
0,0.3503,Player_010,2023-04-08,2023,L,R,6,Drizzle,69.0,194.0,71.0,3.36,1.67,0.268
0,0.2971,Player_003,2024-09-05,2024,R,R,6,Sunny,65.0,176.0,75.0,3.56,1.56,0.303
0,0.3078,Player_009,2022-09-24,2022,R,L,8,Drizzle,69.0,210.0,71.0,3.43,1.59,0.228
0,0.2918,Player_005,2023-04-30,2023,L,R,2,Sunny,80.0,197.0,74.0,3.57,1.79,0.241
0,0.3165,Player_007,2023-07-24,2023,L,L,3,Sunny,71.0,234.0,77.0,3.37,1.58,0.22
0,0.2036,Player_000,2023-08-14,2023,L,R,9,Cloudy,85.0,177.0,77.0,3.62,1.74,0.265
0,0.1682,Player_038,2023-04-08,2023,R,L,7,Sunny,75.0,219.0,76.0,3.43,1.66,0.308
1,0.1067,Player_017,2022-08-27,2022,R,R,1,Sunny,82.0,199.0,75.0,3.43,1.69,0.285
0,0.2706,Player_006,2022-06-10,2022,R,R,3,Cloudy,79.0,192.0,73.0,3.37,1.64,0.222
1,0.2459,Player_013,2023-05-24,2023,L,R,4,Cloudy,87.0,221.0,72.0,3.38,1.68,0.222
1,0.2368,Player_029,2024-05-16,2024,L,R,1,Sunny,60.0,208.0,70.0,3.54,1.66,0.292
0,0.3034,Player_025,2023-07-01,2023,R,R,6,Cloudy,94.0,179.0,74.0,3.53,1.64,0.229
0,0.2502,Player_002,2023-08-22,2023,R,R,6,Cloudy,85.0,214.0,75.0,3.63,1.74,0.242
1,0.1797,Player_005,2024-08-25,2024,R,R,4,Sunny,62.0,186.0,76.0,3.55,1.76,0.29
0,0.4581,Player_021,2024-05-10,2024,R,R,2,Sunny,56.0,230.0,77.0,3.47,1.58,0.245
0,0.2774,Player_038,2024-08-26,2024,R,R,4,Cloudy,56.0,190.0,71.0,3.62,1.54,0.269
0,0.2242,Player_002,2023-08-27,2023,L,R,9,Overcast,82.0,226.0,77.0,3.31,1.74,0.26
0,0.2231,Player_034,2024-04-11,2024,L,L,7,Sunny,71.0,196.0,72.0,3.58,1.56,0.254
1,0.2879,Player_002,2023-05-27,2023,L,R,9,Cloudy,62.0,195.0,75.0,3.52,1.76,0.245
0,0.2877,Player_019,2024-04-02,2024,L,R,5,Cloudy,67.0,175.0,75.0,3.39,1.53,0.261
1,0.3912,Player_009,2024-09-25,2024,L,R,1,Cloudy,72.0,234.0,75.0,3.55,1.53,0.238
1,0.2444,Player_016,2023-06-25,2023,R,L,1,Overcast,56.0,210.0,73.0,3.69,1.55,0.315
0,0.4299,Player_037,2024-05-18,2024,L,R,2,Cloudy,77.0,184.0,70.0,3.44,1.5,0.252
0,0.2397,Player_008,2024-09-07,2024,L,L,5,Sunny,56.0,177.0,74.0,3.56,1.72,0.293
1,0.3099,Player_025,2023-08-02,2023,R,R,2,Overcast,80.0,192.0,70.0,3.48,1.62,0.249
1,0.3515,Player_013,2022-09-17,2022,R,R,3,Cloudy,57.0,207.0,75.0,3.46,1.78,0.246
1,0.3537,Player_026,2024-08-22,2024,L,L,9,Cloudy,86.0,177.0,72.0,3.42,1.61,0.268
1,0.3718,Player_002,2023-09-19,2023,R,R,1,Cloudy,65.0,198.0,71.0,3.39,1.71,0.293
0,0.231,Player_011,2023-05-09,2023,R,L,1,Sunny,75.0,195.0,74.0,3.39,1.7,0.22
0,0.2796,Player_038,2022-05-07,2022,R,R,4,Sunny,70.0,231.0,71.0,3.61,1.6,0.237
1,0.1064,Player_028,2024-04-13,2024,R,R,7,Cloudy,90.0,201.0,77.0,3.43,1.77,0.297
0,0.2863,Player_037,2024-05-31,2024,L,R,8,Sunny,86.0,181.0,70.0,3.51,1.62,0.255
0,0.3564,Player_027,2022-07-09,2022,R,R,3,Sunny,93.0,190.0,76.0,3.39,1.67,0.306
0,0.3328,Player_007,2024-07-10,2024,L,L,3,Overcast,83.0,228.0,76.0,3.38,1.62,0.233
0,0.2739,Player_018,2024-07-30,2024,R,R,6,Sunny,94.0,175.0,72.0,3.53,1.63,0.301
0,0.3989,Player_035,2022-08-10,2022,R,R,8,Cloudy,64.0,183.0,74.0,3.53,1.52,0.282
0,0.2431,Player_027,2022-08-26,2022,L,L,2,Sunny,67.0,175.0,72.0,3.5,1.59,0.237
0,0.2499,Player_020,2023-07-03,2023,L,R,9,Cloudy,87.0,178.0,71.0,3.58,1.78,0.221
0,0.2472,Player_034,2024-05-19,2024,R,R,8,Sunny,56.0,235.0,72.0,3.55,1.75,0.308
0,0.2014,Player_004,2023-06-19,2023,R,R,3,Cloudy,62.0,239.0,72.0,3.38,1.76,0.249
0,0.3436,Player_038,2022-09-05,2022,L,R,7,Cloudy,83.0,222.0,74.0,3.32,1.71,0.244
0,0.3002,Player_005,2022-08-25,2022,R,R,6,Sunny,70.0,180.0,74.0,3.41,1.7,0.238
0,0.3227,Player_039,2023-09-12,2023,R,R,1,Drizzle,65.0,220.0,76.0,3.47,1.77,0.256
0,0.221,Player_032,2022-07-07,2022,R,L,4,Sunny,67.0,225.0,74.0,3.38,1.66,0.272
0,0.2759,Player_019,2023-08-19,2023,R,R,3,Sunny,85.0,226.0,76.0,3.49,1.77,0.268
0,0.1475,Player_019,2022-06-14,2022,L,R,1,Cloudy,74.0,223.0,77.0,3.31,1.62,0.305
1,0.2763,Player_001,2024-04-01,2024,R,L,5,Cloudy,55.0,220.0,77.0,3.49,1.68,0.24
0,0.3069,Player_012,2024-08-11,2024,L,R,7,Cloudy,75.0,203.0,73.0,3.44,1.64,0.295
0,0.173,Player_009,2024-04-15,2024,R,L,5,Drizzle,86.0,178.0,74.0,3.68,1.51,0.311
0,0.2927,Player_028,2022-07-24,2022,L,R,1,Cloudy,61.0,228.0,76.0,3.65,1.56,0.224
0,0.262,Player_007,2023-09-27,2023,R,R,8,Sunny,57.0,235.0,75.0,3.68,1.78,0.295
1,0.4235,Player_032,2024-04-04,2024,L,R,1,Sunny,80.0,207.0,71.0,3.56,1.68,0.247
1,0.1957,Player_012,2023-08-11,2023,L,L,4,Overcast,90.0,202.0,77.0,3.69,1.51,0.265
0,0.3032,Player_034,2022-09-04,2022,R,R,6,Sunny,57.0,234.0,76.0,3.38,1.79,0.226
1,0.2036,Player_014,2022-07-22,2022,R,R,9,Cloudy,81.0,204.0,75.0,3.51,1.78,0.249
0,0.2409,Player_030,2023-08-03,2023,R,R,7,Drizzle,86.0,199.0,77.0,3.6,1.71,0.231
0,0.2994,Player_026,2023-09-10,2023,S,R,2,Overcast,61.0,232.0,71.0,3.49,1.58,0.243
0,0.2652,Player_039,2024-08-17,2024,S,R,4,Sunny,65.0,235.0,77.0,3.39,1.59,0.223
0,0.2796,Player_021,2024-04-07,2024,R,R,8,Cloudy,75.0,188.0,72.0,3.56,1.76,0.314
0,0.3233,Player_014,2024-08-17,2024,L,R,3,Sunny,79.0,192.0,76.0,3.69,1.52,0.31
0,0.2454,Player_025,2024-08-14,2024,R,R,9,Drizzle,75.0,195.0,70.0,3.51,1.57,0.285
0,0.3119,Player_001,2024-05-11,2024,R,L,5,Cloudy,62.0,185.0,74.0,3.4,1.55,0.253
0,0.2786,Player_038,2022-07-27,2022,L,R,6,Cloudy,90.0,230.0,70.0,3.32,1.71,0.314
0,0.2932,Player_027,2022-08-30,2022,L,R,6,Sunny,71.0,238.0,77.0,3.34,1.61,0.317
0,0.3053,Player_001,2024-08-30,2024,R,R,9,Sunny,76.0,208.0,73.0,3.61,1.77,0.299
0,0.2959,Player_006,2023-09-04,2023,R,R,7,Sunny,76.0,221.0,76.0,3.49,1.74,0.288
0,0.3251,Player_000,2024-08-18,2024,R,R,4,Cloudy,77.0,202.0,75.0,3.38,1.8,0.253
0,0.2722,Player_026,2022-04-22,2022,S,L,6,Cloudy,66.0,239.0,73.0,3.64,1.59,0.308
0,0.3128,Player_026,2022-06-27,2022,R,R,7,Overcast,67.0,237.0,71.0,3.47,1.64,0.27
1,0.2772,Player_006,2024-05-11,2024,L,R,6,Sunny,60.0,223.0,73.0,3.62,1.7,0.283
0,0.2252,Player_021,2024-04-12,2024,L,R,1,Sunny,84.0,232.0,72.0,3.62,1.79,0.237
0,0.2001,Player_019,2024-05-17,2024,L,R,9,Cloudy,67.0,183.0,72.0,3.59,1.6,0.222
1,0.1831,Player_019,2022-09-11,2022,L,R,3,Cloudy,57.0,232.0,72.0,3.69,1.6,0.319
0,0.4034,Player_024,2023-07-17,2023,R,R,6,Cloudy,56.0,202.0,71.0,3.66,1.69,0.282
0,0.1251,Player_034,2023-08-16,2023,R,R,6,Sunny,93.0,188.0,76.0,3.35,1.7,0.289
0,0.3836,Player_036,2024-06-29,2024,L,R,2,Sunny,72.0,235.0,77.0,3.44,1.56,0.225
0,0.2425,Player_006,2022-06-04,2022,L,R,8,Cloudy,79.0,229.0,71.0,3.68,1.64,0.262
0,0.3331,Player_037,2023-06-26,2023,R,L,1,Drizzle,76.0,183.0,71.0,3.56,1.61,0.248
0,0.1458,Player_022,2022-09-25,2022,L,R,9,Overcast,88.0,217.0,70.0,3.48,1.63,0.304
0,0.2635,Player_007,2024-05-21,2024,R,R,9,Cloudy,90.0,232.0,73.0,3.64,1.54,0.269
1,0.3818,Player_037,2022-05-26,2022,R,R,6,Cloudy,86.0,219.0,74.0,3.56,1.69,0.258
0,0.3299,Player_014,2024-08-30,2024,R,R,9,Overcast,94.0,206.0,72.0,3.45,1.56,0.235
0,0.2764,Player_017,2022-06-06,2022,L,R,8,Overcast,63.0,178.0,74.0,3.41,1.51,0.258
1,0.144,Player_038,2024-09-09,2024,R,R,9,Sunny,72.0,207.0,72.0,3.64,1.65,0.256
0,0.2074,Player_023,2024-09-22,2024,L,R,8,Sunny,66.0,211.0,70.0,3.64,1.51,0.299
1,0.3772,Player_005,2022-04-12,2022,R,R,9,Overcast,88.0,229.0,71.0,3.67,1.7,0.305
0,0.2456,Player_002,2022-07-30,2022,L,L,7,Overcast,66.0,189.0,76.0,3.61,1.68,0.258
0,0.275,Player_032,2023-04-17,2023,R,R,8,Cloudy,86.0,188.0,77.0,3.37,1.67,0.261
1,0.2998,Player_013,2023-09-06,2023,R,R,2,Sunny,64.0,235.0,73.0,3.46,1.53,0.318
0,0.2088,Player_003,2024-04-20,2024,L,R,4,Overcast,82.0,229.0,74.0,3.43,1.54,0.258
1,0.2985,Player_001,2023-09-07,2023,L,L,5,Sunny,55.0,211.0,74.0,3.4,1.7,0.283
0,0.2706,Player_037,2022-08-17,2022,L,R,9,Sunny,86.0,203.0,72.0,3.62,1.51,0.233
1,0.3206,Player_022,2024-07-05,2024,L,R,5,Cloudy,88.0,215.0,75.0,3.35,1.53,0.263
0,0.2595,Player_020,2022-05-08,2022,L,R,4,Cloudy,77.0,184.0,73.0,3.49,1.73,0.244
0,0.1399,Player_023,2023-05-19,2023,R,L,8,Sunny,76.0,190.0,70.0,3.65,1.55,0.244
0,0.2701,Player_016,2024-06-16,2024,L,R,6,Cloudy,73.0,210.0,73.0,3.62,1.65,0.243
1,0.3249,Player_038,2024-08-30,2024,R,R,6,Cloudy,78.0,202.0,71.0,3.41,1.53,0.267
0,0.2776,Player_024,2022-09-09,2022,S,L,9,Sunny,77.0,186.0,73.0,3.31,1.57,0.249
0,0.2722,Player_025,2022-06-30,2022,L,L,8,Sunny,74.0,209.0,73.0,3.47,1.76,0.302
1,0.3129,Player_035,2023-05-12,2023,R,L,7,Cloudy,75.0,217.0,73.0,3.54,1.73,0.265
0,0.2657,Player_000,2023-07-11,2023,R,R,9,Drizzle,59.0,227.0,71.0,3.64,1.56,0.225
0,0.2539,Player_012,2024-08-27,2024,R,L,1,Overcast,73.0,215.0,77.0,3.51,1.56,0.264
0,0.2664,Player_033,2023-07-07,2023,L,R,5,Sunny,72.0,214.0,70.0,3.41,1.64,0.23
0,0.367,Player_003,2022-09-08,2022,L,R,1,Cloudy,90.0,211.0,72.0,3.58,1.69,0.235
0,0.3204,Player_013,2023-04-02,2023,L,R,8,Overcast,66.0,182.0,72.0,3.46,1.67,0.234
0,0.241,Player_006,2024-06-29,2024,R,R,2,Sunny,93.0,199.0,73.0,3.63,1.59,0.299
0,0.1758,Player_028,2024-04-08,2024,S,R,6,Cloudy,90.0,204.0,73.0,3.31,1.78,0.263
0,0.3273,Player_033,2023-07-20,2023,S,L,8,Sunny,86.0,209.0,77.0,3.47,1.75,0.22
0,0.2479,Player_010,2022-07-20,2022,L,R,6,Cloudy,,194.0,76.0,3.47,1.7,0.271
0,0.255,Player_027,2023-05-27,2023,R,L,1,Sunny,67.0,223.0,70.0,3.54,1.77,0.24
0,0.4347,Player_030,2023-08-21,2023,L,L,5,Sunny,61.0,210.0,74.0,3.44,1.59,0.292
0,0.3361,Player_036,2024-09-18,2024,R,R,8,Sunny,86.0,194.0,74.0,3.46,1.59,0.314
0,0.3828,Player_037,2024-06-21,2024,L,L,9,Sunny,83.0,205.0,77.0,3.59,1.59,0.237
0,0.2123,Player_018,2024-06-17,2024,R,L,9,Sunny,88.0,221.0,72.0,3.37,1.55,0.248
0,0.355,Player_003,2023-05-05,2023,R,R,8,Sunny,76.0,176.0,73.0,3.4,1.54,0.291
0,0.3019,Player_029,2024-04-05,2024,L,R,3,Cloudy,90.0,197.0,77.0,3.34,1.77,0.283
0,0.2956,Player_021,2022-06-13,2022,L,L,7,Sunny,58.0,188.0,73.0,3.4,1.76,0.303
1,0.4215,Player_018,2023-06-19,2023,R,R,2,Sunny,59.0,195.0,74.0,3.5,1.66,0.285
0,0.2805,Player_021,2023-08-17,2023,L,R,3,Sunny,57.0,217.0,72.0,3.38,1.7,0.239
1,0.2813,Player_025,2024-09-02,2024,R,R,3,Drizzle,,188.0,76.0,3.33,1.57,0.304
0,0.1868,Player_011,2024-04-19,2024,R,L,5,Sunny,60.0,210.0,70.0,3.7,1.51,0.236
0,0.3422,Player_013,2022-04-28,2022,R,R,8,Cloudy,56.0,199.0,77.0,3.48,1.63,0.228
1,0.2608,Player_013,2024-07-09,2024,L,R,8,Sunny,87.0,178.0,71.0,3.63,1.7,0.314
1,0.3416,Player_019,2024-06-06,2024,L,L,9,Sunny,61.0,232.0,74.0,3.6,1.7,0.278
0,0.1545,Player_027,2024-08-04,2024,L,L,9,Overcast,88.0,213.0,70.0,3.37,1.68,0.253
0,0.2884,Player_001,2023-05-29,2023,S,L,1,Cloudy,80.0,194.0,70.0,3.5,1.78,0.246
0,0.2549,Player_011,2024-06-13,2024,L,R,9,Cloudy,79.0,207.0,75.0,3.53,1.56,0.228
0,0.3211,Player_029,2024-06-18,2024,L,L,8,Sunny,59.0,239.0,76.0,3.36,1.58,0.276
0,0.2991,Player_001,2024-07-17,2024,L,R,7,Sunny,55.0,184.0,72.0,3.34,1.52,0.307
0,0.2425,Player_031,2023-04-13,2023,S,R,1,Sunny,60.0,230.0,70.0,3.41,1.78,0.288
0,0.2429,Player_030,2024-09-06,2024,L,L,7,Sunny,67.0,175.0,70.0,3.4,1.64,0.296
0,0.2205,Player_012,2024-05-31,2024,R,R,7,Drizzle,93.0,231.0,77.0,3.41,1.62,0.28
0,0.3086,Player_025,2023-05-09,2023,R,L,1,Sunny,71.0,196.0,76.0,3.4,1.8,0.221
0,0.1766,Player_019,2024-07-24,2024,R,L,2,Sunny,64.0,194.0,73.0,3.52,1.63,0.265
0,0.2613,Player_010,2022-04-25,2022,S,R,7,Sunny,,225.0,72.0,3.42,1.6,0.224
1,0.3042,Player_005,2023-07-16,2023,R,R,2,Sunny,68.0,185.0,75.0,3.61,1.56,0.228
0,0.3929,Player_038,2023-04-11,2023,R,R,4,Sunny,78.0,183.0,77.0,3.32,1.63,0.238
1,0.2993,Player_034,2023-05-18,2023,L,R,6,Sunny,87.0,205.0,75.0,3.55,1.71,0.309
1,0.233,Player_035,2023-08-09,2023,R,L,8,Drizzle,57.0,236.0,76.0,3.61,1.77,0.242
1,0.2992,Player_005,2023-06-06,2023,R,R,3,Cloudy,85.0,196.0,76.0,3.47,1.56,0.265
0,0.1049,Player_038,2023-09-10,2023,R,L,1,Sunny,55.0,210.0,72.0,3.43,1.71,0.308
1,0.1961,Player_025,2022-06-04,2022,R,R,8,Sunny,67.0,200.0,75.0,3.42,1.5,0.288
1,0.2537,Player_020,2022-08-03,2022,S,R,9,Cloudy,78.0,224.0,71.0,3.43,1.74,0.233
0,0.2301,Player_013,2024-04-05,2024,R,R,8,Sunny,59.0,233.0,71.0,3.35,1.58,0.266
0,0.1679,Player_009,2023-09-23,2023,R,R,5,Overcast,65.0,238.0,77.0,3.53,1.51,0.297
0,0.34,Player_013,2022-07-20,2022,R,R,7,Cloudy,80.0,192.0,72.0,3.55,1.62,0.264
0,0.3182,Player_006,2022-08-06,2022,L,R,2,Sunny,,192.0,76.0,3.46,1.77,0.242
0,0.2798,Player_031,2022-05-29,2022,L,L,6,Cloudy,58.0,235.0,72.0,3.68,1.57,0.284
0,0.2214,Player_037,2022-05-22,2022,L,L,6,Sunny,86.0,212.0,77.0,3.66,1.59,0.261
1,0.2756,Player_038,2024-06-17,2024,L,L,6,Sunny,71.0,196.0,72.0,3.42,1.55,0.271
0,0.336,Player_035,2023-05-17,2023,L,R,7,Cloudy,,197.0,70.0,3.59,1.79,0.232
0,0.2615,Player_005,2023-04-04,2023,R,R,9,Sunny,63.0,186.0,73.0,3.35,1.63,0.311
1,0.3011,Player_029,2023-07-30,2023,L,L,8,Sunny,94.0,180.0,74.0,3.6,1.78,0.312
0,0.2243,Player_034,2022-08-07,2022,R,R,1,Drizzle,85.0,197.0,73.0,3.59,1.53,0.25
0,0.2868,Player_020,2024-07-30,2024,R,R,7,Overcast,80.0,226.0,72.0,3.44,1.63,0.249
0,0.35,Player_022,2024-07-08,2024,L,L,7,Sunny,62.0,217.0,76.0,3.45,1.64,0.237
1,0.3862,Player_015,2022-07-04,2022,L,R,5,Overcast,85.0,175.0,72.0,3.53,1.58,0.279
0,0.3929,Player_032,2022-09-25,2022,L,R,6,Sunny,70.0,177.0,75.0,3.41,1.65,0.24
0,0.3,Player_028,2023-07-04,2023,S,R,1,Overcast,80.0,231.0,70.0,3.53,1.61,0.281
0,0.3022,Player_025,2022-08-06,2022,L,R,3,Sunny,81.0,226.0,76.0,3.66,1.57,0.315
0,0.2486,Player_000,2022-06-14,2022,R,R,8,Cloudy,,226.0,75.0,3.48,1.61,
1,0.1535,Player_038,2024-04-05,2024,R,R,1,Cloudy,88.0,231.0,71.0,3.38,1.69,0.243
1,0.1859,Player_020,2023-06-02,2023,S,R,9,Sunny,,216.0,74.0,3.52,1.64,0.229
0,0.2882,Player_038,2022-08-08,2022,L,R,3,Drizzle,58.0,196.0,75.0,3.56,1.62,0.251
0,0.2924,Player_027,2024-07-23,2024,L,R,8,Sunny,72.0,213.0,76.0,3.51,1.76,0.308
0,0.3989,Player_020,2022-08-03,2022,L,R,2,Drizzle,,216.0,73.0,3.31,1.69,0.222
0,0.392,Player_030,2023-08-13,2023,L,R,1,Sunny,,229.0,70.0,3.57,1.69,0.284
0,0.2219,Player_009,2024-05-09,2024,L,L,6,Sunny,74.0,209.0,70.0,3.31,1.57,0.258
0,0.3073,Player_018,2023-08-25,2023,R,L,7,Sunny,78.0,178.0,77.0,3.47,1.73,0.252
1,0.2466,Player_001,2023-08-07,2023,R,R,1,Sunny,79.0,215.0,70.0,3.47,1.51,0.237
0,0.3278,Player_029,2024-05-25,2024,R,R,3,Cloudy,69.0,222.0,72.0,3.64,1.56,0.303
0,0.3364,Player_012,2023-06-30,2023,R,R,3,Cloudy,79.0,236.0,76.0,3.65,1.62,
0,0.3869,Player_003,2024-09-01,2024,L,R,9,Overcast,94.0,186.0,77.0,3.61,1.77,0.224
1,0.2155,Player_031,2023-05-01,2023,R,L,3,Cloudy,81.0,230.0,73.0,3.63,1.51,0.278
1,0.321,Player_009,2023-05-25,2023,R,L,1,Cloudy,79.0,176.0,75.0,3.39,1.63,0.261
0,0.1489,Player_008,2024-05-04,2024,R,R,9,Sunny,66.0,222.0,74.0,3.59,1.54,0.221
0,0.3407,Player_005,2022-05-25,2022,R,L,1,Cloudy,68.0,195.0,70.0,3.6,1.57,0.251
1,0.2982,Player_024,2024-05-06,2024,L,R,5,Drizzle,57.0,182.0,73.0,3.61,1.62,0.239
0,0.2997,Player_013,2022-08-24,2022,L,R,2,Sunny,75.0,196.0,76.0,3.62,1.53,0.296
0,0.1574,Player_022,2023-09-26,2023,L,R,3,Sunny,57.0,210.0,75.0,3.37,1.75,0.265
0,0.2728,Player_013,2024-09-21,2024,L,R,7,Sunny,86.0,187.0,74.0,3.4,1.52,0.3
1,0.3749,Player_030,2023-06-04,2023,R,R,2,Sunny,93.0,210.0,76.0,3.61,1.68,0.317
0,0.2701,Player_014,2022-09-15,2022,L,R,6,Cloudy,87.0,221.0,71.0,3.36,1.55,0.26
0,0.2999,Player_031,2023-04-15,2023,R,L,6,Sunny,61.0,231.0,74.0,3.35,1.53,0.276
0,0.2824,Player_018,2024-04-19,2024,R,R,7,Overcast,80.0,211.0,71.0,3.69,1.64,0.317
0,0.3744,Player_000,2024-05-28,2024,L,R,2,Sunny,72.0,214.0,70.0,3.69,1.6,0.237
0,0.2834,Player_017,2023-05-22,2023,L,L,4,Sunny,55.0,234.0,77.0,3.43,1.51,0.225
1,0.2148,Player_009,2022-09-13,2022,R,R,1,Sunny,83.0,177.0,76.0,3.3,1.52,0.267
1,0.284,Player_019,2023-08-15,2023,R,R,8,Sunny,89.0,224.0,77.0,3.46,1.59,0.269
0,0.3821,Player_004,2023-08-14,2023,L,L,9,Overcast,73.0,238.0,73.0,3.31,1.73,0.313
0,0.3348,Player_030,2022-08-24,2022,L,R,5,Drizzle,91.0,228.0,74.0,3.36,1.76,0.266
1,0.2718,Player_024,2024-08-08,2024,R,R,5,Sunny,57.0,234.0,70.0,3.39,1.52,0.264
1,0.4579,Player_005,2023-06-30,2023,L,R,2,Sunny,89.0,233.0,71.0,3.64,1.55,0.27
0,0.3611,Player_039,2023-04-11,2023,R,R,8,Cloudy,82.0,213.0,70.0,3.45,1.6,0.265
0,0.3572,Player_014,2023-04-03,2023,L,R,7,Cloudy,81.0,227.0,72.0,3.3,1.7,0.31
0,0.3222,Player_008,2022-09-23,2022,L,R,2,Cloudy,75.0,198.0,73.0,3.55,1.59,0.282
0,0.3311,Player_000,2023-06-30,2023,R,R,5,Sunny,56.0,182.0,71.0,3.33,1.57,0.3
0,0.3034,Player_009,2023-09-19,2023,R,L,2,Cloudy,,180.0,76.0,3.66,1.68,0.235
0,0.0972,Player_001,2023-04-06,2023,R,L,6,Sunny,93.0,187.0,74.0,3.4,1.7,0.308
0,0.3276,Player_019,2024-07-23,2024,L,R,6,Sunny,73.0,222.0,73.0,3.4,1.65,0.317
1,0.2687,Player_024,2023-05-21,2023,S,R,4,Drizzle,57.0,201.0,73.0,3.46,1.7,0.316
1,0.215,Player_014,2023-06-05,2023,R,L,4,Sunny,74.0,227.0,74.0,3.34,1.5,0.318
1,0.2663,Player_035,2024-07-27,2024,R,R,7,Sunny,60.0,196.0,73.0,3.31,1.6,0.29
0,0.1911,Player_038,2023-06-29,2023,L,R,2,Sunny,,226.0,76.0,3.67,1.68,0.287
0,0.1737,Player_012,2023-04-25,2023,L,R,1,Sunny,80.0,232.0,76.0,3.65,1.7,0.227
0,0.3673,Player_025,2024-09-26,2024,R,R,4,Drizzle,57.0,196.0,71.0,3.67,1.56,0.248
0,0.3324,Player_016,2023-08-07,2023,L,R,5,Sunny,73.0,209.0,77.0,3.57,1.6,0.299
0,0.1111,Player_010,2023-06-04,2023,R,R,3,Sunny,75.0,209.0,73.0,3.31,1.57,0.256
0,0.2597,Player_008,2024-07-20,2024,L,R,4,Overcast,,231.0,71.0,3.69,1.77,0.282
1,0.3116,Player_020,2023-04-28,2023,S,L,1,Sunny,57.0,199.0,76.0,3.58,1.59,0.279
1,0.2604,Player_005,2024-06-16,2024,R,R,7,Sunny,80.0,200.0,73.0,3.47,1.76,0.278
0,0.3372,Player_026,2023-06-16,2023,R,L,7,Sunny,79.0,225.0,71.0,3.59,1.77,0.257
1,0.3535,Player_035,2023-06-06,2023,R,R,3,Sunny,55.0,233.0,74.0,3.53,1.66,0.308
0,0.175,Player_014,2022-06-27,2022,L,L,6,Sunny,59.0,176.0,73.0,3.57,1.76,0.245
0,0.27,Player_022,2022-09-12,2022,R,R,3,Cloudy,80.0,179.0,71.0,3.63,1.52,
0,0.2486,Player_039,2023-04-02,2023,R,R,4,Sunny,89.0,235.0,75.0,3.67,1.54,0.223
0,0.1528,Player_028,2022-07-09,2022,R,L,3,Cloudy,89.0,203.0,73.0,3.62,1.62,0.304
0,0.1982,Player_016,2023-09-17,2023,L,R,9,Drizzle,85.0,211.0,74.0,3.66,1.71,0.296
0,0.1936,Player_035,2022-09-08,2022,R,L,5,Sunny,89.0,233.0,70.0,3.53,1.79,0.318
0,0.2351,Player_001,2022-09-09,2022,R,R,6,Sunny,79.0,200.0,72.0,3.44,1.64,0.232
1,0.2998,Player_023,2023-06-14,2023,R,R,2,Sunny,61.0,204.0,70.0,3.57,1.5,0.3
0,0.3731,Player_010,2023-07-12,2023,L,R,9,Sunny,76.0,230.0,72.0,3.52,1.55,
0,0.316,Player_007,2023-07-17,2023,R,R,7,Sunny,68.0,222.0,76.0,3.32,1.63,0.245
0,0.3325,Player_020,2024-08-28,2024,R,R,1,Sunny,65.0,220.0,77.0,3.53,1.71,0.241
0,0.2613,Player_028,2022-09-19,2022,S,R,3,Sunny,59.0,198.0,72.0,3.47,1.68,0.292
0,0.3422,Player_029,2022-05-16,2022,L,R,5,Sunny,55.0,220.0,75.0,3.45,1.76,0.314
0,0.2896,Player_029,2024-04-22,2024,L,R,4,Sunny,85.0,228.0,75.0,3.59,1.58,0.285
1,0.2491,Player_011,2024-05-17,2024,R,R,8,Cloudy,61.0,234.0,76.0,3.65,1.66,0.247
0,0.3828,Player_016,2023-05-18,2023,R,L,6,Sunny,80.0,216.0,70.0,3.38,1.54,0.26
0,0.1169,Player_004,2023-05-25,2023,R,R,6,Cloudy,67.0,231.0,72.0,3.62,1.69,0.244
0,0.1189,Player_024,2024-09-12,2024,R,L,4,Cloudy,74.0,227.0,75.0,3.37,1.73,0.227
1,0.3268,Player_032,2023-05-09,2023,L,R,8,Sunny,70.0,222.0,72.0,3.53,1.65,0.297
0,0.2615,Player_019,2022-06-15,2022,R,R,7,Cloudy,66.0,209.0,75.0,3.64,1.63,0.23
0,0.1994,Player_012,2022-06-04,2022,L,R,7,Sunny,74.0,203.0,77.0,3.66,1.56,0.285
1,0.1962,Player_013,2022-05-19,2022,L,L,6,Cloudy,86.0,216.0,76.0,3.42,1.78,0.263
0,0.1853,Player_026,2024-05-05,2024,R,L,6,Sunny,75.0,232.0,73.0,3.63,1.68,0.227
0,0.3425,Player_026,2023-09-27,2023,R,R,7,Cloudy,86.0,209.0,71.0,3.65,1.74,0.25
0,0.3349,Player_019,2022-07-22,2022,R,L,3,Cloudy,91.0,220.0,72.0,3.37,1.51,0.228
0,0.4148,Player_009,2022-04-19,2022,L,R,5,Cloudy,74.0,211.0,74.0,3.45,1.58,0.283
1,0.1888,Player_016,2022-07-27,2022,L,R,2,Cloudy,87.0,217.0,75.0,3.61,1.64,0.287
0,0.1843,Player_013,2024-07-19,2024,S,R,4,Sunny,,219.0,77.0,3.31,1.66,0.309
0,0.1695,Player_003,2024-06-03,2024,L,L,3,Sunny,77.0,178.0,76.0,3.55,1.62,0.249
0,0.3902,Player_016,2023-08-20,2023,L,R,2,Sunny,73.0,182.0,71.0,3.47,1.6,0.238
0,0.3292,Player_033,2024-08-22,2024,L,R,5,Sunny,55.0,177.0,70.0,3.51,1.64,0.267
0,0.2856,Player_024,2022-08-20,2022,R,R,4,Sunny,90.0,224.0,70.0,3.47,1.61,0.301
1,0.2661,Player_005,2023-07-25,2023,R,L,5,Cloudy,84.0,233.0,71.0,3.38,1.51,0.277
0,0.246,Player_034,2023-06-19,2023,R,L,8,Cloudy,78.0,198.0,72.0,3.44,1.71,0.314
1,0.2015,Player_008,2022-05-08,2022,R,R,4,Overcast,82.0,179.0,70.0,3.64,1.73,0.229
1,0.3359,Player_024,2023-04-08,2023,L,R,2,Cloudy,85.0,175.0,77.0,3.54,1.59,0.292
0,0.287,Player_022,2024-09-12,2024,L,R,8,Cloudy,86.0,203.0,72.0,3.49,1.79,0.286
0,0.166,Player_029,2022-08-30,2022,R,L,2,Overcast,,216.0,71.0,3.58,1.8,0.244
1,0.3402,Player_030,2023-05-07,2023,L,R,9,Sunny,71.0,196.0,74.0,3.37,1.67,0.241
0,0.2402,Player_011,2024-08-22,2024,L,L,6,Cloudy,68.0,214.0,70.0,3.33,1.74,0.258
0,0.2859,Player_031,2024-04-08,2024,L,L,3,Sunny,91.0,184.0,76.0,3.52,1.66,0.252
0,0.2913,Player_023,2023-05-13,2023,L,R,6,Sunny,59.0,222.0,77.0,3.3,1.58,0.253
0,0.3424,Player_013,2022-04-28,2022,R,R,9,Drizzle,91.0,196.0,77.0,3.36,1.52,0.292
0,0.2654,Player_004,2024-05-31,2024,R,L,9,Sunny,68.0,239.0,73.0,3.59,1.6,0.229
0,0.2381,Player_022,2022-05-28,2022,L,R,4,Drizzle,86.0,225.0,75.0,3.66,1.56,0.295
0,0.2725,Player_018,2022-07-02,2022,R,L,1,Overcast,61.0,204.0,71.0,3.41,1.78,0.27
0,0.2748,Player_018,2022-06-22,2022,R,L,1,Overcast,,236.0,70.0,3.45,1.79,0.237
0,0.3158,Player_027,2023-04-21,2023,R,R,8,Cloudy,76.0,238.0,74.0,3.57,1.66,0.287
1,0.3525,Player_028,2023-04-27,2023,R,R,6,Cloudy,94.0,187.0,75.0,3.62,1.67,0.257
1,0.2569,Player_007,2024-08-25,2024,L,R,7,Sunny,70.0,212.0,70.0,3.4,1.78,0.233
1,0.3268,Player_011,2023-07-08,2023,R,R,7,Sunny,94.0,217.0,77.0,3.63,1.72,0.279
0,0.1493,Player_036,2024-09-12,2024,L,L,7,Overcast,88.0,198.0,73.0,3.69,1.55,0.252
0,0.2916,Player_023,2023-04-24,2023,L,R,5,Sunny,55.0,239.0,74.0,3.34,1.79,
1,0.2808,Player_016,2023-05-26,2023,L,R,4,Sunny,70.0,219.0,70.0,3.39,1.67,0.268
0,0.3513,Player_038,2022-04-29,2022,R,L,3,Drizzle,71.0,224.0,77.0,3.59,1.51,0.272
0,0.2891,Player_026,2022-09-14,2022,L,R,3,Sunny,63.0,187.0,74.0,3.31,1.56,0.29
0,0.3126,Player_033,2023-04-29,2023,L,L,7,Overcast,,233.0,73.0,3.41,1.74,0.269
0,0.1567,Player_018,2024-08-22,2024,R,R,1,Sunny,58.0,237.0,74.0,3.64,1.54,0.273
0,0.2754,Player_006,2022-05-05,2022,L,R,2,Sunny,65.0,233.0,76.0,3.57,1.76,0.277
0,0.2108,Player_029,2023-08-10,2023,L,L,8,Cloudy,65.0,203.0,70.0,3.56,1.74,0.313
0,0.4733,Player_032,2023-06-21,2023,L,R,6,Sunny,71.0,235.0,70.0,3.54,1.51,0.23
1,0.2233,Player_023,2023-09-22,2023,L,L,2,Overcast,82.0,175.0,74.0,3.5,1.6,0.286
0,0.3051,Player_017,2022-04-13,2022,L,R,1,Sunny,55.0,188.0,76.0,3.61,1.65,0.224
0,0.2789,Player_004,2022-05-29,2022,L,L,3,Sunny,80.0,217.0,77.0,3.65,1.52,0.246
0,0.1587,Player_009,2023-08-09,2023,L,L,2,Overcast,71.0,225.0,70.0,3.62,1.67,0.299
0,0.2432,Player_036,2024-09-11,2024,R,R,3,Sunny,79.0,182.0,73.0,3.49,1.79,0.256
0,0.3083,Player_006,2024-07-06,2024,R,R,8,Cloudy,57.0,194.0,76.0,3.61,1.68,0.223
1,0.256,Player_026,2022-04-18,2022,R,L,8,Sunny,89.0,180.0,77.0,3.6,1.65,0.271
0,0.119,Player_026,2022-07-23,2022,R,R,3,Drizzle,78.0,181.0,72.0,3.48,1.76,0.264
0,0.2103,Player_018,2023-06-26,2023,R,L,3,Drizzle,65.0,176.0,77.0,3.43,1.79,0.313
1,0.3515,Player_039,2022-08-18,2022,S,R,8,Cloudy,86.0,239.0,76.0,3.46,1.77,0.314
0,0.3212,Player_027,2024-07-08,2024,R,R,4,Sunny,73.0,232.0,71.0,3.5,1.51,0.248
0,0.3353,Player_038,2023-09-09,2023,R,L,2,Drizzle,70.0,214.0,76.0,3.36,1.53,0.302
0,0.211,Player_010,2024-04-22,2024,R,R,7,Overcast,61.0,177.0,74.0,3.39,1.68,0.271
0,0.3697,Player_029,2022-07-22,2022,R,R,5,Cloudy,74.0,222.0,76.0,3.34,1.57,0.274
0,0.2769,Player_030,2024-08-10,2024,R,R,9,Cloudy,63.0,209.0,76.0,3.33,1.66,0.231
0,0.4115,Player_036,2024-06-12,2024,L,R,8,Sunny,84.0,225.0,71.0,3.53,1.75,0.304
1,0.3002,Player_016,2024-06-24,2024,L,R,8,Sunny,69.0,206.0,75.0,3.58,1.78,0.281
0,0.1367,Player_013,2024-08-03,2024,R,R,9,Cloudy,59.0,175.0,73.0,3.55,1.6,0.316
0,0.3394,Player_032,2023-06-21,2023,R,R,5,Cloudy,83.0,234.0,76.0,3.59,1.75,0.298
1,0.269,Player_028,2022-06-10,2022,L,R,5,Cloudy,88.0,232.0,71.0,3.46,1.65,0.267
1,0.2537,Player_010,2023-07-14,2023,R,R,1,Overcast,88.0,234.0,72.0,3.62,1.7,0.306
0,0.1783,Player_012,2024-08-22,2024,R,R,2,Sunny,74.0,218.0,71.0,3.6,1.54,0.252
1,0.3936,Player_031,2024-04-24,2024,R,R,2,Overcast,67.0,234.0,77.0,3.58,1.52,0.306
1,0.2635,Player_022,2023-09-05,2023,L,R,9,Sunny,63.0,179.0,72.0,3.61,1.73,0.232
0,0.4103,Player_036,2024-05-06,2024,L,R,3,Drizzle,70.0,201.0,71.0,3.39,1.68,0.254
0,0.2498,Player_025,2022-04-18,2022,R,R,6,Sunny,59.0,195.0,75.0,3.53,1.75,0.307
0,0.2151,Player_039,2022-05-03,2022,R,R,4,Sunny,90.0,205.0,75.0,3.61,1.53,0.222
0,0.3724,Player_013,2023-04-14,2023,S,R,7,Cloudy,64.0,177.0,75.0,3.34,1.55,0.307
0,0.2749,Player_031,2023-09-19,2023,R,R,4,Sunny,86.0,228.0,77.0,3.4,1.52,0.224
0,0.2755,Player_007,2022-05-23,2022,R,R,9,Sunny,70.0,194.0,77.0,3.5,1.7,
1,0.2103,Player_028,2024-08-17,2024,L,R,5,Cloudy,82.0,182.0,72.0,3.47,1.68,0.284
0,0.268,Player_016,2023-05-03,2023,L,R,3,Sunny,91.0,187.0,77.0,3.67,1.63,0.226
0,0.3,Player_020,2023-07-05,2023,L,L,4,Overcast,71.0,182.0,74.0,3.6,1.54,0.304
1,0.1891,Player_032,2022-06-16,2022,R,R,4,Sunny,93.0,219.0,77.0,3.32,1.51,0.229
1,0.2123,Player_004,2022-07-28,2022,R,L,7,Sunny,68.0,234.0,75.0,3.49,1.58,0.305
1,0.2406,Player_008,2024-09-24,2024,L,L,3,Sunny,65.0,180.0,70.0,3.61,1.5,0.318
0,0.2847,Player_022,2024-07-25,2024,R,R,1,Sunny,83.0,176.0,77.0,3.57,1.78,0.287
0,0.4036,Player_016,2022-08-05,2022,L,R,8,Sunny,60.0,232.0,74.0,3.52,1.55,0.313
0,0.279,Player_022,2024-05-17,2024,L,R,9,Sunny,58.0,199.0,73.0,3.33,1.58,0.283
0,0.2217,Player_017,2024-04-21,2024,L,L,3,Sunny,69.0,182.0,72.0,3.67,1.74,0.318
0,0.4922,Player_002,2024-04-15,2024,L,R,8,Sunny,76.0,187.0,74.0,3.47,1.8,0.3
1,0.2497,Player_037,2023-05-25,2023,R,R,1,Cloudy,73.0,218.0,77.0,3.36,1.69,0.288
0,0.2867,Player_027,2023-07-09,2023,L,R,4,Sunny,57.0,180.0,71.0,3.33,1.58,0.319
0,0.255,Player_024,2024-04-10,2024,R,R,1,Sunny,76.0,201.0,71.0,3.61,1.64,0.268
0,0.2606,Player_005,2023-05-18,2023,R,R,4,Sunny,79.0,238.0,70.0,3.55,1.52,0.268
0,0.2754,Player_007,2022-07-23,2022,L,L,6,Overcast,66.0,203.0,71.0,3.4,1.53,0.305
0,0.3345,Player_023,2023-09-05,2023,L,L,9,Sunny,77.0,185.0,70.0,3.51,1.71,0.287
0,0.2783,Player_002,2023-09-26,2023,R,L,8,Drizzle,69.0,224.0,71.0,3.68,1.75,0.234
0,0.3754,Player_018,2023-05-13,2023,L,R,9,Sunny,57.0,203.0,73.0,3.5,1.58,
1,0.3231,Player_035,2024-04-18,2024,R,L,6,Drizzle,84.0,200.0,76.0,3.46,1.72,0.278
0,0.2846,Player_035,2023-07-13,2023,L,L,4,Sunny,71.0,191.0,74.0,3.42,1.69,0.222
0,0.2763,Player_020,2022-09-16,2022,R,L,9,Cloudy,94.0,223.0,71.0,3.37,1.65,0.271
1,0.3276,Player_009,2024-06-14,2024,R,L,1,Sunny,62.0,206.0,70.0,3.66,1.59,0.243
0,0.2222,Player_002,2022-09-10,2022,L,R,8,Drizzle,55.0,206.0,77.0,3.37,1.8,0.244
0,0.4449,Player_006,2022-08-12,2022,L,L,9,Sunny,86.0,224.0,71.0,3.32,1.57,0.31
0,0.2441,Player_011,2024-09-08,2024,S,R,1,Cloudy,,198.0,76.0,3.36,1.56,0.248
0,0.2454,Player_022,2024-09-18,2024,L,L,6,Sunny,91.0,217.0,72.0,3.37,1.53,0.31
0,0.1852,Player_029,2024-04-19,2024,L,L,8,Cloudy,94.0,186.0,75.0,3.47,1.7,0.273
0,0.1872,Player_018,2023-06-14,2023,L,L,7,Cloudy,67.0,212.0,77.0,3.66,1.77,0.313
0,0.3682,Player_033,2023-04-09,2023,L,R,9,Sunny,82.0,202.0,77.0,3.35,1.54,0.293
0,0.4089,Player_006,2024-04-07,2024,R,L,3,Cloudy,56.0,208.0,70.0,3.36,1.53,0.261
0,0.2403,Player_016,2024-06-24,2024,R,R,6,Overcast,71.0,198.0,74.0,3.47,1.77,0.224
1,0.2943,Player_024,2022-07-29,2022,L,L,8,Cloudy,90.0,183.0,73.0,3.66,1.7,0.309
1,0.2954,Player_002,2024-09-06,2024,R,R,1,Sunny,80.0,234.0,77.0,3.67,1.79,0.291
0,0.34,Player_036,2023-04-24,2023,L,L,6,Sunny,88.0,201.0,76.0,3.68,1.71,0.233
0,0.4553,Player_039,2022-04-06,2022,L,R,9,Cloudy,92.0,223.0,71.0,3.35,1.73,
0,0.3865,Player_029,2022-04-19,2022,R,R,5,Sunny,86.0,233.0,76.0,3.58,1.64,0.269
0,0.2333,Player_028,2022-09-14,2022,S,L,8,Cloudy,82.0,203.0,72.0,3.56,1.57,0.223
0,0.307,Player_008,2024-07-28,2024,L,L,7,Sunny,69.0,228.0,75.0,3.31,1.67,0.25
1,0.344,Player_007,2023-06-26,2023,L,R,3,Drizzle,76.0,203.0,71.0,3.57,1.61,0.306
0,0.2486,Player_009,2024-04-18,2024,R,L,4,Cloudy,58.0,179.0,72.0,3.58,1.64,0.262
0,0.1733,Player_005,2022-06-06,2022,R,L,5,Sunny,78.0,232.0,70.0,3.56,1.65,0.301
0,0.2441,Player_022,2024-04-23,2024,L,R,4,Overcast,93.0,229.0,70.0,3.39,1.51,0.26
1,0.3504,Player_038,2023-04-06,2023,L,L,6,Overcast,60.0,211.0,77.0,3.43,1.68,0.233
0,0.3676,Player_027,2024-06-18,2024,R,R,6,Sunny,74.0,228.0,71.0,3.52,1.61,0.239
0,0.2855,Player_035,2023-06-30,2023,L,R,4,Sunny,90.0,218.0,74.0,3.36,1.74,0.308
1,0.3183,Player_039,2024-06-20,2024,L,R,6,Sunny,69.0,227.0,76.0,3.36,1.52,0.238
0,0.3538,Player_026,2023-09-04,2023,L,L,6,Sunny,78.0,178.0,70.0,3.58,1.67,0.314
0,0.1807,Player_004,2023-09-12,2023,L,R,9,Sunny,86.0,227.0,72.0,3.37,1.61,0.249
0,0.2488,Player_037,2024-04-21,2024,R,R,8,Sunny,86.0,188.0,73.0,3.31,1.53,0.317
0,0.3913,Player_021,2023-05-20,2023,R,L,6,Sunny,81.0,238.0,72.0,3.37,1.62,0.23
0,0.301,Player_021,2024-06-29,2024,R,R,2,Sunny,57.0,237.0,77.0,3.33,1.62,0.275
0,0.201,Player_039,2022-06-12,2022,R,R,3,Sunny,56.0,178.0,71.0,3.41,1.73,0.224
0,0.2882,Player_027,2024-06-17,2024,S,R,3,Sunny,85.0,217.0,75.0,3.6,1.55,0.246
0,0.3415,Player_004,2024-08-05,2024,L,L,3,Cloudy,93.0,199.0,73.0,3.61,1.75,0.306
1,0.0917,Player_030,2024-05-02,2024,L,L,9,Sunny,65.0,191.0,73.0,3.33,1.51,0.239
0,0.2923,Player_038,2023-08-27,2023,R,R,5,Sunny,77.0,237.0,72.0,3.53,1.65,0.309
1,0.2739,Player_009,2023-05-18,2023,L,R,9,Overcast,57.0,201.0,75.0,3.34,1.69,0.279
1,0.1651,Player_018,2024-06-01,2024,R,R,2,Cloudy,62.0,210.0,72.0,3.37,1.5,0.293
0,0.2557,Player_004,2023-05-10,2023,R,L,7,Overcast,74.0,195.0,75.0,3.61,1.52,0.256
0,0.2904,Player_028,2024-07-22,2024,L,R,6,Drizzle,55.0,219.0,70.0,3.69,1.58,0.318
0,0.2483,Player_005,2022-08-04,2022,R,L,7,Cloudy,78.0,191.0,72.0,3.41,1.61,0.303
0,0.2756,Player_017,2022-07-22,2022,L,R,4,Overcast,77.0,198.0,73.0,3.61,1.6,0.311
0,0.2285,Player_026,2024-06-27,2024,L,R,5,Sunny,58.0,220.0,71.0,3.44,1.79,0.235
0,0.1482,Player_033,2023-05-25,2023,R,L,4,Cloudy,78.0,188.0,70.0,3.61,1.55,0.247
0,0.2217,Player_012,2023-08-02,2023,L,L,7,Cloudy,73.0,226.0,71.0,3.53,1.77,0.304
0,0.3101,Player_036,2023-04-22,2023,R,L,2,Cloudy,58.0,238.0,74.0,3.52,1.78,0.287
0,0.2963,Player_000,2024-05-26,2024,R,R,6,Sunny,63.0,220.0,77.0,3.62,1.55,0.258
1,0.2752,Player_006,2023-08-01,2023,R,R,5,Drizzle,76.0,198.0,75.0,3.58,1.73,0.266
0,0.2272,Player_004,2024-08-02,2024,L,R,8,Sunny,87.0,186.0,77.0,3.69,1.8,0.264
0,0.2738,Player_029,2023-05-19,2023,L,R,1,Overcast,72.0,211.0,74.0,3.45,1.57,0.276
0,0.3516,Player_014,2023-06-01,2023,L,R,2,Drizzle,80.0,203.0,70.0,3.68,1.65,0.269
0,0.3353,Player_000,2022-05-28,2022,L,R,6,Overcast,72.0,190.0,71.0,3.63,1.73,0.265
0,0.2466,Player_031,2023-09-07,2023,R,R,4,Sunny,89.0,198.0,76.0,3.5,1.72,0.253
0,0.1172,Player_011,2022-07-13,2022,L,R,3,Sunny,94.0,237.0,74.0,3.5,1.75,0.265
0,0.2528,Player_027,2022-04-22,2022,L,R,9,Cloudy,71.0,185.0,76.0,3.66,1.6,0.238
0,0.2462,Player_022,2023-04-29,2023,R,R,9,Cloudy,66.0,191.0,73.0,3.53,1.54,0.239
0,0.2365,Player_004,2024-04-12,2024,L,R,1,Sunny,,197.0,77.0,3.44,1.7,0.289
1,0.2711,Player_024,2023-05-14,2023,L,R,5,Cloudy,90.0,234.0,72.0,3.32,1.6,0.316
1,0.3572,Player_034,2023-05-11,2023,L,R,7,Drizzle,78.0,198.0,76.0,3.42,1.69,0.241
0,0.2774,Player_014,2023-06-20,2023,R,R,8,Sunny,68.0,193.0,71.0,3.39,1.64,0.311
0,0.3193,Player_033,2023-08-13,2023,R,L,2,Sunny,86.0,194.0,73.0,3.35,1.64,0.283
0,0.1944,Player_010,2024-09-05,2024,L,R,8,Cloudy,62.0,236.0,77.0,3.57,1.76,0.315
0,0.2286,Player_011,2024-07-09,2024,R,L,6,Cloudy,,197.0,76.0,3.46,1.69,0.26
0,0.1443,Player_006,2024-08-17,2024,R,R,8,Drizzle,61.0,198.0,73.0,3.34,1.69,0.289
0,0.2501,Player_008,2022-07-27,2022,R,R,7,Cloudy,91.0,198.0,77.0,3.43,1.79,0.274
1,0.2268,Player_009,2023-05-28,2023,L,R,8,Sunny,92.0,231.0,73.0,3.36,1.58,0.318
0,0.3597,Player_025,2024-07-19,2024,L,L,1,Cloudy,93.0,221.0,77.0,3.54,1.71,0.226
0,0.3087,Player_005,2024-05-24,2024,R,R,3,Overcast,55.0,213.0,70.0,3.47,1.61,0.226
0,0.371,Player_021,2023-05-26,2023,L,R,5,Sunny,90.0,188.0,76.0,3.67,1.68,0.306
0,0.2499,Player_010,2023-09-25,2023,R,R,3,Sunny,63.0,182.0,75.0,3.54,1.75,0.225
0,0.2086,Player_005,2024-09-10,2024,R,R,2,Cloudy,93.0,180.0,71.0,3.61,1.78,0.311
1,0.2264,Player_032,2024-07-26,2024,L,R,7,Sunny,68.0,194.0,72.0,3.43,1.63,0.229
0,0.2986,Player_021,2023-07-16,2023,R,R,9,Drizzle,67.0,226.0,76.0,3.6,1.75,0.231
0,0.3767,Player_011,2022-08-02,2022,R,L,5,Sunny,81.0,224.0,75.0,3.59,1.6,0.253
0,0.3089,Player_025,2024-08-13,2024,R,R,6,Sunny,86.0,225.0,71.0,3.7,1.7,0.293
1,0.2738,Player_036,2024-04-09,2024,L,R,6,Drizzle,70.0,218.0,70.0,3.56,1.76,0.278
0,0.2368,Player_011,2022-06-04,2022,R,L,4,Sunny,87.0,208.0,72.0,3.67,1.71,0.311
0,0.2778,Player_009,2023-04-19,2023,R,R,7,Sunny,55.0,198.0,72.0,3.65,1.71,0.283
0,0.4219,Player_027,2023-07-05,2023,R,R,8,Sunny,90.0,222.0,75.0,3.67,1.75,0.28
0,0.3664,Player_019,2024-05-23,2024,R,R,2,Drizzle,75.0,187.0,75.0,3.53,1.58,0.277
1,0.2982,Player_026,2024-05-29,2024,R,R,3,Drizzle,76.0,179.0,72.0,3.39,1.72,0.261
1,0.3077,Player_006,2022-08-30,2022,L,R,2,Sunny,90.0,228.0,73.0,3.53,1.69,0.284
1,0.291,Player_037,2022-05-07,2022,L,L,8,Cloudy,57.0,205.0,71.0,3.67,1.66,0.317
1,0.3346,Player_000,2024-09-10,2024,L,R,6,Cloudy,90.0,215.0,70.0,3.69,1.79,0.317
0,0.2511,Player_010,2022-06-15,2022,R,R,7,Sunny,63.0,237.0,77.0,3.68,1.62,0.231
0,0.2209,Player_025,2023-05-05,2023,R,R,6,Sunny,94.0,219.0,76.0,3.48,1.57,0.266
0,0.3523,Player_020,2023-04-26,2023,R,R,5,Overcast,83.0,224.0,76.0,3.62,1.75,0.279
0,0.3015,Player_013,2023-08-07,2023,L,R,8,Sunny,68.0,206.0,77.0,3.5,1.56,0.292
0,0.3464,Player_039,2024-09-09,2024,R,R,2,Cloudy,57.0,195.0,70.0,3.58,1.72,0.25
1,0.3652,Player_013,2022-09-05,2022,R,L,7,Sunny,59.0,197.0,73.0,3.47,1.78,0.318
0,0.3364,Player_027,2024-04-30,2024,L,R,8,Cloudy,59.0,233.0,75.0,3.42,1.75,0.262
0,0.3051,Player_016,2023-09-06,2023,R,R,2,Sunny,57.0,199.0,74.0,3.48,1.69,0.249
0,0.504,Player_017,2023-05-11,2023,R,R,7,Sunny,79.0,235.0,76.0,3.42,1.78,0.298
1,0.2645,Player_031,2024-06-21,2024,R,L,1,Sunny,89.0,177.0,72.0,3.47,1.65,0.279
1,0.2237,Player_014,2022-04-01,2022,L,R,2,Drizzle,86.0,194.0,70.0,3.57,1.52,0.31
0,0.2303,Player_015,2024-05-16,2024,R,L,4,Sunny,84.0,236.0,74.0,3.38,1.72,0.231
1,0.3886,Player_031,2022-05-28,2022,S,R,9,Sunny,94.0,212.0,75.0,3.57,1.72,0.225
1,0.1894,Player_003,2024-09-19,2024,R,R,4,Sunny,80.0,198.0,75.0,3.33,1.76,0.314
0,0.1973,Player_017,2022-05-21,2022,R,L,4,Sunny,58.0,186.0,71.0,3.3,1.62,0.265
1,0.3574,Player_011,2023-05-20,2023,S,R,7,Overcast,74.0,206.0,75.0,3.39,1.54,0.242
0,0.281,Player_019,2022-05-20,2022,L,R,8,Sunny,85.0,237.0,75.0,3.38,1.53,0.294
0,0.2423,Player_023,2023-05-16,2023,R,L,7,Cloudy,,198.0,72.0,3.63,1.6,0.32
0,0.3551,Player_017,2022-07-07,2022,R,R,1,Cloudy,67.0,206.0,72.0,3.6,1.74,0.32
0,0.2298,Player_039,2022-05-08,2022,S,R,8,Overcast,74.0,198.0,71.0,3.57,1.66,0.316
0,0.1672,Player_036,2022-05-23,2022,L,L,3,Overcast,86.0,230.0,70.0,3.58,1.55,0.236
0,0.2028,Player_005,2022-07-05,2022,L,R,5,Sunny,69.0,219.0,74.0,3.57,1.57,0.305
0,0.3207,Player_025,2024-08-14,2024,R,R,7,Overcast,69.0,215.0,72.0,3.63,1.6,0.232
0,0.2881,Player_012,2023-04-20,2023,L,L,3,Overcast,,218.0,75.0,3.51,1.64,0.256
0,0.2015,Player_028,2022-06-02,2022,R,L,7,Drizzle,71.0,201.0,74.0,3.31,1.75,0.238
0,0.2189,Player_019,2024-07-11,2024,L,R,5,Drizzle,63.0,227.0,74.0,3.65,1.8,0.256
0,0.2611,Player_038,2024-09-12,2024,S,R,2,Cloudy,66.0,214.0,77.0,3.49,1.68,0.245
0,0.3582,Player_037,2022-09-17,2022,R,R,2,Sunny,59.0,179.0,71.0,3.67,1.62,0.31
1,0.2415,Player_002,2023-09-04,2023,L,R,7,Sunny,85.0,199.0,70.0,3.66,1.56,0.319
1,0.2336,Player_004,2023-06-30,2023,R,R,1,Overcast,63.0,231.0,72.0,3.46,1.65,0.237
0,0.2167,Player_000,2023-04-18,2023,L,R,4,Drizzle,94.0,191.0,70.0,3.67,1.68,0.233
0,0.2543,Player_031,2024-09-20,2024,R,R,5,Sunny,93.0,237.0,75.0,3.32,1.6,0.236
0,0.3037,Player_009,2023-07-21,2023,R,R,4,Cloudy,,227.0,72.0,3.56,1.6,0.277
1,0.4281,Player_028,2024-09-10,2024,R,R,4,Sunny,94.0,239.0,71.0,3.57,1.75,0.308
0,0.3152,Player_013,2024-09-12,2024,L,R,9,Sunny,89.0,226.0,70.0,3.64,1.7,0.295
0,0.2962,Player_012,2024-08-20,2024,L,R,1,Sunny,85.0,183.0,77.0,3.49,1.64,0.262
0,0.3404,Player_024,2023-06-15,2023,R,R,9,Sunny,69.0,187.0,73.0,3.4,1.67,0.316
0,0.2987,Player_030,2024-07-18,2024,R,L,7,Cloudy,88.0,206.0,73.0,3.32,1.65,0.274
0,0.2396,Player_022,2024-08-02,2024,R,R,9,Sunny,68.0,198.0,71.0,3.49,1.55,0.298
0,0.4611,Player_022,2024-09-05,2024,L,R,6,Cloudy,59.0,236.0,76.0,3.48,1.76,0.27
0,0.2683,Player_029,2022-05-11,2022,L,L,9,Cloudy,77.0,230.0,75.0,3.44,1.53,0.287
0,0.2665,Player_006,2022-07-09,2022,R,L,1,Overcast,59.0,224.0,72.0,3.55,1.56,0.258
0,0.3386,Player_023,2022-07-17,2022,L,R,7,Sunny,58.0,236.0,76.0,3.51,1.67,0.225
0,0.3242,Player_011,2022-05-08,2022,L,R,7,Sunny,58.0,178.0,72.0,3.35,1.64,0.281
1,0.3868,Player_006,2024-06-11,2024,R,R,9,Cloudy,91.0,220.0,77.0,3.32,1.68,0.249
0,0.2587,Player_013,2024-09-13,2024,L,R,1,Cloudy,57.0,231.0,77.0,3.66,1.78,0.275
1,0.3348,Player_007,2022-04-03,2022,R,R,5,Sunny,70.0,238.0,73.0,3.6,1.59,
0,0.3115,Player_012,2023-06-30,2023,L,R,5,Sunny,84.0,229.0,74.0,3.49,1.55,0.265
1,0.3188,Player_000,2022-07-19,2022,R,L,1,Drizzle,87.0,227.0,76.0,3.5,1.54,0.236
1,0.265,Player_029,2024-09-10,2024,R,R,6,Sunny,57.0,225.0,70.0,3.35,1.52,0.301
1,0.2255,Player_013,2024-05-21,2024,R,L,5,Sunny,90.0,183.0,73.0,3.41,1.74,0.237
1,0.3512,Player_026,2022-06-10,2022,L,R,5,Drizzle,92.0,201.0,77.0,3.63,1.64,0.233
0,0.3051,Player_029,2023-04-15,2023,R,R,7,Overcast,93.0,231.0,71.0,3.35,1.58,0.252
0,0.2226,Player_032,2024-05-30,2024,R,R,7,Sunny,81.0,216.0,72.0,3.34,1.7,0.226
0,0.3942,Player_003,2024-09-26,2024,L,R,6,Overcast,75.0,191.0,76.0,3.52,1.73,0.255
0,0.3513,Player_020,2024-08-15,2024,L,R,4,Sunny,61.0,221.0,75.0,3.64,1.78,0.296
1,0.2648,Player_016,2023-06-17,2023,L,L,9,Overcast,59.0,176.0,73.0,3.45,1.62,0.299
0,0.2172,Player_014,2022-07-24,2022,S,L,2,Cloudy,87.0,200.0,71.0,3.56,1.71,0.266
0,0.2755,Player_032,2024-09-20,2024,R,L,4,Sunny,89.0,224.0,71.0,3.66,1.58,0.238
1,0.2962,Player_002,2022-06-19,2022,R,L,5,Drizzle,87.0,225.0,76.0,3.66,1.76,0.317
0,0.1684,Player_012,2024-05-23,2024,R,R,3,Overcast,79.0,208.0,74.0,3.49,1.77,0.302
0,0.3063,Player_031,2024-09-05,2024,R,R,4,Sunny,77.0,192.0,77.0,3.42,1.69,0.221
0,0.3257,Player_015,2023-09-01,2023,R,R,9,Cloudy,62.0,207.0,70.0,3.53,1.7,0.281
1,0.1353,Player_002,2023-07-02,2023,L,R,2,Overcast,58.0,186.0,73.0,3.67,1.7,0.315
1,0.2637,Player_006,2024-04-02,2024,R,L,5,Cloudy,63.0,235.0,70.0,3.57,1.68,0.313
0,0.3186,Player_012,2024-04-02,2024,L,L,5,Sunny,71.0,230.0,71.0,3.68,1.63,0.26
0,0.3207,Player_009,2023-04-22,2023,R,R,1,Sunny,67.0,221.0,70.0,3.53,1.72,0.281
0,0.3362,Player_026,2024-08-02,2024,R,R,2,Drizzle,,197.0,74.0,3.31,1.79,0.282
0,0.2771,Player_006,2022-05-02,2022,L,R,3,Sunny,86.0,184.0,71.0,3.48,1.72,0.293
0,0.1772,Player_030,2024-04-11,2024,R,L,5,Cloudy,84.0,178.0,71.0,3.66,1.59,0.314
1,0.174,Player_012,2024-07-31,2024,L,R,4,Cloudy,88.0,199.0,77.0,3.31,1.65,0.267
0,0.3565,Player_002,2022-06-26,2022,S,R,6,Sunny,66.0,229.0,73.0,3.55,1.68,0.226
0,0.3292,Player_000,2024-07-04,2024,R,R,4,Sunny,92.0,199.0,74.0,3.45,1.52,0.292
0,0.3318,Player_024,2024-05-04,2024,R,L,8,Sunny,89.0,226.0,74.0,3.46,1.65,0.315
0,0.2192,Player_029,2024-05-08,2024,L,L,4,Sunny,68.0,186.0,73.0,3.53,1.53,0.307
0,0.3563,Player_005,2023-05-14,2023,L,R,8,Overcast,65.0,227.0,71.0,3.46,1.65,0.222
0,0.1948,Player_012,2024-07-24,2024,L,R,9,Sunny,90.0,180.0,73.0,3.67,1.53,0.308
0,0.2391,Player_030,2024-09-23,2024,L,R,7,Sunny,94.0,197.0,77.0,3.42,1.61,0.235
1,0.3088,Player_034,2023-09-12,2023,L,R,1,Cloudy,73.0,184.0,75.0,3.6,1.79,
0,0.3464,Player_029,2022-04-21,2022,L,R,9,Overcast,59.0,214.0,75.0,3.34,1.5,0.294
0,0.3975,Player_024,2024-07-31,2024,S,R,8,Sunny,79.0,187.0,74.0,3.43,1.58,0.233
1,0.2832,Player_029,2023-08-15,2023,L,R,6,Sunny,88.0,175.0,72.0,3.36,1.61,0.23
0,0.2394,Player_011,2023-04-08,2023,L,R,4,Cloudy,,195.0,73.0,3.39,1.68,0.248
0,0.2158,Player_002,2024-07-23,2024,R,R,7,Cloudy,60.0,175.0,73.0,3.53,1.79,0.243
0,0.2319,Player_022,2022-06-20,2022,R,R,6,Cloudy,84.0,199.0,74.0,3.44,1.69,0.22
0,0.4355,Player_022,2024-05-05,2024,R,R,7,Sunny,85.0,191.0,76.0,3.32,1.77,0.309
0,0.333,Player_032,2023-08-21,2023,R,R,6,Overcast,89.0,235.0,70.0,3.65,1.55,0.233
0,0.3579,Player_009,2022-09-16,2022,R,R,8,Cloudy,89.0,209.0,73.0,3.57,1.59,0.319
0,0.2633,Player_035,2024-07-16,2024,R,R,9,Overcast,,203.0,72.0,3.68,1.77,0.246
0,0.2799,Player_019,2024-05-06,2024,R,R,7,Drizzle,67.0,214.0,77.0,3.62,1.5,0.277
0,0.3289,Player_017,2022-06-17,2022,R,R,3,Cloudy,61.0,183.0,71.0,3.52,1.64,0.29
0,0.2646,Player_039,2024-07-01,2024,L,R,9,Sunny,59.0,183.0,70.0,3.48,1.64,0.25
0,0.2796,Player_021,2024-09-09,2024,L,R,8,Cloudy,88.0,185.0,75.0,3.68,1.78,0.266
1,0.2328,Player_003,2024-08-20,2024,R,R,5,Cloudy,94.0,231.0,72.0,3.47,1.63,
0,0.2687,Player_010,2022-07-30,2022,L,R,1,Sunny,80.0,223.0,71.0,3.52,1.77,0.226
0,0.2834,Player_023,2022-08-16,2022,R,R,9,Sunny,93.0,237.0,74.0,3.43,1.68,0.256
0,0.2425,Player_009,2024-08-02,2024,L,R,5,Sunny,67.0,227.0,77.0,3.41,1.59,0.299
0,0.29,Player_006,2024-05-27,2024,L,L,4,Drizzle,85.0,182.0,71.0,3.64,1.54,0.253
0,0.3199,Player_011,2022-04-25,2022,L,R,6,Overcast,70.0,185.0,74.0,3.4,1.65,0.226
0,0.2675,Player_020,2023-08-30,2023,R,R,1,Cloudy,70.0,228.0,72.0,3.36,1.51,0.239
0,0.2421,Player_003,2022-07-09,2022,L,R,8,Overcast,80.0,210.0,71.0,3.59,1.6,0.288
0,0.2873,Player_020,2023-09-21,2023,R,R,2,Cloudy,60.0,214.0,74.0,3.64,1.66,0.317
1,0.2447,Player_029,2023-08-01,2023,R,R,3,Overcast,71.0,190.0,77.0,3.67,1.67,0.243
0,0.3033,Player_018,2022-06-25,2022,L,R,6,Sunny,71.0,207.0,72.0,3.57,1.63,0.272
0,0.3569,Player_027,2023-07-26,2023,R,R,6,Sunny,72.0,233.0,71.0,3.44,1.79,0.244
0,0.2123,Player_025,2023-07-27,2023,L,R,1,Cloudy,83.0,206.0,71.0,3.5,1.54,0.312
0,0.4521,Player_019,2023-09-24,2023,L,R,6,Overcast,66.0,219.0,74.0,3.37,1.8,0.31
0,0.2749,Player_038,2024-06-04,2024,R,R,2,Overcast,61.0,223.0,72.0,3.38,1.71,0.259
0,0.3088,Player_024,2022-06-08,2022,R,R,9,Drizzle,79.0,235.0,74.0,3.66,1.75,0.224
1,0.2473,Player_032,2022-06-03,2022,L,R,4,Overcast,55.0,188.0,70.0,3.64,1.69,0.281
0,0.36,Player_025,2023-04-20,2023,R,R,5,Sunny,94.0,234.0,75.0,3.41,1.56,0.283
0,0.2612,Player_038,2023-06-24,2023,L,L,6,Sunny,91.0,214.0,71.0,3.45,1.73,0.282
0,0.2524,Player_017,2022-06-20,2022,R,R,2,Sunny,70.0,229.0,70.0,3.68,1.75,0.25
0,0.2097,Player_007,2024-05-05,2024,R,L,2,Cloudy,82.0,191.0,70.0,3.46,1.73,0.222
1,0.2612,Player_007,2022-08-25,2022,R,R,9,Cloudy,75.0,182.0,76.0,3.43,1.76,0.223
0,0.3093,Player_039,2022-08-03,2022,R,R,6,Sunny,82.0,180.0,77.0,3.38,1.52,0.298
0,0.3121,Player_031,2024-05-13,2024,L,R,3,Sunny,63.0,199.0,73.0,3.46,1.79,0.273
1,0.2772,Player_012,2024-04-29,2024,R,R,6,Overcast,92.0,210.0,71.0,3.45,1.78,0.247
0,0.2302,Player_017,2023-07-21,2023,R,R,9,Sunny,90.0,193.0,76.0,3.59,1.77,0.311
0,0.2262,Player_001,2022-04-01,2022,R,R,7,Cloudy,75.0,192.0,70.0,3.44,1.69,0.308
0,0.2677,Player_038,2023-04-28,2023,L,R,4,Sunny,90.0,228.0,72.0,3.48,1.75,0.302
0,0.3322,Player_017,2022-06-19,2022,L,R,6,Cloudy,67.0,223.0,77.0,3.43,1.68,
0,0.3464,Player_015,2023-09-26,2023,L,R,9,Cloudy,86.0,216.0,73.0,3.43,1.65,0.281
1,0.3558,Player_009,2024-04-13,2024,L,R,3,Sunny,91.0,217.0,76.0,3.4,1.78,0.273
1,0.2699,Player_003,2023-07-05,2023,L,L,8,Cloudy,82.0,230.0,72.0,3.5,1.56,0.238
0,0.2968,Player_030,2023-07-11,2023,L,L,9,Cloudy,94.0,189.0,72.0,3.47,1.76,0.293
1,0.2682,Player_008,2024-05-15,2024,R,R,4,Sunny,63.0,236.0,72.0,3.32,1.63,0.272
1,0.148,Player_003,2022-07-03,2022,L,L,8,Overcast,55.0,231.0,77.0,3.67,1.59,0.275
0,0.2649,Player_039,2022-07-24,2022,R,R,1,Overcast,76.0,197.0,73.0,3.44,1.65,0.289
0,0.2237,Player_021,2024-04-24,2024,R,L,4,Cloudy,68.0,197.0,76.0,3.6,1.69,0.257
0,0.2073,Player_003,2022-09-19,2022,R,R,3,Sunny,80.0,186.0,77.0,3.66,1.55,0.29
0,0.2103,Player_011,2022-05-15,2022,R,L,1,Sunny,69.0,221.0,75.0,3.3,1.73,0.245
0,0.2595,Player_022,2022-06-06,2022,R,L,6,Sunny,89.0,194.0,72.0,3.35,1.62,0.307
0,0.2007,Player_008,2023-04-05,2023,R,R,5,Sunny,59.0,192.0,74.0,3.38,1.71,0.319
1,0.2302,Player_039,2023-07-16,2023,R,R,4,Cloudy,93.0,218.0,72.0,3.65,1.55,0.279
0,0.3884,Player_035,2023-07-16,2023,R,R,8,Drizzle,63.0,187.0,74.0,3.52,1.52,0.258
1,0.1678,Player_035,2023-04-21,2023,R,R,3,Sunny,68.0,182.0,75.0,3.42,1.55,0.249
0,0.2372,Player_020,2023-05-23,2023,R,L,8,Cloudy,55.0,230.0,77.0,3.32,1.55,0.309
0,0.1984,Player_039,2022-08-17,2022,R,R,6,Cloudy,82.0,177.0,76.0,3.31,1.73,0.253
0,0.2474,Player_013,2024-08-06,2024,L,R,9,Cloudy,82.0,234.0,73.0,3.53,1.65,0.301
0,0.2362,Player_022,2024-05-25,2024,R,L,1,Overcast,92.0,219.0,76.0,3.58,1.73,0.261
0,0.2109,Player_029,2023-07-23,2023,R,R,9,Sunny,59.0,197.0,76.0,3.45,1.72,0.308
0,0.3202,Player_020,2023-08-13,2023,R,R,1,Cloudy,74.0,211.0,72.0,3.42,1.57,0.263
0,0.3746,Player_034,2024-06-06,2024,R,R,7,Sunny,90.0,195.0,70.0,3.62,1.77,0.278
0,0.3389,Player_004,2022-05-02,2022,R,R,7,Sunny,56.0,201.0,73.0,3.65,1.73,0.232
0,0.3517,Player_017,2023-04-04,2023,S,R,2,Cloudy,78.0,220.0,75.0,3.45,1.53,0.318
0,0.1534,Player_033,2024-09-18,2024,R,L,1,Sunny,64.0,234.0,71.0,3.6,1.67,
0,0.283,Player_007,2022-05-28,2022,L,R,1,Sunny,69.0,189.0,77.0,3.65,1.62,0.282
0,0.3327,Player_015,2022-08-24,2022,L,R,2,Sunny,85.0,209.0,77.0,3.45,1.64,0.233
1,0.331,Player_039,2023-05-29,2023,L,L,2,Sunny,87.0,231.0,70.0,3.36,1.61,0.289
0,0.3927,Player_024,2023-08-07,2023,L,L,9,Sunny,55.0,175.0,73.0,3.45,1.65,0.263
1,0.3748,Player_014,2023-05-30,2023,L,R,2,Sunny,81.0,175.0,72.0,3.32,1.61,0.262
0,0.3428,Player_014,2022-07-19,2022,R,R,8,Sunny,70.0,214.0,76.0,3.31,1.64,0.267
0,0.4644,Player_008,2024-09-18,2024,R,R,1,Cloudy,85.0,184.0,76.0,3.63,1.66,0.274
1,0.3067,Player_029,2022-08-14,2022,L,R,6,Cloudy,,239.0,75.0,3.64,1.72,0.3
1,0.2598,Player_004,2024-04-29,2024,R,R,5,Drizzle,90.0,182.0,75.0,3.56,1.55,0.254
0,0.3124,Player_008,2022-07-04,2022,L,R,5,Drizzle,59.0,222.0,76.0,3.64,1.54,0.308
0,0.2159,Player_004,2022-05-19,2022,R,R,8,Overcast,87.0,195.0,75.0,3.67,1.65,0.231
0,0.3047,Player_030,2023-05-10,2023,L,R,2,Cloudy,93.0,235.0,75.0,3.57,1.64,0.273
0,0.1291,Player_037,2022-08-28,2022,R,L,1,Sunny,86.0,231.0,77.0,3.66,1.67,0.288
1,0.2329,Player_003,2023-09-24,2023,L,L,2,Sunny,70.0,226.0,74.0,3.67,1.68,0.317
0,0.2719,Player_037,2022-09-14,2022,R,R,8,Drizzle,84.0,216.0,70.0,3.41,1.58,0.26
0,0.3365,Player_036,2023-08-30,2023,L,L,6,Drizzle,57.0,189.0,73.0,3.68,1.69,0.288
0,0.3578,Player_020,2022-06-24,2022,R,R,9,Cloudy,70.0,181.0,75.0,3.69,1.65,0.299
0,0.2325,Player_001,2023-07-04,2023,L,R,8,Cloudy,87.0,192.0,76.0,3.41,1.65,0.303
0,0.4253,Player_027,2022-07-07,2022,R,R,2,Sunny,81.0,180.0,75.0,3.55,1.68,0.312
0,0.2904,Player_020,2023-08-11,2023,R,R,1,Sunny,65.0,226.0,72.0,3.39,1.68,0.255
1,0.2968,Player_033,2022-04-10,2022,R,R,1,Cloudy,77.0,193.0,71.0,3.46,1.69,0.304
0,0.1368,Player_011,2024-08-26,2024,R,L,2,Sunny,55.0,203.0,76.0,3.55,1.75,
0,0.2366,Player_022,2024-08-23,2024,S,R,5,Sunny,93.0,215.0,71.0,3.31,1.65,0.267
0,0.3435,Player_035,2022-09-27,2022,L,L,1,Overcast,77.0,220.0,70.0,3.56,1.78,0.289
0,0.3119,Player_026,2022-07-17,2022,L,R,8,Overcast,75.0,213.0,75.0,3.49,1.78,0.252
0,0.2775,Player_025,2022-06-22,2022,L,L,5,Overcast,68.0,222.0,74.0,3.35,1.6,0.246
0,0.2859,Player_038,2022-06-26,2022,L,L,7,Sunny,63.0,182.0,75.0,3.57,1.76,0.248
1,0.149,Player_019,2023-07-21,2023,R,L,8,Sunny,68.0,193.0,73.0,3.68,1.63,0.225
1,0.2732,Player_006,2023-05-25,2023,S,R,1,Cloudy,73.0,224.0,74.0,3.3,1.79,0.278
1,0.3486,Player_039,2024-08-17,2024,S,L,4,Cloudy,72.0,221.0,72.0,3.48,1.78,0.306
1,0.3561,Player_005,2024-06-18,2024,R,R,7,Drizzle,71.0,216.0,73.0,3.35,1.63,0.249
0,0.2712,Player_022,2022-05-21,2022,R,R,9,Sunny,75.0,236.0,71.0,3.38,1.6,0.223
0,0.3895,Player_030,2022-08-11,2022,R,R,8,Sunny,73.0,238.0,75.0,3.5,1.71,0.248
0,0.1919,Player_031,2022-05-31,2022,R,R,2,Sunny,67.0,180.0,74.0,3.42,1.61,0.297
1,0.202,Player_028,2022-04-15,2022,L,L,3,Cloudy,78.0,210.0,72.0,3.56,1.7,
0,0.4105,Player_017,2023-07-03,2023,R,R,8,Sunny,64.0,233.0,74.0,3.41,1.63,0.297
0,0.3205,Player_007,2022-07-01,2022,R,R,6,Sunny,,196.0,71.0,3.61,1.65,0.242
0,0.2798,Player_001,2022-05-23,2022,L,R,3,Sunny,81.0,178.0,75.0,3.37,1.61,0.284
0,0.2961,Player_012,2022-04-07,2022,L,R,5,Sunny,66.0,182.0,74.0,3.66,1.74,0.293
0,0.2235,Player_038,2024-06-24,2024,S,R,9,Cloudy,82.0,221.0,75.0,3.46,1.68,0.301
0,0.2994,Player_027,2022-08-18,2022,S,R,2,Sunny,93.0,234.0,74.0,3.32,1.7,0.288
0,0.2638,Player_016,2024-08-22,2024,R,L,3,Overcast,85.0,220.0,76.0,3.34,1.75,0.311
0,0.2814,Player_019,2023-05-08,2023,R,R,9,Cloudy,86.0,177.0,76.0,3.51,1.74,0.233
1,0.1888,Player_013,2023-06-17,2023,L,L,7,Sunny,63.0,201.0,72.0,3.66,1.65,0.275
0,0.3185,Player_035,2023-09-10,2023,L,R,3,Sunny,62.0,197.0,73.0,3.51,1.58,0.265
0,0.2429,Player_018,2023-06-02,2023,R,R,3,Sunny,77.0,234.0,74.0,3.48,1.61,0.32
0,0.181,Player_033,2023-06-25,2023,R,L,8,Sunny,66.0,209.0,76.0,3.61,1.67,0.275
0,0.3387,Player_002,2023-08-01,2023,R,L,3,Cloudy,59.0,190.0,70.0,3.39,1.57,0.289
1,0.4319,Player_019,2023-06-22,2023,R,R,7,Drizzle,91.0,212.0,77.0,3.57,1.73,0.312
0,0.436,Player_024,2023-08-30,2023,L,R,5,Sunny,68.0,223.0,72.0,3.39,1.57,0.234
1,0.3255,Player_026,2022-06-04,2022,R,R,2,Sunny,87.0,212.0,73.0,3.64,1.6,0.254
0,0.2814,Player_000,2024-06-27,2024,L,R,4,Overcast,84.0,202.0,72.0,3.65,1.69,0.252
0,0.2951,Player_025,2023-07-02,2023,L,R,7,Cloudy,60.0,221.0,74.0,3.38,1.71,0.232
1,0.3284,Player_033,2024-08-11,2024,L,R,8,Sunny,,194.0,72.0,3.36,1.62,0.276
0,0.2406,Player_003,2024-05-30,2024,L,L,1,Sunny,78.0,183.0,77.0,3.59,1.73,0.251
1,0.3723,Player_013,2023-05-20,2023,R,R,9,Sunny,79.0,231.0,72.0,3.56,1.77,0.237
0,0.1575,Player_017,2024-06-03,2024,L,R,3,Sunny,66.0,221.0,72.0,3.55,1.55,0.222
0,0.2793,Player_010,2023-05-12,2023,L,R,6,Drizzle,61.0,222.0,70.0,3.5,1.77,0.223
0,0.3361,Player_017,2023-05-06,2023,R,R,3,Cloudy,80.0,232.0,75.0,3.35,1.66,0.259
0,0.1908,Player_035,2023-08-26,2023,R,L,3,Sunny,64.0,221.0,77.0,3.59,1.63,0.281
1,0.2532,Player_035,2022-06-02,2022,L,L,9,Drizzle,61.0,176.0,74.0,3.36,1.74,0.241
0,0.3116,Player_024,2022-05-19,2022,L,L,7,Sunny,70.0,229.0,77.0,3.52,1.74,0.311
0,0.3763,Player_035,2023-08-25,2023,L,L,9,Sunny,69.0,177.0,73.0,3.44,1.7,0.241
0,0.1894,Player_032,2022-08-20,2022,R,R,1,Drizzle,71.0,220.0,75.0,3.43,1.62,0.247
0,0.1742,Player_002,2022-05-15,2022,L,L,3,Cloudy,70.0,239.0,76.0,3.63,1.58,0.25
0,0.2338,Player_015,2024-05-24,2024,L,R,1,Overcast,77.0,201.0,75.0,3.48,1.61,0.236
1,0.1924,Player_033,2023-08-26,2023,L,R,5,Sunny,76.0,195.0,71.0,3.5,1.67,0.32
0,0.1774,Player_017,2022-05-21,2022,R,R,5,Sunny,56.0,235.0,77.0,3.66,1.67,0.292
0,0.2319,Player_024,2022-09-03,2022,L,R,9,Drizzle,64.0,204.0,70.0,3.52,1.78,0.25
0,0.3663,Player_016,2024-07-20,2024,R,R,3,Sunny,75.0,234.0,70.0,3.62,1.64,0.317
0,0.2782,Player_000,2024-07-28,2024,L,R,6,Overcast,84.0,195.0,71.0,3.65,1.7,0.283
0,0.2822,Player_022,2023-07-06,2023,R,R,9,Overcast,56.0,186.0,75.0,3.58,1.7,0.297
0,0.2331,Player_015,2022-04-06,2022,L,R,1,Sunny,87.0,211.0,77.0,3.36,1.72,0.254
0,0.3443,Player_030,2023-08-27,2023,L,R,5,Overcast,58.0,199.0,74.0,3.35,1.8,0.242
1,0.4313,Player_035,2023-07-10,2023,L,R,4,Drizzle,80.0,221.0,72.0,3.47,1.74,0.265
0,0.2179,Player_004,2024-05-01,2024,R,R,1,Overcast,63.0,194.0,73.0,3.33,1.51,0.262
0,0.4007,Player_014,2023-08-28,2023,R,R,4,Sunny,91.0,224.0,75.0,3.42,1.74,0.318
1,0.3255,Player_015,2024-05-22,2024,L,R,3,Cloudy,82.0,198.0,71.0,3.38,1.8,0.235
1,0.3012,Player_027,2023-06-05,2023,L,R,3,Sunny,86.0,198.0,71.0,3.32,1.51,
1,0.308,Player_015,2024-07-24,2024,R,R,2,Sunny,87.0,221.0,72.0,3.46,1.68,0.282
0,0.3073,Player_022,2023-05-21,2023,R,R,5,Drizzle,56.0,191.0,73.0,3.4,1.68,0.276
1,0.43,Player_036,2023-04-02,2023,L,R,4,Drizzle,88.0,193.0,75.0,3.34,1.66,0.275
1,0.3364,Player_023,2023-05-28,2023,L,R,7,Sunny,58.0,210.0,74.0,3.59,1.76,0.261
1,0.3179,Player_003,2023-08-01,2023,R,R,4,Cloudy,76.0,196.0,70.0,3.67,1.74,0.256
0,0.2505,Player_019,2024-06-15,2024,R,R,7,Drizzle,81.0,199.0,71.0,3.55,1.55,0.229
1,0.3087,Player_035,2023-08-07,2023,R,L,5,Cloudy,90.0,197.0,70.0,3.67,1.53,0.299
0,0.213,Player_019,2024-04-12,2024,S,R,4,Sunny,83.0,215.0,73.0,3.37,1.55,0.265
1,0.2876,Player_039,2023-05-17,2023,R,R,8,Sunny,83.0,196.0,74.0,3.61,1.77,0.31
0,0.5018,Player_036,2023-05-13,2023,L,R,7,Cloudy,93.0,214.0,72.0,3.46,1.53,0.27
1,0.1047,Player_010,2022-04-12,2022,R,R,5,Drizzle,55.0,190.0,70.0,3.5,1.69,0.31
1,0.3163,Player_016,2022-07-26,2022,L,R,5,Sunny,55.0,233.0,70.0,3.57,1.7,0.312
0,0.319,Player_007,2024-05-07,2024,L,R,7,Sunny,62.0,236.0,75.0,3.61,1.57,0.276
0,0.254,Player_007,2022-06-25,2022,L,L,7,Overcast,64.0,175.0,73.0,3.32,1.57,
0,0.2557,Player_014,2023-09-26,2023,L,L,7,Overcast,74.0,181.0,77.0,3.46,1.75,0.23
1,0.2864,Player_016,2022-05-15,2022,R,R,2,Drizzle,,181.0,74.0,3.61,1.63,0.232
0,0.2824,Player_014,2024-05-05,2024,L,R,3,Overcast,70.0,186.0,72.0,3.51,1.65,0.29
1,0.3155,Player_029,2024-09-14,2024,L,R,4,Cloudy,90.0,226.0,70.0,3.44,1.62,0.225
1,0.2159,Player_006,2024-06-03,2024,R,L,6,Drizzle,80.0,191.0,75.0,3.32,1.55,0.291
0,0.4216,Player_019,2023-05-24,2023,R,R,4,Cloudy,73.0,212.0,72.0,3.3,1.63,0.243
0,0.2624,Player_035,2023-08-08,2023,R,R,8,Cloudy,86.0,191.0,74.0,3.47,1.58,0.243
0,0.3199,Player_029,2022-04-24,2022,R,R,4,Sunny,74.0,179.0,73.0,3.49,1.59,
1,0.2332,Player_008,2024-06-07,2024,R,R,5,Sunny,56.0,180.0,70.0,3.39,1.56,0.312
0,0.3653,Player_009,2022-05-06,2022,L,R,7,Sunny,89.0,236.0,77.0,3.62,1.69,0.291
1,0.3313,Player_037,2024-09-07,2024,R,R,4,Overcast,60.0,211.0,70.0,3.59,1.59,0.295
1,0.3093,Player_023,2024-05-23,2024,R,R,6,Sunny,73.0,217.0,74.0,3.38,1.55,0.298
0,0.1981,Player_035,2024-07-11,2024,L,L,7,Sunny,61.0,187.0,71.0,3.38,1.74,0.303
0,0.2173,Player_034,2024-07-03,2024,L,L,4,Drizzle,86.0,206.0,77.0,3.65,1.67,0.237
0,0.418,Player_017,2023-06-28,2023,L,R,9,Overcast,80.0,217.0,72.0,3.67,1.76,
0,0.2266,Player_021,2022-04-12,2022,R,R,5,Overcast,92.0,225.0,74.0,3.69,1.73,0.26
0,0.3449,Player_014,2023-05-18,2023,L,R,8,Cloudy,89.0,217.0,70.0,3.57,1.61,0.276
0,0.2339,Player_025,2022-09-01,2022,L,R,7,Sunny,65.0,213.0,76.0,3.67,1.67,0.301
0,0.3506,Player_025,2024-07-07,2024,R,R,8,Sunny,65.0,215.0,71.0,3.36,1.8,0.305
0,0.232,Player_027,2023-09-05,2023,R,R,7,Overcast,65.0,199.0,70.0,3.36,1.61,0.271
0,0.2326,Player_034,2024-07-09,2024,L,R,5,Overcast,61.0,220.0,72.0,3.32,1.57,0.274
0,0.2301,Player_029,2024-05-27,2024,R,R,7,Sunny,92.0,194.0,74.0,3.52,1.55,0.261
0,0.2612,Player_004,2022-06-02,2022,L,R,5,Sunny,58.0,221.0,72.0,3.39,1.78,
0,0.3083,Player_014,2022-08-18,2022,R,R,8,Sunny,71.0,204.0,72.0,3.53,1.57,0.285
1,0.2849,Player_022,2023-05-13,2023,S,R,5,Cloudy,66.0,212.0,70.0,3.3,1.78,0.288
0,0.2233,Player_025,2022-07-17,2022,L,R,7,Sunny,55.0,205.0,75.0,3.51,1.68,0.267
0,0.248,Player_034,2024-09-15,2024,R,L,2,Sunny,88.0,211.0,72.0,3.66,1.68,0.225
1,0.2,Player_016,2024-08-30,2024,S,R,2,Sunny,75.0,221.0,77.0,3.59,1.62,0.277
1,0.325,Player_032,2024-06-08,2024,R,R,6,Cloudy,90.0,193.0,73.0,3.45,1.62,0.23
0,0.3379,Player_015,2023-05-20,2023,S,R,8,Cloudy,79.0,205.0,75.0,3.33,1.6,0.265
1,0.2483,Player_005,2024-07-20,2024,R,L,7,Sunny,74.0,201.0,72.0,3.4,1.72,0.3
0,0.319,Player_019,2023-07-19,2023,L,R,3,Sunny,64.0,176.0,70.0,3.5,1.72,0.243
1,0.4026,Player_005,2024-08-08,2024,R,R,8,Sunny,78.0,230.0,75.0,3.4,1.66,0.312
0,0.269,Player_016,2024-04-13,2024,R,R,6,Cloudy,84.0,219.0,74.0,3.61,1.63,0.291
0,0.2139,Player_009,2024-07-06,2024,R,R,6,Sunny,56.0,177.0,77.0,3.67,1.69,0.246
0,0.3105,Player_001,2022-04-02,2022,L,L,9,Drizzle,64.0,179.0,75.0,3.37,1.65,0.243
1,0.2007,Player_026,2024-09-25,2024,R,R,8,Sunny,69.0,235.0,75.0,3.3,1.75,0.227
0,0.2853,Player_029,2023-09-05,2023,L,R,3,Overcast,59.0,230.0,70.0,3.33,1.52,0.307
0,0.2081,Player_005,2023-08-12,2023,R,L,1,Sunny,58.0,222.0,76.0,3.62,1.77,0.226
0,0.2509,Player_023,2023-05-24,2023,L,R,3,Cloudy,64.0,221.0,71.0,3.32,1.66,0.283
0,0.2625,Player_020,2023-08-13,2023,R,R,2,Cloudy,68.0,229.0,75.0,3.6,1.65,0.295
0,0.313,Player_005,2022-06-20,2022,R,L,2,Sunny,76.0,213.0,75.0,3.46,1.62,0.246
0,0.3574,Player_024,2022-07-26,2022,R,R,5,Sunny,87.0,175.0,76.0,3.47,1.66,0.258
0,0.3448,Player_010,2024-05-11,2024,R,R,9,Sunny,89.0,204.0,72.0,3.59,1.57,0.249
1,0.3235,Player_032,2024-06-24,2024,L,R,6,Cloudy,70.0,196.0,73.0,3.43,1.65,0.3
0,0.262,Player_024,2024-09-04,2024,S,R,4,Drizzle,76.0,186.0,70.0,3.62,1.62,0.32
1,0.085,Player_004,2024-05-04,2024,R,L,3,Cloudy,55.0,230.0,72.0,3.34,1.59,0.317
0,0.3257,Player_020,2023-06-09,2023,L,R,8,Cloudy,88.0,217.0,77.0,3.59,1.56,0.227
0,0.1404,Player_004,2024-05-22,2024,L,R,5,Sunny,64.0,233.0,71.0,3.66,1.76,0.288
0,0.1354,Player_028,2023-05-03,2023,L,L,1,Sunny,57.0,182.0,77.0,3.37,1.76,0.278
0,0.2687,Player_011,2022-06-11,2022,R,R,5,Cloudy,79.0,238.0,70.0,3.52,1.65,0.313
0,0.2685,Player_019,2024-07-18,2024,R,L,2,Sunny,69.0,214.0,72.0,3.56,1.57,0.278
0,0.2484,Player_027,2024-04-09,2024,R,R,5,Sunny,71.0,211.0,73.0,3.35,1.64,0.266
1,0.4075,Player_033,2022-05-07,2022,L,R,1,Sunny,72.0,186.0,77.0,3.52,1.78,0.265
0,0.3123,Player_020,2024-08-25,2024,R,R,2,Sunny,80.0,215.0,74.0,3.4,1.73,0.305
0,0.2825,Player_003,2022-05-17,2022,L,R,8,Drizzle,87.0,213.0,76.0,3.6,1.74,0.287
0,0.347,Player_010,2024-05-30,2024,R,L,2,Sunny,77.0,220.0,76.0,3.53,1.71,0.227
0,0.4096,Player_024,2023-07-31,2023,L,R,1,Sunny,79.0,184.0,74.0,3.46,1.72,0.313
0,0.3159,Player_001,2022-08-13,2022,R,R,2,Sunny,,216.0,75.0,3.6,1.54,0.288
0,0.2257,Player_014,2024-09-19,2024,R,R,9,Sunny,86.0,181.0,75.0,3.59,1.6,0.236
0,0.2615,Player_012,2023-04-29,2023,L,R,9,Sunny,61.0,179.0,74.0,3.38,1.75,0.267
0,0.1487,Player_012,2022-08-14,2022,R,L,6,Sunny,68.0,205.0,77.0,3.31,1.55,0.245
1,0.247,Player_038,2024-08-08,2024,S,L,8,Sunny,74.0,182.0,73.0,3.4,1.52,0.279
0,0.1965,Player_037,2024-04-22,2024,L,L,9,Sunny,92.0,221.0,75.0,3.65,1.75,0.276
1,0.247,Player_035,2023-09-05,2023,L,L,3,Overcast,79.0,206.0,72.0,3.46,1.73,
0,0.2682,Player_034,2024-05-26,2024,R,L,4,Cloudy,87.0,190.0,72.0,3.38,1.55,0.226
1,0.1611,Player_035,2022-06-16,2022,L,R,1,Cloudy,86.0,192.0,72.0,3.45,1.66,0.265
0,0.2115,Player_007,2023-08-22,2023,L,R,5,Sunny,91.0,207.0,71.0,3.45,1.51,0.238
0,0.2445,Player_015,2024-07-03,2024,R,R,9,Sunny,75.0,213.0,76.0,3.48,1.54,0.222
1,0.2763,Player_002,2022-05-20,2022,R,R,1,Drizzle,65.0,226.0,73.0,3.48,1.58,0.298
0,0.2654,Player_031,2023-05-28,2023,L,R,7,Sunny,71.0,212.0,75.0,3.42,1.71,0.296
0,0.2811,Player_034,2024-08-11,2024,L,R,5,Sunny,55.0,210.0,71.0,3.42,1.59,0.313
1,0.2306,Player_001,2024-05-02,2024,R,R,9,Sunny,82.0,214.0,75.0,3.62,1.74,0.279
0,0.1785,Player_006,2023-06-24,2023,R,R,6,Sunny,79.0,213.0,70.0,3.57,1.51,0.246
0,0.2426,Player_006,2023-08-13,2023,R,R,4,Cloudy,61.0,197.0,75.0,3.57,1.5,0.256
0,0.2851,Player_037,2024-09-06,2024,L,R,1,Cloudy,,189.0,73.0,3.38,1.59,0.28
0,0.2583,Player_031,2024-08-26,2024,S,R,6,Sunny,83.0,209.0,70.0,3.7,1.72,0.283
1,0.2878,Player_011,2022-06-04,2022,R,R,9,Sunny,86.0,183.0,72.0,3.33,1.79,0.224
0,0.3293,Player_001,2023-05-06,2023,L,R,1,Sunny,86.0,190.0,70.0,3.57,1.59,0.311
0,0.3277,Player_016,2022-09-16,2022,R,R,1,Sunny,58.0,184.0,70.0,3.6,1.67,0.313
0,0.2357,Player_023,2022-07-17,2022,R,R,9,Overcast,69.0,206.0,76.0,3.41,1.51,0.3
1,0.1597,Player_001,2022-06-13,2022,L,L,3,Cloudy,78.0,238.0,76.0,3.33,1.5,0.245
1,0.359,Player_018,2023-09-10,2023,L,L,6,Sunny,59.0,231.0,76.0,3.59,1.5,0.255
0,0.307,Player_021,2024-08-08,2024,R,R,6,Sunny,62.0,180.0,70.0,3.53,1.53,0.29
1,0.2032,Player_039,2024-06-24,2024,L,L,5,Cloudy,92.0,228.0,74.0,3.69,1.76,0.251
0,0.3194,Player_007,2023-05-06,2023,L,R,5,Sunny,75.0,184.0,75.0,3.59,1.69,0.259
1,0.3448,Player_007,2023-04-15,2023,L,L,7,Drizzle,78.0,234.0,72.0,3.67,1.77,0.287
0,0.421,Player_017,2022-07-05,2022,L,R,3,Overcast,61.0,188.0,74.0,3.55,1.75,0.223
0,0.2875,Player_012,2022-04-21,2022,L,L,2,Sunny,80.0,183.0,72.0,3.5,1.73,0.234
0,0.3542,Player_036,2022-05-26,2022,R,R,9,Overcast,91.0,226.0,77.0,3.68,1.61,0.224
1,0.2153,Player_031,2024-07-31,2024,L,R,1,Sunny,93.0,229.0,71.0,3.63,1.54,0.247
1,0.2675,Player_010,2022-04-03,2022,L,L,2,Sunny,62.0,200.0,72.0,3.31,1.53,0.268
0,0.2265,Player_013,2024-09-25,2024,R,L,7,Drizzle,63.0,210.0,76.0,3.53,1.51,0.304
0,0.324,Player_025,2023-06-18,2023,L,R,6,Overcast,78.0,226.0,71.0,3.36,1.55,0.238
0,0.3928,Player_034,2023-09-04,2023,R,R,3,Sunny,90.0,230.0,77.0,3.68,1.51,0.256
0,0.3175,Player_008,2024-05-01,2024,L,R,2,Overcast,55.0,202.0,75.0,3.57,1.71,0.221
0,0.2344,Player_011,2024-06-21,2024,L,R,4,Sunny,64.0,226.0,77.0,3.48,1.62,0.266
0,0.2116,Player_024,2022-09-20,2022,L,R,1,Cloudy,61.0,226.0,74.0,3.68,1.66,0.223
0,0.3652,Player_034,2024-07-22,2024,R,L,5,Drizzle,86.0,226.0,77.0,3.43,1.64,0.252
0,0.336,Player_011,2022-08-24,2022,L,R,5,Overcast,,233.0,76.0,3.48,1.59,0.303
1,0.3114,Player_018,2024-08-01,2024,R,R,9,Sunny,83.0,229.0,76.0,3.46,1.53,
0,0.2459,Player_027,2022-08-12,2022,L,L,8,Sunny,56.0,204.0,71.0,3.35,1.66,0.257
0,0.2988,Player_017,2023-06-05,2023,R,R,5,Overcast,60.0,195.0,76.0,3.36,1.76,0.248
0,0.2109,Player_030,2024-06-20,2024,R,R,5,Sunny,76.0,239.0,72.0,3.54,1.72,
0,0.2971,Player_020,2024-04-08,2024,L,L,7,Drizzle,71.0,204.0,76.0,3.33,1.78,
0,0.1678,Player_035,2024-05-16,2024,R,L,3,Sunny,62.0,235.0,70.0,3.67,1.61,0.258
1,0.2448,Player_024,2022-04-12,2022,L,L,6,Sunny,65.0,239.0,70.0,3.43,1.75,0.311
0,0.225,Player_036,2024-05-28,2024,L,L,1,Sunny,84.0,175.0,75.0,3.43,1.72,0.265
0,0.05,Player_034,2023-08-09,2023,L,L,9,Cloudy,55.0,184.0,70.0,3.36,1.78,0.314
1,0.2557,Player_009,2022-05-07,2022,R,R,9,Sunny,,211.0,72.0,3.44,1.59,0.308
0,0.1871,Player_035,2022-06-26,2022,R,L,9,Sunny,61.0,180.0,73.0,3.58,1.74,0.315
0,0.2853,Player_005,2022-07-09,2022,L,R,2,Drizzle,85.0,217.0,71.0,3.68,1.65,0.231
0,0.2801,Player_011,2022-04-30,2022,R,R,8,Sunny,80.0,175.0,75.0,3.38,1.63,
0,0.4038,Player_001,2024-08-24,2024,R,R,6,Cloudy,57.0,229.0,74.0,3.37,1.64,0.257
0,0.3213,Player_004,2022-08-17,2022,L,R,9,Sunny,85.0,202.0,75.0,3.36,1.63,0.294
1,0.2734,Player_028,2023-05-04,2023,R,L,1,Cloudy,74.0,218.0,72.0,3.53,1.76,0.249
1,0.2847,Player_004,2022-04-07,2022,R,L,4,Sunny,67.0,205.0,70.0,3.35,1.78,0.241
0,0.311,Player_007,2024-03-31,2024,R,L,1,Overcast,59.0,219.0,70.0,3.34,1.7,0.254
0,0.3118,Player_016,2022-05-23,2022,S,R,9,Sunny,59.0,219.0,72.0,3.6,1.56,0.251
0,0.3197,Player_032,2023-04-23,2023,L,R,2,Cloudy,71.0,193.0,71.0,3.62,1.63,0.301
0,0.3498,Player_032,2023-04-04,2023,L,R,1,Sunny,66.0,227.0,74.0,3.43,1.61,0.319
0,0.1101,Player_038,2024-06-21,2024,R,R,2,Sunny,88.0,228.0,76.0,3.53,1.7,0.25
0,0.4462,Player_002,2024-07-03,2024,L,R,9,Sunny,76.0,195.0,72.0,3.6,1.52,0.225
0,0.3813,Player_005,2023-04-04,2023,L,L,5,Cloudy,56.0,179.0,74.0,3.32,1.7,0.292
0,0.2952,Player_015,2024-07-16,2024,S,R,1,Sunny,90.0,204.0,77.0,3.55,1.64,0.268
0,0.1711,Player_011,2023-06-12,2023,L,L,4,Overcast,65.0,217.0,73.0,3.41,1.58,0.263
0,0.3647,Player_003,2024-05-06,2024,R,R,4,Sunny,79.0,225.0,71.0,3.46,1.52,0.255
0,0.2314,Player_020,2022-04-21,2022,R,R,8,Cloudy,88.0,188.0,73.0,3.44,1.52,0.267
1,0.3074,Player_018,2022-08-15,2022,L,L,2,Sunny,81.0,206.0,70.0,3.59,1.77,0.234
0,0.1902,Player_017,2022-04-20,2022,R,R,2,Cloudy,71.0,224.0,77.0,3.49,1.67,0.281
0,0.4358,Player_000,2024-05-06,2024,S,R,7,Drizzle,55.0,209.0,77.0,3.6,1.67,0.313
1,0.149,Player_017,2022-08-07,2022,R,L,4,Sunny,64.0,226.0,70.0,3.43,1.51,0.312
0,0.3048,Player_018,2022-07-23,2022,L,R,2,Sunny,77.0,218.0,72.0,3.52,1.73,0.294
0,0.1514,Player_008,2023-09-27,2023,L,R,4,Cloudy,92.0,186.0,71.0,3.66,1.56,0.259
0,0.2471,Player_031,2024-04-07,2024,R,L,4,Sunny,56.0,188.0,77.0,3.48,1.62,0.312
1,0.2402,Player_035,2023-05-06,2023,L,L,3,Sunny,61.0,226.0,76.0,3.53,1.69,0.286
0,0.3296,Player_037,2024-07-28,2024,R,L,2,Sunny,69.0,220.0,72.0,3.57,1.54,0.27
1,0.2402,Player_027,2022-05-12,2022,L,L,1,Sunny,86.0,229.0,74.0,3.66,1.74,0.248
0,0.3797,Player_027,2024-06-07,2024,L,R,8,Overcast,93.0,194.0,75.0,3.55,1.75,0.296
0,0.2083,Player_006,2022-05-24,2022,R,R,1,Sunny,62.0,178.0,77.0,3.54,1.66,
0,0.2603,Player_015,2022-08-24,2022,R,R,5,Sunny,78.0,190.0,76.0,3.63,1.61,0.276
1,0.2617,Player_000,2023-08-20,2023,S,R,1,Sunny,93.0,202.0,75.0,3.7,1.58,0.249
0,0.3347,Player_022,2022-08-24,2022,L,R,8,Sunny,94.0,182.0,73.0,3.66,1.72,0.259
0,0.3058,Player_030,2024-06-30,2024,R,R,4,Cloudy,86.0,187.0,75.0,3.35,1.6,0.282
0,0.3306,Player_026,2024-06-26,2024,R,R,9,Cloudy,86.0,184.0,75.0,3.57,1.74,0.242
0,0.2887,Player_000,2022-07-12,2022,L,L,1,Overcast,66.0,183.0,74.0,3.43,1.72,0.267
0,0.3463,Player_022,2022-04-13,2022,L,R,3,Sunny,67.0,199.0,71.0,3.47,1.61,0.224
0,0.2171,Player_035,2022-07-08,2022,R,R,4,Sunny,94.0,227.0,70.0,3.56,1.57,0.301
0,0.3272,Player_004,2022-05-20,2022,L,R,1,Sunny,79.0,199.0,74.0,3.36,1.61,0.258
1,0.3926,Player_021,2024-09-15,2024,R,R,4,Cloudy,59.0,194.0,77.0,3.58,1.6,0.265
0,0.1324,Player_010,2023-05-04,2023,S,L,5,Cloudy,57.0,210.0,77.0,3.42,1.79,0.309
1,0.3342,Player_037,2022-04-07,2022,L,R,5,Overcast,89.0,216.0,74.0,3.63,1.69,0.26
0,0.3174,Player_022,2022-09-21,2022,L,L,5,Overcast,60.0,197.0,77.0,3.45,1.7,0.268
0,0.4023,Player_030,2024-04-28,2024,L,R,2,Sunny,82.0,175.0,70.0,3.32,1.59,0.25
1,0.3508,Player_020,2024-07-02,2024,L,R,3,Drizzle,67.0,194.0,76.0,3.54,1.61,0.301
1,0.307,Player_035,2024-06-07,2024,L,R,5,Drizzle,61.0,180.0,71.0,3.6,1.64,0.264
0,0.3101,Player_011,2022-05-19,2022,R,R,6,Sunny,59.0,184.0,72.0,3.55,1.79,0.268
0,0.2185,Player_029,2023-06-27,2023,L,L,4,Sunny,76.0,214.0,72.0,3.61,1.7,0.269
1,0.2528,Player_017,2022-08-10,2022,R,R,5,Overcast,87.0,186.0,71.0,3.62,1.55,0.288
1,0.2065,Player_023,2024-04-20,2024,L,R,9,Sunny,55.0,199.0,72.0,3.32,1.8,0.274
0,0.4041,Player_027,2023-07-29,2023,L,R,6,Sunny,83.0,200.0,74.0,3.3,1.58,0.263
0,0.3015,Player_006,2024-09-07,2024,L,L,1,Sunny,77.0,232.0,70.0,3.39,1.69,0.285
0,0.1859,Player_034,2022-05-23,2022,R,L,4,Cloudy,86.0,184.0,71.0,3.39,1.76,
0,0.299,Player_029,2024-07-31,2024,R,R,1,Overcast,78.0,180.0,72.0,3.53,1.68,0.291
0,0.3812,Player_016,2022-09-13,2022,L,R,8,Overcast,60.0,209.0,70.0,3.39,1.78,0.267
0,0.3495,Player_023,2024-09-14,2024,R,R,8,Drizzle,71.0,215.0,77.0,3.45,1.75,0.318
0,0.2151,Player_026,2022-07-26,2022,R,R,5,Sunny,94.0,207.0,73.0,3.48,1.51,0.278
0,0.0806,Player_018,2024-09-16,2024,L,R,3,Overcast,87.0,220.0,74.0,3.54,1.71,0.3
0,0.3077,Player_025,2022-08-18,2022,R,R,7,Sunny,69.0,231.0,74.0,3.7,1.72,0.267
0,0.2079,Player_022,2024-07-01,2024,L,L,2,Cloudy,92.0,214.0,72.0,3.58,1.61,0.254
0,0.3436,Player_031,2024-04-22,2024,L,R,7,Drizzle,55.0,209.0,72.0,3.41,1.77,0.272
0,0.3465,Player_009,2023-09-01,2023,R,R,8,Overcast,76.0,219.0,70.0,3.44,1.74,0.278
1,0.348,Player_000,2022-05-22,2022,L,L,2,Cloudy,85.0,188.0,76.0,3.32,1.61,0.251
0,0.3921,Player_016,2023-08-11,2023,L,L,5,Sunny,81.0,191.0,76.0,3.47,1.57,0.295
0,0.3665,Player_032,2022-07-26,2022,R,R,2,Sunny,62.0,199.0,75.0,3.54,1.56,0.263
0,0.3925,Player_004,2023-06-04,2023,L,L,6,Cloudy,60.0,224.0,75.0,3.68,1.57,0.286
0,0.3765,Player_034,2022-08-18,2022,R,R,7,Sunny,84.0,230.0,76.0,3.41,1.68,0.249
0,0.3526,Player_016,2022-07-28,2022,R,L,1,Sunny,94.0,211.0,70.0,3.4,1.69,0.268
0,0.2471,Player_008,2022-08-13,2022,R,L,9,Overcast,85.0,215.0,75.0,3.31,1.54,0.255
0,0.1597,Player_018,2022-09-19,2022,R,L,3,Sunny,89.0,226.0,77.0,3.53,1.66,0.262
0,0.4538,Player_032,2022-05-20,2022,R,R,5,Sunny,91.0,190.0,76.0,3.7,1.58,0.288
0,0.2844,Player_034,2024-08-15,2024,S,R,3,Sunny,92.0,182.0,72.0,3.45,1.77,0.236
0,0.386,Player_024,2022-04-08,2022,L,R,9,Sunny,86.0,223.0,74.0,3.5,1.76,0.245
0,0.2315,Player_021,2024-08-05,2024,L,L,7,Sunny,86.0,183.0,72.0,3.32,1.53,0.256
0,0.3475,Player_032,2024-04-27,2024,R,R,9,Sunny,86.0,185.0,71.0,3.53,1.58,0.247
0,0.1089,Player_036,2023-05-10,2023,R,R,4,Cloudy,67.0,200.0,72.0,3.38,1.78,0.237
1,0.2713,Player_031,2024-05-05,2024,L,R,6,Sunny,76.0,226.0,72.0,3.31,1.59,0.302
0,0.2731,Player_038,2023-08-28,2023,R,R,6,Sunny,63.0,200.0,77.0,3.57,1.74,0.236
0,0.3324,Player_033,2023-06-07,2023,L,R,3,Overcast,,182.0,73.0,3.36,1.52,0.284
0,0.355,Player_001,2023-06-10,2023,R,R,9,Sunny,75.0,183.0,76.0,3.34,1.62,0.265
0,0.2234,Player_000,2024-06-04,2024,L,R,8,Cloudy,57.0,191.0,77.0,3.39,1.68,0.236
0,0.3462,Player_023,2022-07-22,2022,L,R,9,Cloudy,58.0,180.0,75.0,3.36,1.62,0.25
0,0.3559,Player_038,2023-09-12,2023,L,L,5,Cloudy,93.0,196.0,73.0,3.55,1.74,0.231
0,0.4642,Player_011,2022-07-31,2022,L,R,2,Sunny,77.0,180.0,73.0,3.41,1.79,0.23
0,0.3495,Player_038,2023-04-19,2023,L,R,2,Drizzle,56.0,229.0,76.0,3.57,1.65,0.256
0,0.2378,Player_034,2023-07-02,2023,L,L,6,Sunny,69.0,178.0,72.0,3.52,1.64,0.296
0,0.211,Player_005,2022-04-20,2022,L,R,8,Cloudy,90.0,187.0,73.0,3.44,1.71,0.26
1,0.428,Player_019,2022-04-30,2022,L,R,7,Cloudy,84.0,177.0,72.0,3.38,1.73,0.277
1,0.3216,Player_008,2024-05-05,2024,L,L,7,Overcast,87.0,193.0,72.0,3.57,1.52,0.233
1,0.2985,Player_003,2022-08-04,2022,L,R,8,Cloudy,80.0,227.0,72.0,3.51,1.63,0.308
0,0.1866,Player_027,2022-09-05,2022,L,R,8,Sunny,83.0,212.0,70.0,3.59,1.65,0.253
0,0.2348,Player_008,2023-05-15,2023,L,R,9,Sunny,64.0,235.0,76.0,3.5,1.59,0.239
0,0.3442,Player_022,2024-09-16,2024,L,R,4,Overcast,88.0,215.0,76.0,3.62,1.73,0.255
1,0.3248,Player_026,2024-05-17,2024,L,R,7,Sunny,84.0,202.0,75.0,3.52,1.77,0.317
0,0.1638,Player_017,2023-05-26,2023,L,R,3,Drizzle,64.0,237.0,76.0,3.63,1.75,0.283
0,0.3243,Player_003,2024-04-22,2024,R,R,7,Overcast,67.0,187.0,73.0,3.52,1.69,0.232
0,0.1402,Player_002,2024-04-08,2024,S,L,1,Sunny,85.0,182.0,74.0,3.68,1.74,0.236
1,0.3748,Player_015,2024-07-20,2024,R,R,1,Sunny,64.0,196.0,77.0,3.64,1.57,
1,0.2946,Player_001,2024-06-12,2024,R,R,2,Drizzle,81.0,235.0,70.0,3.4,1.51,0.305
0,0.2476,Player_034,2024-04-21,2024,R,R,5,Sunny,71.0,228.0,71.0,3.59,1.65,0.228
0,0.3393,Player_006,2023-07-11,2023,L,L,9,Sunny,66.0,209.0,76.0,3.35,1.62,0.249
1,0.2747,Player_001,2022-06-02,2022,R,L,6,Sunny,61.0,235.0,70.0,3.66,1.76,0.225
1,0.3727,Player_005,2022-06-10,2022,R,R,6,Sunny,83.0,217.0,76.0,3.44,1.74,0.232
1,0.2556,Player_027,2022-09-08,2022,R,L,7,Sunny,68.0,190.0,72.0,3.49,1.61,
0,0.2897,Player_023,2023-06-12,2023,R,R,8,Overcast,77.0,175.0,75.0,3.31,1.51,0.264
0,0.28,Player_027,2024-06-20,2024,L,R,6,Cloudy,65.0,176.0,77.0,3.65,1.58,0.221
1,0.2984,Player_013,2024-08-01,2024,R,R,7,Sunny,60.0,230.0,74.0,3.68,1.61,0.291
0,0.3689,Player_012,2024-09-08,2024,R,L,4,Cloudy,55.0,195.0,70.0,3.49,1.7,0.26
0,0.2648,Player_026,2024-08-10,2024,L,R,9,Sunny,,202.0,74.0,3.38,1.77,0.26
0,0.3254,Player_004,2024-06-27,2024,R,R,5,Cloudy,67.0,200.0,70.0,3.58,1.57,0.316
0,0.2384,Player_015,2024-05-25,2024,L,R,9,Sunny,78.0,180.0,77.0,3.42,1.74,0.253
1,0.1353,Player_004,2022-05-03,2022,S,R,9,Drizzle,73.0,175.0,72.0,3.68,1.72,0.224
0,0.2945,Player_016,2023-04-23,2023,R,R,8,Overcast,69.0,222.0,77.0,3.42,1.61,0.26
0,0.3259,Player_038,2023-08-15,2023,L,R,3,Cloudy,88.0,219.0,77.0,3.53,1.5,0.267
0,0.2723,Player_034,2022-08-11,2022,R,R,4,Cloudy,91.0,189.0,72.0,3.32,1.51,0.267
1,0.1953,Player_027,2022-06-03,2022,L,R,8,Cloudy,62.0,183.0,72.0,3.7,1.69,0.266
1,0.3013,Player_026,2022-09-16,2022,R,R,9,Sunny,56.0,208.0,76.0,3.53,1.75,0.253
0,0.2986,Player_015,2022-09-21,2022,R,R,6,Overcast,68.0,180.0,75.0,3.69,1.69,0.275
0,0.2178,Player_028,2022-07-21,2022,R,R,7,Drizzle,59.0,193.0,74.0,3.42,1.73,0.307
0,0.1853,Player_033,2024-05-17,2024,R,R,4,Drizzle,56.0,221.0,76.0,3.51,1.65,0.256
1,0.2823,Player_022,2023-07-01,2023,L,R,8,Cloudy,87.0,186.0,72.0,3.31,1.58,0.274
0,0.3457,Player_004,2024-08-25,2024,L,R,4,Cloudy,58.0,225.0,75.0,3.61,1.51,0.305
0,0.2992,Player_027,2022-07-01,2022,L,L,6,Sunny,57.0,232.0,72.0,3.37,1.75,0.26
1,0.2083,Player_005,2024-06-27,2024,L,L,5,Sunny,69.0,186.0,70.0,3.47,1.64,0.234
0,0.3096,Player_012,2024-07-04,2024,L,R,8,Cloudy,77.0,218.0,72.0,3.57,1.76,0.263
0,0.3621,Player_007,2024-08-29,2024,L,R,8,Drizzle,,224.0,71.0,3.33,1.61,0.27
0,0.2179,Player_002,2023-06-13,2023,L,R,8,Overcast,84.0,208.0,77.0,3.61,1.58,0.307
0,0.3044,Player_030,2023-05-03,2023,L,R,2,Overcast,84.0,194.0,72.0,3.62,1.7,0.305
0,0.3738,Player_025,2023-07-02,2023,R,R,3,Sunny,55.0,238.0,77.0,3.51,1.68,0.297
0,0.2108,Player_016,2023-07-24,2023,L,R,9,Cloudy,85.0,195.0,76.0,3.54,1.71,0.258
0,0.3609,Player_015,2024-09-15,2024,R,R,2,Cloudy,56.0,191.0,72.0,3.34,1.53,0.248
1,0.3833,Player_025,2022-04-21,2022,L,L,7,Cloudy,91.0,182.0,76.0,3.48,1.53,0.264
0,0.2844,Player_021,2022-09-17,2022,L,R,6,Sunny,67.0,233.0,70.0,3.64,1.67,
0,0.226,Player_009,2024-08-22,2024,R,L,4,Cloudy,91.0,189.0,71.0,3.34,1.66,0.318
0,0.3723,Player_019,2022-08-06,2022,L,R,1,Sunny,94.0,183.0,76.0,3.7,1.53,0.228
1,0.287,Player_031,2024-05-12,2024,L,R,1,Cloudy,59.0,177.0,73.0,3.49,1.63,0.271
0,0.1153,Player_022,2022-05-08,2022,R,R,9,Drizzle,70.0,193.0,71.0,3.31,1.69,0.258
0,0.2931,Player_032,2023-06-16,2023,L,R,1,Cloudy,59.0,218.0,71.0,3.44,1.66,0.297
1,0.3329,Player_020,2022-05-03,2022,L,R,7,Sunny,93.0,219.0,76.0,3.5,1.56,0.28
0,0.3018,Player_016,2023-07-28,2023,R,L,2,Sunny,74.0,230.0,73.0,3.68,1.78,
0,0.2084,Player_029,2024-08-13,2024,L,L,4,Cloudy,88.0,218.0,73.0,3.58,1.51,0.287
1,0.2611,Player_008,2024-06-25,2024,R,R,1,Cloudy,78.0,178.0,72.0,3.53,1.58,0.269
0,0.3684,Player_025,2022-08-03,2022,L,R,6,Sunny,88.0,229.0,70.0,3.69,1.52,0.282
0,0.2758,Player_025,2023-08-19,2023,S,R,1,Cloudy,78.0,191.0,77.0,3.42,1.59,0.229
0,0.143,Player_011,2024-09-11,2024,R,L,6,Overcast,56.0,237.0,71.0,3.45,1.71,0.271
1,0.3666,Player_010,2022-08-02,2022,S,R,9,Sunny,74.0,197.0,73.0,3.61,1.51,0.273
1,0.265,Player_003,2022-05-13,2022,R,R,7,Cloudy,81.0,176.0,76.0,3.54,1.51,0.235
0,0.3764,Player_005,2023-04-24,2023,L,R,6,Overcast,94.0,200.0,70.0,3.39,1.56,0.281
0,0.1523,Player_003,2024-09-16,2024,R,L,9,Overcast,88.0,204.0,74.0,3.6,1.51,0.311
0,0.2915,Player_024,2023-08-18,2023,L,R,8,Drizzle,75.0,228.0,74.0,3.41,1.62,0.223
0,0.2857,Player_004,2022-08-31,2022,R,L,7,Overcast,87.0,210.0,75.0,3.52,1.57,0.245
0,0.2739,Player_020,2024-06-15,2024,R,R,6,Cloudy,,177.0,77.0,3.64,1.6,0.253
0,0.1872,Player_004,2024-04-28,2024,L,L,4,Sunny,90.0,178.0,70.0,3.41,1.75,0.274
0,0.1129,Player_031,2024-07-16,2024,R,R,6,Sunny,94.0,214.0,72.0,3.6,1.63,0.294
0,0.4066,Player_027,2024-07-24,2024,L,R,1,Sunny,69.0,180.0,72.0,3.64,1.5,0.286
0,0.2674,Player_011,2024-05-08,2024,R,L,8,Cloudy,72.0,209.0,76.0,3.43,1.66,0.266
0,0.3617,Player_029,2023-06-24,2023,R,R,8,Sunny,55.0,233.0,73.0,3.38,1.53,0.316
0,0.365,Player_009,2024-06-15,2024,L,R,3,Sunny,60.0,229.0,73.0,3.65,1.52,0.254
0,0.3218,Player_025,2023-05-17,2023,R,R,7,Overcast,87.0,216.0,72.0,3.49,1.6,0.298
0,0.2575,Player_025,2022-08-26,2022,R,R,7,Sunny,68.0,194.0,74.0,3.42,1.58,0.303
0,0.3043,Player_017,2024-06-26,2024,L,L,8,Sunny,72.0,208.0,74.0,3.3,1.53,0.23
0,0.3803,Player_028,2024-09-13,2024,R,R,9,Cloudy,69.0,181.0,74.0,3.38,1.59,0.224
0,0.3058,Player_037,2022-04-01,2022,L,R,7,Sunny,92.0,223.0,74.0,3.51,1.65,0.319
1,0.4131,Player_016,2023-09-16,2023,R,R,9,Cloudy,90.0,183.0,76.0,3.63,1.58,0.256
1,0.195,Player_011,2024-07-28,2024,L,R,3,Sunny,84.0,178.0,76.0,3.5,1.51,0.287
1,0.1675,Player_017,2022-08-05,2022,R,R,4,Overcast,93.0,215.0,74.0,3.41,1.77,0.223
0,0.3192,Player_022,2024-05-21,2024,R,L,2,Cloudy,76.0,212.0,77.0,3.67,1.7,0.296
1,0.2427,Player_004,2022-04-15,2022,L,R,8,Cloudy,61.0,210.0,73.0,3.45,1.71,0.255
0,0.443,Player_038,2023-05-12,2023,L,R,3,Sunny,80.0,205.0,70.0,3.37,1.62,0.278
0,0.3736,Player_018,2024-06-18,2024,R,R,5,Cloudy,55.0,213.0,76.0,3.68,1.67,0.225
0,0.3911,Player_038,2024-05-30,2024,R,R,2,Sunny,71.0,203.0,76.0,3.46,1.71,0.231
0,0.3319,Player_038,2024-05-04,2024,L,L,3,Cloudy,88.0,183.0,70.0,3.49,1.61,0.302
0,0.2055,Player_002,2024-04-02,2024,L,L,7,Sunny,62.0,212.0,72.0,3.63,1.75,0.275
0,0.1838,Player_004,2023-08-04,2023,L,R,3,Sunny,77.0,177.0,72.0,3.42,1.73,0.298
1,0.3847,Player_007,2024-07-29,2024,S,R,5,Sunny,86.0,179.0,74.0,3.51,1.59,0.236
0,0.175,Player_022,2023-04-30,2023,R,R,5,Sunny,85.0,211.0,72.0,3.65,1.6,0.253
0,0.3909,Player_014,2023-08-19,2023,R,R,6,Sunny,78.0,220.0,75.0,3.4,1.56,0.305
1,0.3269,Player_000,2023-09-23,2023,R,R,3,Sunny,68.0,180.0,74.0,3.66,1.65,0.279
0,0.2747,Player_022,2023-09-27,2023,R,R,5,Overcast,64.0,199.0,76.0,3.38,1.74,0.287
0,0.3009,Player_013,2023-05-06,2023,L,L,1,Cloudy,61.0,235.0,76.0,3.64,1.67,0.241
0,0.3326,Player_033,2023-06-16,2023,L,R,5,Cloudy,84.0,225.0,72.0,3.46,1.61,0.276
0,0.2658,Player_030,2023-04-10,2023,R,R,1,Sunny,65.0,227.0,74.0,3.52,1.62,0.293
1,0.3498,Player_033,2022-04-03,2022,R,L,7,Sunny,80.0,217.0,74.0,3.52,1.71,0.237
0,0.3674,Player_022,2023-08-30,2023,L,L,8,Drizzle,56.0,186.0,73.0,3.38,1.65,0.25
0,0.2809,Player_027,2022-09-22,2022,L,L,4,Sunny,66.0,200.0,77.0,3.37,1.67,0.221
0,0.208,Player_003,2024-05-06,2024,R,L,8,Overcast,70.0,213.0,70.0,3.58,1.68,0.316
0,0.3914,Player_030,2022-06-23,2022,L,R,4,Cloudy,85.0,218.0,77.0,3.63,1.72,0.31
0,0.1284,Player_018,2024-04-04,2024,L,L,8,Sunny,58.0,183.0,77.0,3.35,1.69,0.229
0,0.3111,Player_000,2022-08-25,2022,R,R,5,Cloudy,73.0,238.0,72.0,3.6,1.71,0.303
0,0.3218,Player_003,2024-07-07,2024,L,L,5,Overcast,73.0,235.0,72.0,3.43,1.7,0.275
0,0.192,Player_012,2024-05-22,2024,R,L,4,Overcast,67.0,177.0,70.0,3.54,1.78,0.316
0,0.3682,Player_014,2024-09-21,2024,L,R,9,Cloudy,86.0,213.0,71.0,3.51,1.72,0.271
1,0.2682,Player_008,2024-04-24,2024,L,L,7,Sunny,94.0,184.0,71.0,3.6,1.66,0.241
0,0.2418,Player_030,2024-05-18,2024,R,R,5,Cloudy,56.0,195.0,76.0,3.52,1.77,0.306
0,0.3674,Player_017,2022-08-13,2022,L,R,8,Sunny,92.0,232.0,76.0,3.34,1.77,0.314
1,0.174,Player_010,2023-06-13,2023,R,L,5,Sunny,,219.0,77.0,3.41,1.61,0.273
0,0.3308,Player_026,2023-08-05,2023,L,L,8,Cloudy,88.0,197.0,72.0,3.46,1.74,0.261
0,0.1412,Player_018,2024-05-12,2024,R,R,5,Sunny,,175.0,72.0,3.53,1.79,0.298
1,0.3,Player_031,2024-07-27,2024,R,R,8,Overcast,70.0,229.0,76.0,3.37,1.56,0.228
1,0.2831,Player_020,2023-07-10,2023,R,R,3,Drizzle,81.0,193.0,74.0,3.43,1.62,0.304
0,0.2622,Player_029,2024-04-08,2024,L,R,6,Sunny,63.0,214.0,70.0,3.33,1.62,0.306
0,0.3273,Player_034,2023-05-29,2023,L,R,6,Sunny,64.0,190.0,76.0,3.43,1.68,0.25
1,0.2944,Player_003,2024-05-23,2024,L,R,5,Sunny,77.0,226.0,70.0,3.5,1.79,0.221
1,0.3538,Player_004,2023-07-16,2023,R,R,5,Sunny,88.0,197.0,70.0,3.67,1.59,
0,0.3392,Player_029,2023-06-18,2023,L,R,1,Sunny,61.0,223.0,77.0,3.37,1.73,0.318
0,0.3017,Player_022,2024-06-25,2024,L,L,9,Drizzle,55.0,180.0,77.0,3.31,1.73,0.298
0,0.3204,Player_009,2022-05-01,2022,L,R,2,Sunny,94.0,215.0,75.0,3.45,1.71,0.256
1,0.2669,Player_001,2024-09-14,2024,L,R,2,Sunny,71.0,237.0,72.0,3.54,1.68,0.309
1,0.2789,Player_038,2024-08-12,2024,L,R,8,Sunny,58.0,205.0,71.0,3.54,1.67,0.309
0,0.3174,Player_003,2022-07-30,2022,L,R,1,Sunny,93.0,205.0,73.0,3.44,1.58,0.311
0,0.2879,Player_018,2023-05-20,2023,L,R,7,Overcast,65.0,219.0,74.0,3.32,1.54,0.27
0,0.3278,Player_008,2022-08-01,2022,R,L,4,Overcast,59.0,230.0,70.0,3.67,1.6,0.302
0,0.3065,Player_015,2023-05-13,2023,L,R,7,Sunny,81.0,227.0,75.0,3.5,1.57,0.224
0,0.3263,Player_028,2024-06-26,2024,L,R,2,Sunny,85.0,178.0,70.0,3.61,1.7,0.236
0,0.1818,Player_020,2022-05-19,2022,R,R,7,Overcast,60.0,194.0,73.0,3.46,1.76,0.283
0,0.346,Player_001,2022-05-25,2022,R,R,9,Cloudy,,229.0,70.0,3.63,1.55,0.23
1,0.2593,Player_003,2023-07-26,2023,L,R,5,Cloudy,70.0,238.0,70.0,3.61,1.7,0.224
0,0.207,Player_037,2022-05-27,2022,R,R,6,Sunny,67.0,217.0,72.0,3.34,1.54,0.231
0,0.3952,Player_010,2022-08-10,2022,S,R,6,Cloudy,81.0,175.0,74.0,3.32,1.61,0.265
1,0.2988,Player_017,2023-06-30,2023,R,L,4,Sunny,57.0,219.0,77.0,3.36,1.55,0.269
0,0.3484,Player_031,2023-09-24,2023,R,R,5,Sunny,61.0,236.0,70.0,3.63,1.59,0.313
0,0.3118,Player_033,2024-05-04,2024,R,R,6,Cloudy,88.0,227.0,74.0,3.41,1.76,0.262
0,0.2935,Player_011,2023-09-18,2023,L,R,1,Sunny,94.0,222.0,76.0,3.46,1.63,0.271
1,0.2504,Player_008,2023-04-24,2023,L,L,5,Cloudy,91.0,209.0,72.0,3.53,1.53,0.302
0,0.3345,Player_017,2023-07-08,2023,R,R,5,Cloudy,86.0,233.0,76.0,3.56,1.56,0.301
0,0.3593,Player_013,2022-06-07,2022,S,R,2,Overcast,60.0,216.0,73.0,3.47,1.75,0.253
0,0.2752,Player_028,2023-08-14,2023,R,R,5,Cloudy,67.0,208.0,70.0,3.48,1.62,0.292
0,0.4151,Player_029,2024-04-23,2024,L,L,4,Sunny,,233.0,72.0,3.43,1.78,0.309
0,0.2662,Player_010,2024-05-15,2024,R,R,5,Cloudy,83.0,175.0,73.0,3.34,1.67,0.302
0,0.1724,Player_015,2022-05-12,2022,L,L,3,Overcast,88.0,183.0,74.0,3.36,1.65,0.253
0,0.1595,Player_029,2023-09-13,2023,R,R,9,Sunny,71.0,229.0,71.0,3.66,1.64,0.294
0,0.1619,Player_020,2023-07-06,2023,R,R,6,Overcast,78.0,178.0,74.0,3.69,1.73,0.294
0,0.251,Player_022,2022-04-30,2022,R,R,6,Drizzle,84.0,233.0,76.0,3.63,1.75,0.244
0,0.2638,Player_032,2024-08-20,2024,R,R,8,Cloudy,86.0,238.0,73.0,3.42,1.54,0.287
1,0.3278,Player_026,2022-05-22,2022,R,R,1,Sunny,84.0,191.0,71.0,3.37,1.62,0.229
0,0.278,Player_026,2024-05-10,2024,R,R,3,Cloudy,56.0,232.0,75.0,3.5,1.58,0.247
0,0.309,Player_019,2023-06-28,2023,R,L,2,Sunny,63.0,210.0,75.0,3.34,1.77,0.223
0,0.2531,Player_033,2022-08-21,2022,R,L,6,Sunny,74.0,208.0,73.0,3.67,1.72,0.233
1,0.2809,Player_000,2024-08-29,2024,R,R,4,Sunny,82.0,234.0,76.0,3.61,1.59,0.231
0,0.2596,Player_003,2022-04-03,2022,L,R,7,Cloudy,93.0,225.0,76.0,3.69,1.62,0.315
1,0.3796,Player_027,2024-09-08,2024,R,R,9,Cloudy,67.0,232.0,70.0,3.64,1.63,0.236
0,0.1928,Player_024,2024-09-26,2024,L,R,4,Sunny,86.0,232.0,74.0,3.46,1.78,0.227
0,0.3011,Player_011,2023-05-28,2023,R,R,3,Sunny,81.0,222.0,75.0,3.43,1.64,0.295
0,0.2673,Player_024,2022-07-03,2022,R,R,5,Sunny,65.0,205.0,71.0,3.63,1.51,0.285
0,0.3547,Player_004,2023-06-07,2023,L,R,5,Sunny,61.0,187.0,71.0,3.54,1.72,0.284
1,0.2685,Player_024,2023-06-25,2023,L,L,4,Sunny,79.0,181.0,71.0,3.65,1.53,0.309
1,0.2706,Player_014,2024-07-26,2024,L,L,4,Sunny,68.0,191.0,72.0,3.43,1.69,0.287
0,0.2313,Player_023,2023-07-27,2023,R,L,4,Sunny,63.0,206.0,72.0,3.52,1.65,0.287
0,0.3975,Player_013,2023-06-25,2023,L,R,5,Sunny,63.0,183.0,75.0,3.48,1.73,0.266
0,0.3002,Player_028,2024-06-24,2024,L,R,5,Overcast,63.0,197.0,77.0,3.37,1.67,0.277
0,0.4179,Player_004,2024-06-26,2024,R,R,5,Cloudy,58.0,226.0,73.0,3.52,1.55,0.297
1,0.2691,Player_033,2024-06-12,2024,R,L,3,Overcast,62.0,176.0,76.0,3.33,1.77,0.256
1,0.3015,Player_019,2022-04-23,2022,L,R,6,Sunny,94.0,195.0,74.0,3.45,1.77,0.224
0,0.2598,Player_009,2023-06-06,2023,L,L,5,Sunny,62.0,237.0,77.0,3.51,1.63,0.263
0,0.3195,Player_038,2023-08-07,2023,S,R,3,Sunny,71.0,196.0,73.0,3.36,1.68,0.258
0,0.2088,Player_004,2024-09-23,2024,R,L,7,Sunny,74.0,221.0,75.0,3.6,1.67,0.238
0,0.2902,Player_021,2024-08-24,2024,R,R,8,Sunny,83.0,214.0,76.0,3.38,1.66,0.291
0,0.2706,Player_002,2024-09-02,2024,L,L,4,Overcast,67.0,226.0,77.0,3.59,1.53,0.3
0,0.3228,Player_035,2022-08-19,2022,L,R,5,Sunny,88.0,222.0,73.0,3.31,1.65,
1,0.3245,Player_006,2024-06-29,2024,L,R,9,Sunny,86.0,213.0,72.0,3.58,1.57,0.268
1,0.3081,Player_010,2024-07-31,2024,R,R,3,Sunny,75.0,238.0,70.0,3.46,1.74,0.253
0,0.2766,Player_026,2022-08-29,2022,L,L,2,Sunny,90.0,192.0,74.0,3.62,1.75,0.277
0,0.4098,Player_035,2022-05-11,2022,L,R,4,Cloudy,68.0,193.0,74.0,3.52,1.51,0.229
0,0.3096,Player_016,2022-04-27,2022,R,R,5,Sunny,74.0,213.0,73.0,3.45,1.72,0.313
0,0.4624,Player_010,2023-05-18,2023,R,R,4,Sunny,78.0,221.0,71.0,3.57,1.53,0.226
0,0.2835,Player_013,2023-07-05,2023,R,R,6,Cloudy,,219.0,76.0,3.46,1.5,0.302
1,0.3471,Player_036,2022-08-20,2022,R,R,3,Sunny,58.0,237.0,77.0,3.44,1.5,0.239
0,0.2292,Player_036,2023-06-21,2023,R,R,5,Sunny,94.0,213.0,77.0,3.47,1.64,0.297
0,0.3981,Player_004,2024-09-23,2024,L,R,1,Cloudy,56.0,224.0,73.0,3.58,1.74,0.248
0,0.2507,Player_036,2024-05-28,2024,L,R,9,Sunny,56.0,183.0,75.0,3.55,1.59,0.299
0,0.2819,Player_033,2024-06-22,2024,R,L,3,Overcast,59.0,177.0,76.0,3.67,1.78,0.312
1,0.2815,Player_021,2024-09-12,2024,L,R,3,Overcast,76.0,227.0,76.0,3.3,1.63,
0,0.2816,Player_010,2023-05-01,2023,R,L,2,Sunny,65.0,204.0,72.0,3.36,1.56,0.306
0,0.2636,Player_018,2024-08-27,2024,R,R,4,Sunny,63.0,194.0,77.0,3.5,1.64,0.263
1,0.2248,Player_031,2023-04-28,2023,S,R,9,Sunny,89.0,223.0,75.0,3.57,1.69,0.263
0,0.251,Player_010,2024-09-10,2024,L,L,6,Overcast,92.0,200.0,70.0,3.34,1.65,0.315
0,0.4079,Player_013,2024-05-28,2024,L,R,7,Sunny,90.0,176.0,71.0,3.42,1.63,0.309
0,0.3327,Player_018,2024-07-23,2024,L,R,6,Cloudy,67.0,210.0,73.0,3.7,1.56,0.268
0,0.2098,Player_002,2023-08-07,2023,L,R,4,Sunny,58.0,183.0,77.0,3.43,1.71,0.26
0,0.3467,Player_016,2022-06-07,2022,L,L,8,Overcast,93.0,238.0,75.0,3.45,1.61,0.229
1,0.2376,Player_005,2023-07-09,2023,L,R,4,Drizzle,76.0,196.0,75.0,3.4,1.79,
0,0.332,Player_000,2022-08-15,2022,R,R,8,Sunny,93.0,195.0,74.0,3.31,1.62,0.267
0,0.3187,Player_015,2022-09-05,2022,R,R,9,Sunny,61.0,229.0,77.0,3.41,1.57,0.303
1,0.3231,Player_030,2023-04-20,2023,R,R,1,Cloudy,92.0,177.0,74.0,3.36,1.76,0.252
0,0.3997,Player_039,2022-06-29,2022,L,L,2,Cloudy,67.0,219.0,73.0,3.45,1.56,0.25
0,0.212,Player_017,2024-08-31,2024,L,L,7,Sunny,86.0,238.0,73.0,3.39,1.55,0.223
0,0.3428,Player_030,2023-07-10,2023,L,R,2,Cloudy,59.0,176.0,74.0,3.46,1.72,0.224
0,0.3882,Player_008,2024-04-05,2024,L,R,7,Cloudy,84.0,237.0,71.0,3.41,1.59,0.301
0,0.255,Player_025,2023-04-23,2023,L,R,3,Drizzle,73.0,215.0,77.0,3.67,1.63,0.236
0,0.2278,Player_026,2022-08-26,2022,S,R,6,Cloudy,93.0,187.0,77.0,3.42,1.64,0.317
0,0.2799,Player_013,2022-06-16,2022,L,R,6,Cloudy,60.0,230.0,73.0,3.38,1.74,0.226
0,0.3227,Player_017,2024-08-04,2024,L,R,3,Sunny,63.0,228.0,75.0,3.6,1.67,0.301
0,0.1513,Player_026,2022-09-08,2022,R,L,8,Sunny,80.0,238.0,76.0,3.62,1.72,0.232
0,0.3186,Player_012,2024-04-15,2024,R,R,9,Cloudy,87.0,234.0,74.0,3.53,1.8,0.283
0,0.1514,Player_024,2022-06-21,2022,R,L,2,Cloudy,90.0,214.0,70.0,3.44,1.71,0.296
0,0.3905,Player_009,2023-04-27,2023,L,R,7,Overcast,59.0,175.0,70.0,3.63,1.58,0.243
0,0.316,Player_021,2022-08-30,2022,R,R,7,Sunny,55.0,223.0,75.0,3.57,1.73,0.276
0,0.4339,Player_002,2023-06-21,2023,L,R,3,Sunny,69.0,224.0,70.0,3.45,1.75,0.298
0,0.3468,Player_017,2022-09-05,2022,L,R,8,Sunny,58.0,225.0,76.0,3.46,1.63,0.237
0,0.2587,Player_020,2024-05-23,2024,R,R,3,Sunny,71.0,186.0,73.0,3.3,1.7,0.272
0,0.2241,Player_033,2022-04-27,2022,R,R,3,Sunny,74.0,222.0,76.0,3.32,1.65,0.273
0,0.3167,Player_015,2022-09-04,2022,L,R,7,Sunny,94.0,228.0,71.0,3.35,1.54,0.297
0,0.2479,Player_000,2022-07-20,2022,R,L,2,Sunny,56.0,179.0,73.0,3.4,1.72,0.256
0,0.383,Player_001,2024-05-04,2024,L,R,9,Sunny,67.0,176.0,71.0,3.67,1.63,0.285
0,0.235,Player_021,2023-08-03,2023,L,R,4,Sunny,68.0,180.0,73.0,3.63,1.6,0.315
1,0.4115,Player_032,2023-06-15,2023,L,L,5,Drizzle,77.0,219.0,70.0,3.32,1.64,0.291
0,0.3692,Player_035,2023-04-09,2023,R,R,7,Overcast,67.0,194.0,72.0,3.31,1.67,0.222
1,0.2558,Player_032,2024-05-16,2024,L,L,8,Sunny,80.0,228.0,72.0,3.53,1.73,0.235
1,0.4058,Player_013,2022-08-14,2022,R,R,7,Overcast,88.0,237.0,74.0,3.45,1.77,0.26
0,0.2452,Player_019,2024-04-22,2024,L,R,4,Sunny,82.0,177.0,70.0,3.62,1.71,0.26
0,0.2944,Player_035,2024-05-30,2024,R,R,7,Drizzle,81.0,223.0,72.0,3.69,1.8,0.253
0,0.1906,Player_033,2022-05-17,2022,R,R,4,Cloudy,59.0,224.0,75.0,3.5,1.55,0.264
1,0.3993,Player_018,2022-08-10,2022,L,L,5,Sunny,90.0,179.0,73.0,3.37,1.55,0.314
0,0.1547,Player_019,2023-09-02,2023,L,L,7,Sunny,77.0,182.0,74.0,3.66,1.74,0.3
1,0.1692,Player_002,2022-08-20,2022,L,L,5,Drizzle,61.0,227.0,76.0,3.47,1.69,0.234
0,0.2056,Player_006,2022-08-07,2022,R,L,1,Drizzle,80.0,180.0,74.0,3.47,1.76,0.264
0,0.3926,Player_021,2023-04-17,2023,L,R,1,Sunny,74.0,187.0,77.0,3.58,1.7,0.288
0,0.3468,Player_020,2022-09-12,2022,R,R,2,Cloudy,91.0,234.0,77.0,3.45,1.5,0.236
0,0.3085,Player_022,2024-04-29,2024,L,R,1,Cloudy,80.0,222.0,74.0,3.39,1.7,0.225
0,0.3513,Player_012,2023-06-12,2023,R,R,7,Overcast,93.0,234.0,73.0,3.6,1.56,0.316
1,0.2719,Player_009,2023-08-28,2023,R,R,2,Sunny,93.0,192.0,72.0,3.37,1.63,0.298
0,0.2796,Player_018,2023-05-14,2023,R,L,3,Sunny,64.0,223.0,76.0,3.32,1.71,0.309
1,0.3656,Player_035,2023-05-10,2023,S,L,3,Sunny,66.0,214.0,76.0,3.5,1.7,0.298
1,0.2827,Player_038,2023-04-05,2023,L,R,2,Cloudy,63.0,232.0,71.0,3.31,1.61,
0,0.2264,Player_002,2024-06-03,2024,R,R,8,Sunny,64.0,189.0,75.0,3.62,1.71,0.297
0,0.3329,Player_014,2023-06-29,2023,L,R,1,Overcast,82.0,176.0,72.0,3.69,1.78,0.273
0,0.3318,Player_020,2023-06-24,2023,R,R,2,Drizzle,92.0,200.0,77.0,3.68,1.57,0.246
0,0.2877,Player_008,2024-04-07,2024,R,R,3,Sunny,74.0,208.0,72.0,3.36,1.54,0.229
1,0.3202,Player_014,2023-05-07,2023,R,L,1,Overcast,87.0,212.0,70.0,3.67,1.54,0.28
1,0.2359,Player_005,2022-04-01,2022,R,L,3,Cloudy,84.0,231.0,77.0,3.34,1.64,0.242
1,0.2789,Player_018,2022-05-11,2022,L,L,2,Cloudy,65.0,219.0,74.0,3.44,1.59,0.302
0,0.3262,Player_035,2023-07-18,2023,L,R,4,Sunny,88.0,233.0,77.0,3.33,1.64,0.274
0,0.3201,Player_037,2024-04-01,2024,L,R,2,Sunny,74.0,222.0,77.0,3.63,1.53,0.32
0,0.3929,Player_000,2024-04-29,2024,R,R,9,Drizzle,55.0,198.0,73.0,3.39,1.57,0.259
1,0.2759,Player_025,2024-07-06,2024,R,L,8,Cloudy,83.0,228.0,73.0,3.57,1.6,
0,0.2787,Player_036,2022-07-10,2022,L,R,6,Cloudy,90.0,196.0,76.0,3.61,1.78,
0,0.337,Player_030,2024-09-08,2024,L,R,6,Sunny,64.0,227.0,73.0,3.45,1.59,0.249
0,0.3706,Player_002,2023-07-13,2023,L,R,7,Sunny,65.0,220.0,71.0,3.62,1.51,0.268
0,0.3542,Player_015,2024-09-13,2024,L,R,9,Sunny,,189.0,74.0,3.43,1.59,0.226
0,0.3203,Player_030,2024-08-08,2024,L,L,2,Cloudy,93.0,178.0,74.0,3.36,1.78,0.303
0,0.1451,Player_039,2023-07-09,2023,R,L,5,Overcast,65.0,232.0,76.0,3.48,1.63,0.23
1,0.1055,Player_011,2024-06-07,2024,R,R,2,Sunny,72.0,225.0,71.0,3.58,1.75,0.311
1,0.3893,Player_011,2023-04-21,2023,L,R,5,Sunny,82.0,178.0,73.0,3.32,1.58,0.26
0,0.3107,Player_009,2023-08-05,2023,R,R,9,Sunny,89.0,191.0,74.0,3.62,1.54,0.266
1,0.2785,Player_035,2023-09-16,2023,R,R,6,Sunny,56.0,206.0,77.0,3.4,1.65,0.316
0,0.3486,Player_007,2022-06-05,2022,L,R,6,Sunny,62.0,208.0,71.0,3.57,1.71,0.294
1,0.4349,Player_014,2022-06-03,2022,L,R,1,Sunny,90.0,199.0,74.0,3.35,1.75,0.248
0,0.3689,Player_005,2024-04-17,2024,L,L,8,Overcast,76.0,187.0,74.0,3.46,1.57,0.251
0,0.3374,Player_037,2023-07-17,2023,L,L,7,Sunny,85.0,218.0,77.0,3.49,1.8,0.235
0,0.2179,Player_002,2024-05-25,2024,R,R,4,Overcast,57.0,222.0,73.0,3.49,1.65,0.284
0,0.227,Player_020,2023-04-02,2023,S,R,4,Drizzle,58.0,216.0,71.0,3.41,1.65,0.286
0,0.103,Player_006,2024-04-01,2024,L,L,6,Sunny,84.0,237.0,74.0,3.51,1.76,0.309
1,0.2943,Player_016,2024-05-30,2024,R,L,7,Cloudy,70.0,200.0,76.0,3.41,1.62,0.248
1,0.3476,Player_023,2024-06-22,2024,L,L,5,Sunny,92.0,210.0,71.0,3.37,1.73,0.227
0,0.3333,Player_027,2023-06-22,2023,R,L,8,Sunny,72.0,195.0,75.0,3.35,1.67,0.242
0,0.2973,Player_022,2024-08-11,2024,R,L,2,Sunny,88.0,236.0,74.0,3.66,1.54,0.316
1,0.2592,Player_017,2023-07-05,2023,L,L,7,Sunny,76.0,202.0,76.0,3.35,1.51,0.319
0,0.2605,Player_011,2024-08-19,2024,L,R,8,Cloudy,82.0,201.0,72.0,3.46,1.78,0.255
0,0.2222,Player_032,2023-05-24,2023,R,R,7,Cloudy,81.0,223.0,76.0,3.4,1.76,0.269
0,0.2686,Player_027,2022-05-12,2022,S,R,4,Cloudy,59.0,193.0,71.0,3.55,1.8,0.305
0,0.2316,Player_026,2023-07-07,2023,L,R,5,Cloudy,86.0,198.0,74.0,3.44,1.7,
0,0.4229,Player_030,2023-04-20,2023,L,R,5,Overcast,94.0,229.0,74.0,3.41,1.69,0.316
0,0.2088,Player_008,2022-08-16,2022,L,R,3,Overcast,70.0,176.0,72.0,3.69,1.56,0.304
0,0.2662,Player_039,2023-05-04,2023,R,R,2,Overcast,68.0,177.0,71.0,3.7,1.69,0.294
0,0.1445,Player_036,2022-09-12,2022,R,R,2,Cloudy,78.0,231.0,77.0,3.35,1.65,0.283
1,0.2708,Player_017,2024-09-24,2024,R,L,6,Sunny,80.0,193.0,73.0,3.58,1.61,0.241
0,0.2798,Player_008,2023-07-06,2023,R,R,3,Cloudy,70.0,225.0,77.0,3.66,1.7,0.238
0,0.255,Player_014,2022-05-27,2022,R,R,8,Sunny,65.0,219.0,72.0,3.69,1.53,0.307
1,0.2147,Player_015,2024-05-30,2024,R,R,8,Sunny,93.0,187.0,75.0,3.42,1.65,0.244
0,0.2702,Player_038,2023-06-17,2023,L,L,4,Overcast,88.0,187.0,74.0,3.61,1.73,0.244
0,0.2419,Player_011,2024-06-25,2024,R,R,4,Drizzle,77.0,238.0,73.0,3.43,1.75,
0,0.2904,Player_037,2023-04-14,2023,L,R,9,Drizzle,70.0,232.0,73.0,3.55,1.65,0.225
0,0.437,Player_009,2022-05-06,2022,L,R,1,Sunny,69.0,191.0,72.0,3.51,1.61,0.292
0,0.2621,Player_037,2022-08-21,2022,R,L,3,Sunny,70.0,206.0,71.0,3.58,1.67,0.282
0,0.3173,Player_037,2024-04-09,2024,R,R,7,Sunny,78.0,231.0,75.0,3.67,1.54,0.224
1,0.2475,Player_024,2024-06-19,2024,S,R,8,Overcast,,190.0,72.0,3.35,1.53,0.238
1,0.2151,Player_004,2024-09-04,2024,L,L,5,Cloudy,81.0,217.0,74.0,3.39,1.75,0.25
1,0.2784,Player_024,2022-04-16,2022,R,R,7,Overcast,78.0,199.0,74.0,3.53,1.54,0.243
0,0.4553,Player_036,2024-09-13,2024,R,R,2,Drizzle,60.0,232.0,77.0,3.44,1.63,0.237
1,0.2799,Player_037,2023-06-25,2023,L,R,9,Sunny,65.0,193.0,76.0,3.52,1.62,0.305
1,0.2953,Player_018,2024-06-15,2024,L,L,6,Sunny,,203.0,71.0,3.61,1.79,0.312
0,0.222,Player_019,2022-08-07,2022,R,R,7,Overcast,91.0,220.0,70.0,3.58,1.71,0.238
0,0.1071,Player_015,2024-08-17,2024,L,R,2,Sunny,92.0,218.0,77.0,3.61,1.73,0.278
0,0.1947,Player_008,2024-06-24,2024,R,L,5,Cloudy,86.0,182.0,70.0,3.36,1.7,0.263
0,0.4366,Player_026,2022-04-15,2022,L,L,7,Sunny,82.0,180.0,75.0,3.31,1.58,0.258
0,0.3117,Player_039,2024-09-21,2024,L,L,4,Cloudy,93.0,230.0,76.0,3.65,1.61,0.315
0,0.3649,Player_010,2023-04-02,2023,R,L,9,Drizzle,84.0,224.0,76.0,3.48,1.55,0.225
0,0.2757,Player_033,2022-09-04,2022,L,R,8,Sunny,70.0,184.0,72.0,3.55,1.66,0.317
0,0.115,Player_003,2022-06-18,2022,R,R,2,Sunny,69.0,217.0,72.0,3.33,1.52,0.252
0,0.1724,Player_002,2024-07-01,2024,R,L,8,Drizzle,81.0,193.0,72.0,3.58,1.77,0.277
0,0.3278,Player_036,2022-08-16,2022,L,R,4,Sunny,71.0,201.0,71.0,3.34,1.56,0.313
1,0.2666,Player_004,2022-09-17,2022,R,L,6,Cloudy,73.0,215.0,71.0,3.61,1.56,0.285
1,0.2793,Player_016,2024-04-27,2024,R,R,4,Drizzle,93.0,216.0,71.0,3.32,1.65,0.297
0,0.2429,Player_035,2023-08-25,2023,R,R,7,Sunny,91.0,198.0,77.0,3.33,1.6,0.23
0,0.3458,Player_013,2024-07-28,2024,R,R,4,Sunny,79.0,229.0,73.0,3.44,1.55,0.277
1,0.2449,Player_012,2023-06-06,2023,R,R,5,Sunny,67.0,208.0,74.0,3.38,1.8,0.251
0,0.3015,Player_001,2023-06-16,2023,R,R,6,Sunny,72.0,227.0,75.0,3.69,1.58,0.262
1,0.2837,Player_027,2024-08-16,2024,L,L,2,Sunny,68.0,211.0,71.0,3.48,1.72,0.244
0,0.2242,Player_012,2022-04-26,2022,R,L,4,Sunny,71.0,198.0,77.0,3.49,1.72,
0,0.2183,Player_004,2023-07-01,2023,S,R,1,Sunny,,191.0,73.0,3.32,1.57,0.274
0,0.2201,Player_018,2023-08-08,2023,R,L,1,Overcast,72.0,175.0,74.0,3.5,1.58,
0,0.4112,Player_006,2024-07-06,2024,R,R,6,Sunny,74.0,209.0,72.0,3.33,1.66,0.293
0,0.3479,Player_033,2023-06-20,2023,L,L,3,Sunny,80.0,211.0,72.0,3.55,1.76,0.248
0,0.3514,Player_029,2024-07-02,2024,R,R,7,Sunny,90.0,236.0,71.0,3.69,1.72,0.279
1,0.2249,Player_039,2024-07-01,2024,S,R,7,Cloudy,76.0,191.0,74.0,3.43,1.59,0.307
0,0.1994,Player_039,2023-08-23,2023,L,R,6,Sunny,63.0,175.0,77.0,3.62,1.51,0.26
0,0.3768,Player_033,2023-08-26,2023,L,R,4,Sunny,62.0,233.0,70.0,3.69,1.68,0.284
0,0.3133,Player_020,2022-09-13,2022,R,L,6,Drizzle,81.0,213.0,73.0,3.69,1.64,0.306
0,0.2596,Player_006,2023-04-13,2023,R,L,8,Overcast,94.0,178.0,73.0,3.6,1.6,0.282
0,0.2541,Player_001,2022-05-28,2022,R,R,4,Cloudy,67.0,195.0,75.0,3.65,1.69,0.318
0,0.1975,Player_003,2023-09-05,2023,L,R,4,Cloudy,58.0,238.0,75.0,3.44,1.79,0.228
0,0.3607,Player_009,2022-07-25,2022,L,R,3,Sunny,58.0,231.0,77.0,3.53,1.77,
1,0.363,Player_035,2024-06-06,2024,R,R,2,Sunny,65.0,210.0,72.0,3.57,1.7,0.29
0,0.2325,Player_008,2023-07-23,2023,R,R,1,Sunny,93.0,181.0,71.0,3.39,1.79,0.269
0,0.1966,Player_003,2023-06-23,2023,R,L,1,Overcast,86.0,217.0,73.0,3.43,1.62,0.246
1,0.3669,Player_037,2023-09-07,2023,R,R,2,Drizzle,86.0,178.0,71.0,3.44,1.53,0.253
0,0.2351,Player_017,2022-07-10,2022,R,R,7,Cloudy,68.0,200.0,73.0,3.33,1.64,0.292
0,0.4045,Player_016,2023-06-20,2023,R,R,6,Sunny,93.0,201.0,72.0,3.48,1.7,0.299
0,0.2724,Player_012,2024-07-21,2024,R,R,1,Cloudy,71.0,225.0,72.0,3.61,1.74,0.283
1,0.2529,Player_037,2023-05-05,2023,R,R,7,Cloudy,71.0,218.0,75.0,3.56,1.78,0.309
0,0.2832,Player_013,2023-08-17,2023,R,R,7,Sunny,92.0,206.0,71.0,3.55,1.66,0.272
0,0.2729,Player_034,2024-05-06,2024,L,R,9,Sunny,85.0,175.0,73.0,3.54,1.61,0.302
1,0.3488,Player_039,2022-04-05,2022,L,L,9,Sunny,66.0,176.0,75.0,3.31,1.58,0.231
0,0.342,Player_018,2024-04-09,2024,R,R,1,Sunny,81.0,227.0,73.0,3.3,1.68,0.319
1,0.3562,Player_028,2022-04-12,2022,R,R,5,Overcast,69.0,217.0,76.0,3.37,1.71,0.307
0,0.2929,Player_000,2024-04-18,2024,R,R,8,Sunny,79.0,196.0,70.0,3.67,1.69,0.309
0,0.2381,Player_031,2024-04-09,2024,L,L,3,Cloudy,60.0,223.0,73.0,3.64,1.56,0.308
0,0.2794,Player_038,2024-05-24,2024,R,R,6,Sunny,56.0,234.0,70.0,3.53,1.63,0.304
1,0.2702,Player_007,2022-09-20,2022,L,R,1,Sunny,,175.0,70.0,3.45,1.52,0.229
1,0.3527,Player_000,2023-04-19,2023,R,L,3,Cloudy,,233.0,73.0,3.69,1.66,0.311
0,0.3202,Player_001,2024-07-30,2024,R,L,9,Cloudy,71.0,191.0,72.0,3.33,1.56,0.237
0,0.2436,Player_034,2023-09-04,2023,R,L,7,Overcast,62.0,224.0,71.0,3.34,1.77,0.307
0,0.2151,Player_009,2023-08-24,2023,R,R,3,Cloudy,55.0,213.0,77.0,3.55,1.74,0.276
0,0.4079,Player_016,2023-06-05,2023,L,R,9,Overcast,84.0,222.0,76.0,3.52,1.72,0.248
1,0.2796,Player_013,2022-04-10,2022,L,L,2,Sunny,66.0,182.0,73.0,3.69,1.53,0.251
0,0.2709,Player_012,2023-06-06,2023,R,R,4,Cloudy,86.0,214.0,77.0,3.62,1.63,0.247
0,0.3885,Player_006,2022-07-18,2022,R,R,4,Sunny,76.0,237.0,70.0,3.68,1.55,0.293
0,0.2443,Player_016,2023-08-15,2023,R,R,6,Cloudy,80.0,226.0,77.0,3.59,1.51,0.294
0,0.2777,Player_036,2023-04-26,2023,L,R,3,Cloudy,81.0,226.0,77.0,3.67,1.62,0.263
0,0.2838,Player_014,2022-05-25,2022,L,R,3,Sunny,62.0,186.0,73.0,3.57,1.59,0.263
0,0.2078,Player_032,2022-07-18,2022,L,R,7,Cloudy,73.0,192.0,75.0,3.51,1.78,0.241
0,0.2921,Player_027,2024-08-06,2024,L,L,2,Cloudy,86.0,228.0,72.0,3.53,1.78,0.26
1,0.2466,Player_031,2023-05-26,2023,L,R,2,Sunny,64.0,201.0,77.0,3.66,1.78,0.286
0,0.24,Player_022,2023-08-27,2023,R,R,2,Cloudy,59.0,211.0,73.0,3.34,1.5,0.283
1,0.2307,Player_014,2024-08-22,2024,R,R,3,Overcast,71.0,185.0,71.0,3.53,1.66,0.233
0,0.2589,Player_010,2023-06-04,2023,L,R,1,Sunny,90.0,225.0,70.0,3.46,1.51,0.293
0,0.2413,Player_011,2023-07-06,2023,L,R,1,Cloudy,67.0,203.0,75.0,3.57,1.68,0.319
1,0.3173,Player_021,2023-06-26,2023,L,R,7,Overcast,70.0,207.0,77.0,3.54,1.65,0.301
0,0.2391,Player_016,2022-07-30,2022,R,L,5,Sunny,60.0,236.0,75.0,3.46,1.63,0.221
0,0.3034,Player_016,2023-05-29,2023,L,R,2,Sunny,84.0,216.0,75.0,3.58,1.52,0.302
0,0.4148,Player_014,2022-05-30,2022,R,L,3,Cloudy,68.0,203.0,76.0,3.51,1.53,0.223
0,0.2391,Player_036,2024-06-15,2024,R,L,7,Cloudy,61.0,197.0,72.0,3.37,1.59,0.233
1,0.3123,Player_025,2023-05-09,2023,L,L,8,Overcast,59.0,214.0,72.0,3.56,1.57,0.244
0,0.3003,Player_035,2022-07-14,2022,R,L,8,Cloudy,67.0,202.0,76.0,3.31,1.55,0.269
0,0.2756,Player_037,2023-09-20,2023,S,R,2,Cloudy,63.0,189.0,75.0,3.63,1.76,0.304
0,0.3192,Player_024,2022-06-02,2022,L,R,8,Sunny,74.0,198.0,71.0,3.66,1.51,0.301
0,0.3014,Player_003,2023-09-02,2023,L,R,4,Sunny,72.0,193.0,70.0,3.33,1.57,0.257
1,0.2642,Player_038,2024-06-22,2024,R,L,3,Cloudy,74.0,223.0,76.0,3.4,1.78,0.267
0,0.2389,Player_019,2024-04-29,2024,R,R,6,Sunny,69.0,207.0,76.0,3.35,1.76,0.237
1,0.2454,Player_015,2024-06-28,2024,R,R,2,Drizzle,58.0,188.0,73.0,3.61,1.61,0.315
0,0.2812,Player_016,2023-06-29,2023,R,R,5,Sunny,86.0,184.0,76.0,3.33,1.74,0.247
0,0.162,Player_003,2023-04-05,2023,L,R,4,Sunny,76.0,235.0,76.0,3.52,1.55,0.24
0,0.3847,Player_026,2022-06-26,2022,R,R,6,Overcast,62.0,232.0,75.0,3.46,1.69,0.319
0,0.4013,Player_001,2023-04-30,2023,R,L,2,Sunny,58.0,228.0,77.0,3.6,1.76,0.241
1,0.3119,Player_028,2023-08-21,2023,L,R,1,Sunny,92.0,222.0,77.0,3.56,1.64,0.238
0,0.3266,Player_033,2022-07-07,2022,R,R,4,Drizzle,91.0,231.0,72.0,3.52,1.55,0.318
0,0.3257,Player_016,2022-05-25,2022,S,L,9,Overcast,62.0,217.0,77.0,3.5,1.67,0.228
1,0.1873,Player_015,2022-04-01,2022,R,R,6,Sunny,71.0,234.0,74.0,3.61,1.72,0.223
0,0.365,Player_026,2022-07-12,2022,L,R,5,Sunny,78.0,234.0,73.0,3.49,1.76,0.266
0,0.2701,Player_034,2022-08-05,2022,L,R,6,Cloudy,72.0,203.0,71.0,3.47,1.61,0.25
0,0.4404,Player_003,2023-06-16,2023,R,R,5,Sunny,88.0,191.0,75.0,3.31,1.59,0.307
0,0.2668,Player_018,2023-09-10,2023,R,R,2,Sunny,78.0,232.0,76.0,3.41,1.71,0.293
1,0.3436,Player_012,2023-05-06,2023,R,R,9,Sunny,65.0,228.0,71.0,3.45,1.57,
0,0.2675,Player_000,2022-08-14,2022,R,R,3,Overcast,86.0,203.0,73.0,3.53,1.57,0.221
0,0.4338,Player_000,2023-06-29,2023,R,R,6,Sunny,89.0,234.0,77.0,3.57,1.55,0.247
0,0.2641,Player_021,2024-05-26,2024,L,R,8,Overcast,57.0,181.0,77.0,3.69,1.61,0.309
0,0.3516,Player_030,2022-05-22,2022,L,L,6,Sunny,89.0,228.0,73.0,3.41,1.63,0.245
0,0.3439,Player_023,2023-06-20,2023,L,R,9,Cloudy,83.0,178.0,77.0,3.52,1.72,0.223
0,0.3283,Player_009,2023-04-15,2023,L,R,2,Cloudy,91.0,181.0,76.0,3.6,1.53,0.243
1,0.296,Player_018,2022-07-27,2022,R,R,6,Sunny,,179.0,72.0,3.42,1.63,0.296
0,0.2533,Player_038,2023-06-13,2023,L,R,1,Cloudy,56.0,180.0,73.0,3.52,1.7,0.306
0,0.119,Player_033,2023-08-01,2023,L,R,6,Sunny,72.0,187.0,70.0,3.47,1.66,0.249
0,0.3552,Player_004,2023-07-02,2023,R,R,2,Overcast,57.0,198.0,70.0,3.46,1.74,0.243
0,0.2358,Player_025,2024-09-22,2024,L,L,6,Cloudy,55.0,198.0,74.0,3.33,1.77,0.304
0,0.3519,Player_024,2024-04-14,2024,L,L,3,Sunny,91.0,202.0,70.0,3.31,1.56,0.24
0,0.3046,Player_014,2023-06-28,2023,R,R,2,Cloudy,64.0,238.0,72.0,3.42,1.77,0.256
1,0.384,Player_014,2023-07-06,2023,L,R,8,Drizzle,57.0,208.0,71.0,3.66,1.77,0.258
0,0.3061,Player_028,2024-05-14,2024,R,L,9,Sunny,92.0,190.0,72.0,3.38,1.61,0.26
0,0.0775,Player_037,2023-07-31,2023,R,L,2,Sunny,71.0,183.0,71.0,3.33,1.74,0.228
0,0.313,Player_012,2024-06-04,2024,L,L,2,Overcast,59.0,234.0,74.0,3.55,1.65,0.304
0,0.2559,Player_037,2024-08-15,2024,R,R,1,Sunny,65.0,192.0,76.0,3.68,1.74,0.242
0,0.3616,Player_033,2022-09-14,2022,R,R,7,Cloudy,55.0,227.0,74.0,3.32,1.72,0.257
0,0.3214,Player_002,2022-09-01,2022,R,R,9,Sunny,82.0,226.0,76.0,3.6,1.79,0.284
0,0.2922,Player_011,2022-07-23,2022,R,L,2,Cloudy,92.0,230.0,74.0,3.34,1.57,0.3
0,0.2309,Player_017,2024-08-07,2024,R,L,5,Sunny,70.0,184.0,75.0,3.35,1.72,0.279
0,0.1861,Player_026,2023-09-03,2023,R,L,7,Sunny,89.0,226.0,72.0,3.67,1.5,0.256
0,0.2497,Player_009,2024-09-23,2024,R,R,4,Overcast,68.0,225.0,72.0,3.58,1.78,0.221
0,0.144,Player_016,2023-08-09,2023,L,L,7,Cloudy,73.0,238.0,71.0,3.52,1.56,0.27
0,0.2387,Player_003,2024-09-11,2024,S,R,7,Sunny,63.0,221.0,74.0,3.37,1.61,0.276
1,0.1775,Player_004,2024-09-20,2024,R,R,7,Cloudy,55.0,182.0,71.0,3.52,1.75,0.256
0,0.1794,Player_017,2022-05-02,2022,R,R,7,Sunny,61.0,204.0,75.0,3.32,1.64,0.283
0,0.3082,Player_025,2023-06-30,2023,L,R,4,Sunny,78.0,206.0,75.0,3.46,1.7,0.299
1,0.3074,Player_018,2023-06-04,2023,L,L,4,Cloudy,,205.0,77.0,3.58,1.61,0.224
0,0.2478,Player_015,2024-09-17,2024,R,L,6,Drizzle,87.0,197.0,73.0,3.53,1.67,0.301
0,0.2451,Player_019,2024-08-11,2024,R,R,1,Sunny,91.0,227.0,77.0,3.57,1.75,0.279
0,0.2337,Player_025,2023-09-07,2023,L,R,6,Overcast,66.0,193.0,73.0,3.35,1.77,0.253
0,0.2778,Player_028,2024-06-01,2024,L,R,1,Cloudy,65.0,203.0,75.0,3.6,1.64,0.289
0,0.2424,Player_021,2023-08-30,2023,L,R,7,Sunny,61.0,204.0,77.0,3.68,1.72,0.29
0,0.2756,Player_003,2022-04-15,2022,R,R,6,Cloudy,71.0,216.0,74.0,3.66,1.64,0.296
1,0.1935,Player_001,2024-09-16,2024,L,R,5,Sunny,91.0,206.0,77.0,3.34,1.78,
1,0.3291,Player_013,2023-05-12,2023,S,R,3,Overcast,,238.0,74.0,3.34,1.72,0.278
0,0.2303,Player_008,2024-07-03,2024,L,L,5,Cloudy,85.0,239.0,70.0,3.51,1.63,0.268
0,0.2963,Player_021,2023-08-07,2023,L,L,6,Sunny,67.0,205.0,73.0,3.51,1.65,0.256
0,0.3321,Player_028,2023-08-12,2023,L,L,7,Sunny,72.0,192.0,76.0,3.64,1.55,0.233
0,0.303,Player_010,2023-05-09,2023,R,R,9,Sunny,74.0,224.0,75.0,3.45,1.78,0.312
0,0.3359,Player_018,2023-07-09,2023,R,R,2,Sunny,91.0,234.0,71.0,3.51,1.58,0.233
0,0.1053,Player_008,2022-07-05,2022,R,L,1,Drizzle,74.0,232.0,72.0,3.38,1.55,0.285
0,0.2155,Player_018,2024-08-17,2024,S,L,6,Overcast,79.0,185.0,75.0,3.68,1.64,0.26
1,0.3772,Player_015,2022-05-28,2022,L,R,2,Overcast,,178.0,76.0,3.35,1.72,0.302
0,0.3156,Player_000,2023-08-16,2023,R,R,2,Cloudy,92.0,218.0,71.0,3.66,1.7,0.267
0,0.3994,Player_026,2023-07-20,2023,L,L,3,Sunny,90.0,194.0,73.0,3.66,1.58,0.239
0,0.4193,Player_012,2023-08-15,2023,L,R,7,Cloudy,59.0,194.0,71.0,3.32,1.58,0.235
0,0.301,Player_029,2023-09-05,2023,R,R,1,Sunny,59.0,176.0,72.0,3.61,1.57,0.259
0,0.2824,Player_026,2024-06-16,2024,L,R,4,Sunny,72.0,237.0,77.0,3.44,1.68,0.273
0,0.2129,Player_007,2024-06-16,2024,R,R,1,Sunny,69.0,175.0,70.0,3.39,1.79,0.283
0,0.2167,Player_035,2023-08-22,2023,R,L,8,Drizzle,82.0,216.0,74.0,3.46,1.77,0.305
1,0.2214,Player_000,2023-08-19,2023,R,L,7,Cloudy,72.0,235.0,73.0,3.67,1.65,0.257
1,0.2385,Player_022,2022-09-05,2022,R,R,1,Sunny,71.0,179.0,72.0,3.46,1.61,0.298
0,0.1857,Player_032,2023-07-09,2023,R,L,3,Drizzle,58.0,215.0,77.0,3.4,1.62,0.242
0,0.3281,Player_021,2024-07-23,2024,L,R,5,Overcast,68.0,235.0,77.0,3.51,1.74,0.308
0,0.3888,Player_022,2023-04-11,2023,L,L,5,Cloudy,77.0,201.0,70.0,3.46,1.7,0.23
0,0.3653,Player_018,2024-06-20,2024,L,R,2,Sunny,82.0,194.0,72.0,3.31,1.51,0.3
1,0.2574,Player_002,2022-05-15,2022,R,R,5,Sunny,61.0,220.0,71.0,3.37,1.52,0.247
0,0.351,Player_027,2024-08-31,2024,S,R,8,Sunny,79.0,235.0,70.0,3.31,1.64,0.286
0,0.3243,Player_038,2024-04-22,2024,L,R,2,Cloudy,77.0,211.0,74.0,3.51,1.66,0.274
1,0.2772,Player_031,2024-08-18,2024,R,R,2,Cloudy,66.0,175.0,73.0,3.56,1.79,0.278
0,0.2428,Player_002,2024-08-28,2024,R,L,4,Sunny,90.0,219.0,73.0,3.59,1.54,0.318
0,0.266,Player_008,2022-06-24,2022,R,R,5,Sunny,72.0,189.0,75.0,3.38,1.74,0.28
0,0.2956,Player_033,2024-07-29,2024,R,L,3,Cloudy,65.0,239.0,77.0,3.62,1.77,0.242
0,0.2898,Player_028,2023-07-14,2023,R,R,1,Overcast,83.0,193.0,75.0,3.46,1.61,0.261
0,0.229,Player_014,2023-08-03,2023,R,R,1,Sunny,,216.0,74.0,3.32,1.55,0.23
1,0.1956,Player_009,2022-08-02,2022,R,L,8,Cloudy,80.0,219.0,73.0,3.67,1.57,0.254
0,0.2914,Player_018,2022-05-16,2022,L,L,2,Drizzle,,203.0,73.0,3.58,1.7,0.249
0,0.31,Player_001,2024-08-01,2024,R,R,3,Cloudy,73.0,226.0,74.0,3.53,1.52,0.284
0,0.2481,Player_003,2023-09-10,2023,L,L,7,Sunny,63.0,233.0,72.0,3.32,1.77,0.311
0,0.2008,Player_002,2023-05-26,2023,R,R,6,Cloudy,65.0,215.0,74.0,3.31,1.73,0.248
0,0.3576,Player_033,2022-05-26,2022,L,L,1,Overcast,63.0,224.0,73.0,3.53,1.74,0.305
1,0.3727,Player_001,2023-05-23,2023,L,R,2,Overcast,59.0,179.0,72.0,3.65,1.72,0.308
0,0.1609,Player_022,2024-09-11,2024,L,R,5,Sunny,94.0,190.0,76.0,3.56,1.54,0.283
0,0.3938,Player_011,2024-09-06,2024,L,R,4,Sunny,88.0,203.0,70.0,3.3,1.72,0.29
0,0.2554,Player_030,2023-06-02,2023,L,L,9,Sunny,75.0,183.0,76.0,3.56,1.68,0.3
0,0.3133,Player_005,2022-09-16,2022,L,R,2,Sunny,87.0,207.0,71.0,3.44,1.52,0.257
0,0.3597,Player_036,2022-08-16,2022,R,R,1,Cloudy,81.0,179.0,73.0,3.35,1.59,0.319
1,0.4157,Player_003,2022-06-12,2022,L,R,5,Sunny,79.0,198.0,75.0,3.62,1.63,0.258
0,0.3502,Player_033,2023-08-27,2023,R,R,9,Cloudy,83.0,178.0,77.0,3.53,1.66,
1,0.2969,Player_005,2024-09-11,2024,R,R,1,Cloudy,77.0,202.0,76.0,3.59,1.55,0.293
1,0.1837,Player_001,2022-09-04,2022,R,R,8,Cloudy,77.0,201.0,75.0,3.37,1.66,0.253
0,0.1582,Player_001,2023-06-24,2023,L,R,9,Sunny,60.0,206.0,73.0,3.35,1.79,0.223
0,0.3615,Player_031,2024-05-09,2024,L,R,4,Sunny,79.0,239.0,72.0,3.51,1.61,0.238
1,0.3739,Player_013,2023-05-01,2023,R,R,4,Sunny,72.0,211.0,72.0,3.51,1.55,
1,0.213,Player_016,2024-08-26,2024,L,L,9,Drizzle,64.0,184.0,76.0,3.53,1.64,0.241
0,0.2811,Player_032,2023-08-10,2023,L,R,6,Sunny,74.0,216.0,74.0,3.6,1.64,0.234
0,0.241,Player_010,2022-08-06,2022,R,R,5,Sunny,88.0,238.0,70.0,3.57,1.78,
0,0.2391,Player_022,2023-04-09,2023,S,R,3,Sunny,73.0,188.0,70.0,3.57,1.64,0.283
1,0.3752,Player_011,2023-09-21,2023,L,R,9,Cloudy,74.0,180.0,70.0,3.37,1.57,0.233
1,0.2953,Player_002,2024-04-20,2024,R,R,3,Cloudy,64.0,233.0,74.0,3.47,1.57,0.298
1,0.264,Player_039,2022-07-14,2022,R,R,4,Drizzle,87.0,186.0,77.0,3.54,1.51,0.304
0,0.466,Player_014,2023-09-17,2023,R,R,8,Sunny,59.0,228.0,73.0,3.51,1.72,
0,0.1996,Player_033,2024-05-13,2024,L,R,5,Sunny,88.0,202.0,71.0,3.42,1.58,0.245
1,0.3384,Player_017,2023-07-03,2023,L,R,7,Overcast,92.0,226.0,73.0,3.68,1.74,0.278
0,0.2066,Player_034,2022-08-30,2022,R,R,9,Sunny,62.0,221.0,75.0,3.36,1.67,0.226
1,0.259,Player_006,2024-05-17,2024,L,L,6,Sunny,77.0,227.0,70.0,3.69,1.71,0.314
0,0.2904,Player_021,2022-04-19,2022,R,R,2,Drizzle,78.0,224.0,75.0,3.61,1.56,0.221
1,0.3591,Player_014,2024-06-25,2024,L,R,7,Cloudy,89.0,209.0,77.0,3.54,1.55,0.242
0,0.2617,Player_039,2022-08-22,2022,R,R,6,Sunny,68.0,190.0,77.0,3.35,1.63,0.228
0,0.2543,Player_013,2024-07-13,2024,R,R,2,Drizzle,81.0,236.0,71.0,3.53,1.61,0.319
0,0.2605,Player_030,2022-06-19,2022,R,R,1,Sunny,58.0,187.0,77.0,3.34,1.65,0.224
0,0.2044,Player_019,2023-07-25,2023,R,R,9,Sunny,87.0,198.0,70.0,3.67,1.72,0.22
0,0.3443,Player_016,2024-04-09,2024,L,R,1,Sunny,85.0,193.0,73.0,3.41,1.77,0.23
1,0.2997,Player_027,2023-06-02,2023,R,R,5,Sunny,63.0,202.0,73.0,3.46,1.68,0.308
0,0.3005,Player_025,2022-09-06,2022,L,L,9,Sunny,60.0,191.0,75.0,3.55,1.57,0.26
0,0.2751,Player_019,2022-06-09,2022,R,R,8,Overcast,59.0,228.0,76.0,3.31,1.59,0.314
0,0.2665,Player_002,2022-09-21,2022,R,R,8,Drizzle,88.0,203.0,74.0,3.52,1.77,0.316
1,0.3623,Player_002,2022-07-08,2022,R,R,7,Cloudy,79.0,231.0,76.0,3.59,1.56,0.293
0,0.3515,Player_023,2023-09-16,2023,R,R,5,Drizzle,69.0,177.0,77.0,3.38,1.53,0.237
1,0.379,Player_002,2023-07-22,2023,S,R,3,Sunny,76.0,204.0,74.0,3.36,1.78,0.317
1,0.2961,Player_024,2024-06-14,2024,L,L,9,Sunny,,213.0,74.0,3.5,1.51,0.264
0,0.3447,Player_035,2024-09-12,2024,R,L,6,Sunny,58.0,230.0,74.0,3.51,1.72,0.266
1,0.2509,Player_031,2024-05-18,2024,R,R,4,Cloudy,,222.0,72.0,3.48,1.54,0.284
0,0.2559,Player_027,2023-06-10,2023,L,L,9,Sunny,79.0,216.0,73.0,3.42,1.7,0.292
0,0.3637,Player_010,2023-08-09,2023,R,R,4,Sunny,79.0,229.0,74.0,3.46,1.56,0.316
0,0.359,Player_026,2023-09-05,2023,L,R,1,Drizzle,62.0,200.0,70.0,3.42,1.77,0.317
0,0.2497,Player_007,2023-05-05,2023,L,L,6,Sunny,92.0,237.0,73.0,3.4,1.51,0.261
1,0.2268,Player_036,2022-09-26,2022,L,R,4,Cloudy,59.0,233.0,72.0,3.49,1.59,0.234
0,0.2857,Player_003,2024-06-16,2024,L,R,6,Sunny,89.0,234.0,75.0,3.46,1.73,0.312
0,0.2321,Player_021,2024-05-31,2024,R,R,6,Cloudy,94.0,207.0,73.0,3.47,1.67,0.232
1,0.4007,Player_019,2023-04-24,2023,R,R,6,Cloudy,85.0,181.0,71.0,3.3,1.63,
0,0.3332,Player_002,2023-04-05,2023,R,R,4,Sunny,77.0,230.0,74.0,3.58,1.63,0.237
0,0.1964,Player_007,2022-07-10,2022,R,L,3,Sunny,62.0,202.0,73.0,3.32,1.65,0.256
0,0.1969,Player_028,2023-07-18,2023,L,L,3,Cloudy,68.0,227.0,75.0,3.38,1.8,0.273
0,0.2255,Player_023,2023-04-17,2023,R,R,9,Cloudy,76.0,178.0,75.0,3.62,1.7,0.29
1,0.2609,Player_006,2024-09-09,2024,L,R,7,Sunny,58.0,181.0,77.0,3.69,1.65,0.318
0,0.2683,Player_005,2023-07-07,2023,R,R,4,Sunny,83.0,197.0,74.0,3.7,1.6,0.312
0,0.378,Player_026,2023-04-10,2023,L,R,9,Sunny,91.0,231.0,74.0,3.54,1.65,0.272
0,0.1823,Player_026,2024-08-29,2024,R,L,7,Sunny,84.0,176.0,72.0,3.4,1.78,0.251
0,0.4403,Player_016,2024-05-05,2024,R,R,5,Overcast,92.0,185.0,75.0,3.63,1.57,0.274
0,0.214,Player_000,2024-07-30,2024,R,R,8,Sunny,73.0,207.0,73.0,3.56,1.6,0.257
0,0.1814,Player_001,2023-07-31,2023,R,R,9,Sunny,65.0,227.0,77.0,3.69,1.52,0.266
0,0.4182,Player_006,2023-08-24,2023,L,R,6,Cloudy,55.0,185.0,75.0,3.52,1.69,0.311
1,0.3425,Player_002,2024-08-23,2024,R,L,1,Overcast,72.0,224.0,72.0,3.51,1.73,0.271
0,0.2372,Player_022,2024-09-24,2024,R,L,4,Sunny,59.0,206.0,77.0,3.32,1.69,0.224
0,0.3067,Player_015,2024-04-15,2024,R,R,3,Cloudy,80.0,222.0,73.0,3.38,1.74,0.288
0,0.3085,Player_008,2023-06-05,2023,R,R,7,Cloudy,87.0,221.0,74.0,3.57,1.73,0.248
0,0.2896,Player_023,2024-06-04,2024,R,R,1,Sunny,59.0,234.0,75.0,3.7,1.79,0.241
0,0.1892,Player_028,2022-06-07,2022,S,R,5,Sunny,75.0,178.0,75.0,3.49,1.64,0.297
1,0.0963,Player_006,2022-05-13,2022,L,L,4,Overcast,76.0,214.0,74.0,3.31,1.53,0.237
0,0.2209,Player_025,2022-05-13,2022,R,R,4,Sunny,67.0,204.0,75.0,3.46,1.66,0.281
0,0.3771,Player_004,2022-09-21,2022,R,L,6,Sunny,63.0,197.0,77.0,3.35,1.73,0.302
0,0.3799,Player_023,2023-09-09,2023,R,L,5,Cloudy,83.0,223.0,71.0,3.68,1.62,0.25
0,0.2617,Player_015,2023-08-01,2023,R,R,2,Sunny,64.0,213.0,74.0,3.36,1.63,0.267
0,0.2329,Player_004,2024-07-08,2024,L,R,8,Sunny,56.0,203.0,74.0,3.35,1.72,0.278
1,0.2995,Player_032,2023-06-25,2023,R,R,5,Sunny,79.0,220.0,77.0,3.48,1.51,0.284
1,0.3007,Player_007,2022-08-01,2022,L,L,2,Sunny,57.0,212.0,74.0,3.52,1.7,0.317
0,0.3421,Player_031,2024-09-02,2024,L,R,7,Cloudy,67.0,198.0,71.0,3.59,1.71,0.309
1,0.1031,Player_014,2022-06-16,2022,R,R,4,Sunny,58.0,196.0,76.0,3.45,1.79,0.241
0,0.521,Player_027,2022-07-06,2022,L,R,6,Sunny,77.0,191.0,76.0,3.66,1.72,0.275
0,0.3793,Player_028,2024-09-11,2024,L,R,7,Cloudy,63.0,194.0,76.0,3.54,1.54,0.236
0,0.2861,Player_017,2022-09-12,2022,L,R,6,Cloudy,,206.0,71.0,3.32,1.65,0.226
0,0.1997,Player_026,2023-05-12,2023,R,L,9,Cloudy,70.0,186.0,71.0,3.31,1.62,0.257
0,0.3491,Player_017,2023-05-13,2023,R,R,6,Sunny,74.0,233.0,70.0,3.49,1.62,0.252
0,0.3147,Player_024,2023-05-07,2023,R,R,4,Sunny,83.0,212.0,73.0,3.48,1.74,0.277
0,0.3065,Player_009,2023-04-05,2023,L,R,9,Drizzle,92.0,215.0,70.0,3.48,1.67,0.284
0,0.3121,Player_017,2024-08-03,2024,R,R,5,Sunny,79.0,212.0,76.0,3.32,1.72,0.259
1,0.2721,Player_005,2023-06-17,2023,R,R,7,Sunny,74.0,233.0,74.0,3.32,1.72,
0,0.3081,Player_016,2023-04-06,2023,R,R,3,Cloudy,78.0,228.0,72.0,3.32,1.71,0.304
1,0.3208,Player_000,2024-05-06,2024,L,L,9,Overcast,75.0,205.0,72.0,3.59,1.73,0.292
0,0.324,Player_016,2022-07-05,2022,L,R,9,Drizzle,55.0,197.0,73.0,3.54,1.57,0.255
0,0.3004,Player_034,2023-08-29,2023,R,R,9,Sunny,74.0,236.0,71.0,3.35,1.53,0.244
0,0.3775,Player_014,2022-07-29,2022,R,R,4,Drizzle,84.0,213.0,73.0,3.47,1.55,0.232
0,0.1682,Player_019,2022-07-05,2022,R,R,8,Sunny,89.0,226.0,75.0,3.68,1.74,0.245
0,0.1941,Player_034,2024-05-03,2024,R,L,7,Overcast,58.0,184.0,73.0,3.33,1.79,0.316
0,0.2819,Player_000,2024-05-21,2024,R,R,1,Sunny,82.0,198.0,73.0,3.38,1.78,0.262
0,0.2289,Player_026,2022-08-19,2022,R,R,9,Drizzle,59.0,192.0,76.0,3.46,1.5,0.262
0,0.2723,Player_021,2023-08-18,2023,L,R,5,Overcast,56.0,204.0,73.0,3.39,1.8,0.267
1,0.3701,Player_013,2022-09-04,2022,R,R,5,Overcast,56.0,207.0,70.0,3.36,1.77,0.285
0,0.2696,Player_010,2024-07-03,2024,R,R,4,Cloudy,59.0,239.0,74.0,3.69,1.56,0.312
0,0.172,Player_023,2023-05-20,2023,L,R,8,Sunny,58.0,181.0,71.0,3.61,1.67,0.231
0,0.2504,Player_017,2024-06-29,2024,R,R,1,Sunny,,236.0,76.0,3.59,1.8,0.302
0,0.2741,Player_015,2022-09-09,2022,L,L,4,Sunny,91.0,227.0,71.0,3.67,1.64,0.265
0,0.2828,Player_026,2023-05-03,2023,R,R,6,Cloudy,85.0,201.0,75.0,3.37,1.79,0.247
1,0.3389,Player_015,2024-08-30,2024,L,R,2,Sunny,84.0,193.0,73.0,3.66,1.66,0.274
0,0.3132,Player_032,2024-09-26,2024,R,R,2,Sunny,59.0,229.0,73.0,3.69,1.6,0.274
0,0.2903,Player_011,2022-08-26,2022,L,R,6,Sunny,92.0,183.0,77.0,3.53,1.55,0.233
0,0.1965,Player_028,2023-07-28,2023,R,R,6,Overcast,75.0,234.0,76.0,3.66,1.53,0.23
0,0.2191,Player_022,2024-06-12,2024,R,L,8,Sunny,56.0,236.0,71.0,3.63,1.71,0.283
0,0.2564,Player_035,2024-08-31,2024,L,R,8,Cloudy,80.0,191.0,76.0,3.43,1.6,0.294
1,0.26,Player_016,2023-04-29,2023,R,R,1,Sunny,83.0,211.0,72.0,3.43,1.62,0.281
0,0.2984,Player_009,2024-08-14,2024,S,L,4,Sunny,71.0,208.0,73.0,3.57,1.78,0.255
0,0.2783,Player_015,2024-06-11,2024,R,L,8,Cloudy,83.0,224.0,76.0,3.52,1.56,0.276
1,0.3577,Player_026,2023-06-30,2023,L,R,9,Sunny,82.0,224.0,71.0,3.45,1.61,0.311
0,0.2531,Player_017,2022-06-23,2022,R,R,1,Cloudy,78.0,239.0,73.0,3.32,1.77,0.312
1,0.4056,Player_035,2023-04-02,2023,L,R,7,Sunny,68.0,179.0,70.0,3.31,1.78,0.243
1,0.3171,Player_006,2024-09-24,2024,L,L,3,Drizzle,94.0,228.0,74.0,3.34,1.74,0.23
0,0.2879,Player_012,2023-07-30,2023,R,R,8,Sunny,79.0,227.0,75.0,3.46,1.61,0.285
0,0.2922,Player_039,2023-07-18,2023,R,L,5,Sunny,73.0,223.0,74.0,3.31,1.54,0.237
0,0.2327,Player_031,2024-04-18,2024,R,R,2,Drizzle,,188.0,77.0,3.36,1.74,0.3
0,0.1524,Player_003,2023-08-19,2023,L,R,2,Overcast,64.0,223.0,75.0,3.69,1.75,0.248
0,0.2375,Player_037,2024-09-20,2024,R,R,9,Sunny,93.0,206.0,70.0,3.48,1.71,0.235
0,0.3323,Player_017,2023-08-25,2023,R,R,7,Sunny,84.0,193.0,71.0,3.67,1.6,0.302
1,0.2856,Player_025,2024-05-14,2024,R,R,1,Sunny,80.0,199.0,73.0,3.38,1.7,0.241
0,0.2404,Player_000,2023-05-03,2023,R,L,9,Cloudy,65.0,201.0,73.0,3.44,1.71,0.221
0,0.2407,Player_006,2022-06-06,2022,L,R,8,Sunny,69.0,223.0,71.0,3.57,1.77,0.302
0,0.1631,Player_027,2023-04-05,2023,L,R,5,Sunny,92.0,188.0,74.0,3.7,1.54,0.229
0,0.3797,Player_010,2022-07-09,2022,R,R,1,Cloudy,83.0,190.0,74.0,3.58,1.58,0.262
0,0.2654,Player_004,2024-06-21,2024,S,R,4,Sunny,59.0,199.0,73.0,3.66,1.62,0.26
0,0.2699,Player_027,2024-06-29,2024,L,R,2,Overcast,87.0,205.0,76.0,3.32,1.74,0.234
0,0.253,Player_008,2022-09-26,2022,L,R,4,Sunny,59.0,236.0,73.0,3.42,1.77,
0,0.3578,Player_034,2023-07-27,2023,L,L,3,Drizzle,71.0,192.0,76.0,3.65,1.58,0.228
0,0.3117,Player_007,2024-06-14,2024,R,L,7,Cloudy,71.0,233.0,75.0,3.51,1.65,0.263
0,0.2023,Player_000,2022-08-20,2022,L,L,7,Drizzle,69.0,178.0,77.0,3.37,1.68,0.316
0,0.3615,Player_015,2024-06-05,2024,R,R,2,Overcast,74.0,208.0,75.0,3.37,1.55,0.292
1,0.2698,Player_013,2022-08-15,2022,S,R,9,Sunny,61.0,229.0,73.0,3.6,1.74,0.291
0,0.2573,Player_025,2022-09-15,2022,L,R,7,Sunny,81.0,195.0,70.0,3.36,1.64,0.287
0,0.2594,Player_009,2023-09-11,2023,R,R,6,Sunny,82.0,189.0,75.0,3.5,1.77,0.297
0,0.1952,Player_039,2022-07-03,2022,R,L,7,Cloudy,89.0,214.0,74.0,3.37,1.66,0.273
0,0.1875,Player_016,2024-06-23,2024,R,R,7,Sunny,72.0,190.0,77.0,3.38,1.75,0.319
0,0.3243,Player_028,2024-06-10,2024,L,L,8,Cloudy,76.0,176.0,74.0,3.46,1.51,0.281
1,0.2846,Player_030,2024-07-05,2024,L,R,3,Overcast,60.0,178.0,75.0,3.35,1.63,0.283
0,0.3432,Player_035,2024-09-15,2024,L,R,7,Sunny,68.0,206.0,77.0,3.56,1.63,0.222
0,0.3001,Player_020,2024-09-04,2024,R,R,9,Cloudy,77.0,207.0,77.0,3.37,1.56,0.295
1,0.2884,Player_009,2024-07-18,2024,R,L,7,Overcast,71.0,176.0,71.0,3.6,1.67,0.256
0,0.1268,Player_020,2024-05-20,2024,L,L,4,Overcast,94.0,192.0,71.0,3.51,1.73,0.297
0,0.2393,Player_017,2024-06-06,2024,L,R,6,Sunny,66.0,224.0,76.0,3.44,1.65,0.305
0,0.2899,Player_024,2023-05-15,2023,R,L,9,Sunny,57.0,211.0,71.0,3.55,1.75,0.222
1,0.2108,Player_009,2023-05-04,2023,L,R,6,Cloudy,89.0,214.0,76.0,3.46,1.59,0.258
0,0.3261,Player_020,2023-04-02,2023,L,R,8,Sunny,75.0,222.0,71.0,3.33,1.59,0.31
0,0.1827,Player_038,2023-08-18,2023,R,R,9,Cloudy,57.0,233.0,72.0,3.42,1.55,0.233
1,0.2712,Player_027,2023-08-11,2023,L,L,4,Drizzle,92.0,177.0,76.0,3.51,1.74,0.294
1,0.4127,Player_038,2023-05-03,2023,L,R,4,Sunny,63.0,206.0,71.0,3.34,1.54,0.252
1,0.3342,Player_004,2023-08-02,2023,R,R,4,Sunny,93.0,188.0,70.0,3.59,1.54,0.271
0,0.1704,Player_026,2022-04-30,2022,L,R,4,Sunny,68.0,218.0,76.0,3.44,1.5,0.31
1,0.3394,Player_000,2024-05-19,2024,R,R,7,Drizzle,68.0,200.0,76.0,3.38,1.62,0.283
0,0.3776,Player_008,2024-05-16,2024,R,L,5,Sunny,63.0,185.0,76.0,3.3,1.63,0.263
0,0.4758,Player_033,2023-04-24,2023,R,R,9,Sunny,61.0,232.0,73.0,3.33,1.64,0.29
1,0.3333,Player_004,2024-08-09,2024,L,R,7,Cloudy,87.0,208.0,76.0,3.39,1.73,0.242
0,0.1845,Player_019,2024-04-07,2024,R,R,7,Sunny,71.0,182.0,75.0,3.45,1.62,0.221
0,0.3304,Player_002,2024-06-11,2024,L,R,9,Sunny,77.0,189.0,73.0,3.36,1.5,0.282
0,0.3917,Player_011,2022-06-27,2022,R,R,8,Cloudy,67.0,223.0,75.0,3.52,1.68,0.306
1,0.2869,Player_004,2023-07-13,2023,L,R,1,Cloudy,71.0,205.0,71.0,3.38,1.55,0.29
0,0.353,Player_018,2023-05-05,2023,R,R,9,Sunny,74.0,236.0,73.0,3.68,1.51,0.272
1,0.2412,Player_025,2024-06-23,2024,L,R,8,Sunny,67.0,178.0,76.0,3.53,1.73,0.234
0,0.3261,Player_026,2023-08-21,2023,L,R,3,Cloudy,78.0,180.0,71.0,3.62,1.57,0.228
0,0.0757,Player_037,2024-06-06,2024,R,L,3,Sunny,73.0,219.0,73.0,3.47,1.73,0.248
0,0.2335,Player_004,2024-09-18,2024,L,R,5,Drizzle,85.0,196.0,74.0,3.38,1.69,0.316
1,0.2996,Player_016,2024-06-16,2024,L,R,9,Sunny,86.0,231.0,74.0,3.48,1.76,0.266
0,0.2246,Player_020,2023-08-18,2023,R,L,6,Sunny,80.0,225.0,77.0,3.46,1.61,0.3
0,0.189,Player_003,2024-04-20,2024,R,R,6,Cloudy,59.0,176.0,75.0,3.55,1.7,0.221
0,0.265,Player_004,2024-08-31,2024,L,R,2,Cloudy,90.0,235.0,70.0,3.66,1.67,0.267
1,0.3031,Player_012,2023-06-26,2023,R,R,9,Sunny,82.0,236.0,77.0,3.39,1.73,0.245
1,0.274,Player_034,2024-09-25,2024,R,R,8,Cloudy,84.0,191.0,71.0,3.34,1.6,0.315
0,0.2543,Player_023,2022-08-05,2022,R,L,1,Drizzle,80.0,214.0,74.0,3.59,1.68,0.24
0,0.3012,Player_022,2022-08-12,2022,R,L,3,Sunny,75.0,216.0,76.0,3.3,1.66,0.225
0,0.256,Player_022,2024-04-26,2024,R,R,8,Sunny,77.0,177.0,74.0,3.62,1.51,0.236
0,0.3751,Player_032,2023-07-12,2023,R,R,7,Sunny,59.0,222.0,70.0,3.59,1.51,0.226
1,0.2108,Player_021,2023-08-11,2023,R,R,4,Sunny,91.0,237.0,72.0,3.63,1.77,0.252
0,0.415,Player_028,2024-08-23,2024,R,R,5,Sunny,87.0,201.0,70.0,3.34,1.69,0.32
0,0.3479,Player_012,2023-06-07,2023,L,L,2,Overcast,91.0,239.0,73.0,3.38,1.68,0.313
0,0.2451,Player_032,2022-07-11,2022,L,L,8,Drizzle,83.0,218.0,77.0,3.52,1.72,0.277
0,0.2797,Player_001,2022-05-02,2022,L,R,6,Drizzle,65.0,222.0,72.0,3.43,1.5,0.303
0,0.2645,Player_013,2023-06-17,2023,R,L,5,Sunny,68.0,210.0,76.0,3.64,1.57,0.26
0,0.3419,Player_010,2022-06-25,2022,L,R,6,Sunny,89.0,219.0,70.0,3.48,1.7,
0,0.3566,Player_005,2022-04-06,2022,R,R,6,Sunny,64.0,235.0,72.0,3.47,1.72,0.241
0,0.1862,Player_021,2024-09-11,2024,R,R,4,Sunny,79.0,213.0,74.0,3.37,1.69,0.26
0,0.3106,Player_035,2023-07-25,2023,S,R,2,Cloudy,81.0,210.0,77.0,3.52,1.62,0.232
0,0.1218,Player_006,2023-05-03,2023,L,L,5,Sunny,62.0,186.0,74.0,3.44,1.68,0.314
0,0.2376,Player_035,2022-09-09,2022,R,L,8,Sunny,58.0,208.0,75.0,3.48,1.71,
0,0.3518,Player_034,2023-08-03,2023,R,L,1,Overcast,56.0,231.0,76.0,3.41,1.62,0.245
0,0.2008,Player_035,2023-08-03,2023,L,R,4,Overcast,86.0,218.0,70.0,3.54,1.67,0.242
0,0.1681,Player_000,2023-09-15,2023,R,R,8,Drizzle,66.0,221.0,77.0,3.64,1.52,0.267
0,0.3155,Player_039,2023-06-12,2023,L,R,6,Sunny,64.0,184.0,73.0,3.31,1.55,0.27
0,0.3471,Player_017,2023-06-03,2023,R,L,1,Overcast,91.0,230.0,72.0,3.39,1.73,0.287
0,0.3028,Player_023,2022-07-21,2022,R,R,8,Sunny,78.0,209.0,76.0,3.57,1.61,0.301
0,0.1367,Player_012,2022-09-07,2022,L,L,1,Sunny,55.0,204.0,73.0,3.58,1.73,0.29
1,0.1822,Player_020,2023-08-25,2023,L,R,5,Sunny,67.0,178.0,75.0,3.42,1.7,0.269
0,0.3068,Player_022,2022-08-20,2022,L,R,2,Cloudy,74.0,233.0,72.0,3.41,1.61,0.274
1,0.1875,Player_031,2022-08-16,2022,L,L,3,Sunny,74.0,215.0,74.0,3.6,1.73,
0,0.2896,Player_013,2022-04-07,2022,R,R,4,Overcast,86.0,195.0,71.0,3.52,1.54,0.265
0,0.2837,Player_004,2024-06-27,2024,L,L,3,Sunny,87.0,209.0,73.0,3.46,1.55,0.252
0,0.2657,Player_023,2023-06-04,2023,L,R,8,Drizzle,56.0,234.0,73.0,3.32,1.62,0.285
0,0.407,Player_031,2023-06-05,2023,R,R,6,Sunny,66.0,229.0,71.0,3.56,1.7,0.287
0,0.3213,Player_000,2023-09-02,2023,R,R,4,Cloudy,79.0,194.0,77.0,3.42,1.59,0.314
1,0.3648,Player_032,2023-06-11,2023,R,R,3,Drizzle,56.0,226.0,74.0,3.53,1.6,0.255
1,0.3444,Player_032,2022-08-29,2022,R,R,5,Cloudy,77.0,175.0,76.0,3.59,1.76,0.271
0,0.2595,Player_023,2023-09-11,2023,L,L,4,Overcast,,203.0,71.0,3.49,1.77,0.282
0,0.2664,Player_037,2023-06-21,2023,R,R,8,Cloudy,77.0,210.0,73.0,3.4,1.77,0.291
0,0.2792,Player_015,2023-05-01,2023,L,R,3,Sunny,57.0,217.0,76.0,3.39,1.51,0.224
0,0.2977,Player_005,2022-08-04,2022,R,L,7,Cloudy,84.0,175.0,71.0,3.58,1.74,0.31
0,0.2345,Player_026,2024-09-02,2024,S,R,5,Cloudy,73.0,194.0,71.0,3.66,1.73,0.238
0,0.4008,Player_024,2024-06-12,2024,R,R,3,Sunny,93.0,191.0,77.0,3.69,1.58,0.243
0,0.2278,Player_036,2022-05-06,2022,R,R,5,Sunny,58.0,200.0,70.0,3.62,1.57,0.289
1,0.265,Player_008,2024-07-02,2024,R,L,2,Sunny,89.0,219.0,73.0,3.54,1.51,0.24
0,0.284,Player_006,2022-09-24,2022,L,R,5,Sunny,71.0,180.0,70.0,3.65,1.75,0.233
0,0.2484,Player_027,2022-07-03,2022,R,R,7,Drizzle,74.0,223.0,72.0,3.46,1.68,0.315
0,0.4021,Player_012,2022-06-20,2022,R,L,6,Drizzle,82.0,181.0,76.0,3.65,1.5,0.284
1,0.2193,Player_007,2024-06-18,2024,S,L,1,Cloudy,79.0,207.0,72.0,3.47,1.57,0.315
0,0.2587,Player_026,2022-08-11,2022,R,R,6,Sunny,90.0,228.0,73.0,3.54,1.75,0.226
0,0.2535,Player_007,2024-05-31,2024,L,R,1,Sunny,88.0,232.0,77.0,3.37,1.68,0.224
0,0.2829,Player_033,2023-08-10,2023,R,R,4,Sunny,63.0,238.0,73.0,3.5,1.76,0.248
0,0.2629,Player_012,2023-09-25,2023,L,L,6,Sunny,65.0,203.0,74.0,3.44,1.54,0.224
0,0.2217,Player_026,2023-08-18,2023,L,R,9,Overcast,90.0,206.0,74.0,3.45,1.79,0.264
1,0.2703,Player_023,2022-09-15,2022,L,R,9,Cloudy,87.0,233.0,75.0,3.54,1.56,0.316
1,0.3227,Player_023,2024-08-20,2024,R,R,5,Sunny,94.0,183.0,74.0,3.65,1.59,0.256
1,0.3719,Player_012,2023-08-30,2023,L,R,2,Sunny,91.0,234.0,76.0,3.63,1.78,0.293
0,0.2717,Player_003,2023-04-08,2023,L,L,8,Drizzle,80.0,180.0,77.0,3.44,1.59,0.285
0,0.2741,Player_025,2022-06-03,2022,L,L,4,Sunny,93.0,180.0,77.0,3.59,1.68,0.223
0,0.2547,Player_017,2024-05-19,2024,R,R,6,Sunny,84.0,177.0,72.0,3.52,1.6,0.243
0,0.2448,Player_039,2024-09-02,2024,R,R,2,Sunny,90.0,189.0,71.0,3.44,1.72,0.283
0,0.2056,Player_035,2023-05-12,2023,L,L,4,Sunny,74.0,232.0,71.0,3.66,1.59,0.229
0,0.191,Player_002,2023-09-22,2023,L,R,5,Cloudy,93.0,188.0,76.0,3.36,1.63,0.266
0,0.2308,Player_014,2023-08-04,2023,R,R,7,Cloudy,57.0,203.0,76.0,3.62,1.53,0.288
1,0.3633,Player_016,2023-04-23,2023,L,R,9,Cloudy,91.0,227.0,71.0,3.38,1.78,0.254
1,0.2503,Player_015,2022-08-01,2022,R,R,2,Sunny,93.0,232.0,73.0,3.66,1.77,0.251
0,0.2758,Player_028,2024-05-31,2024,L,R,6,Drizzle,86.0,203.0,70.0,3.59,1.74,0.292
0,0.2544,Player_014,2022-05-24,2022,R,R,9,Cloudy,92.0,198.0,74.0,3.49,1.76,0.262
0,0.3871,Player_006,2022-09-26,2022,L,R,1,Overcast,71.0,205.0,75.0,3.33,1.68,0.273
0,0.215,Player_014,2022-08-21,2022,R,R,6,Sunny,67.0,213.0,71.0,3.37,1.53,0.24
0,0.3194,Player_031,2022-08-16,2022,L,R,7,Drizzle,60.0,195.0,77.0,3.37,1.52,0.299
0,0.2452,Player_016,2023-05-27,2023,S,L,1,Cloudy,62.0,218.0,76.0,3.6,1.74,0.28
0,0.2848,Player_011,2024-07-28,2024,S,R,7,Cloudy,89.0,227.0,77.0,3.55,1.66,0.317
1,0.2671,Player_030,2023-06-01,2023,R,L,4,Sunny,57.0,178.0,77.0,3.39,1.58,0.296
1,0.284,Player_002,2023-07-18,2023,R,R,6,Sunny,63.0,228.0,70.0,3.45,1.51,0.28
0,0.3255,Player_018,2023-06-11,2023,L,L,7,Overcast,74.0,219.0,73.0,3.42,1.8,0.281
1,0.278,Player_004,2023-07-19,2023,R,R,2,Sunny,69.0,178.0,73.0,3.56,1.53,0.253
0,0.3721,Player_024,2024-08-12,2024,R,L,1,Cloudy,91.0,226.0,70.0,3.43,1.61,0.265
0,0.3031,Player_035,2024-05-26,2024,L,R,3,Cloudy,56.0,207.0,77.0,3.61,1.7,0.287
0,0.1608,Player_017,2024-04-02,2024,R,R,3,Overcast,56.0,176.0,70.0,3.58,1.69,0.272
0,0.2947,Player_039,2024-04-17,2024,R,L,3,Sunny,65.0,180.0,75.0,3.4,1.54,0.315
0,0.3074,Player_034,2024-09-10,2024,R,R,9,Drizzle,79.0,178.0,72.0,3.43,1.69,0.275
0,0.2823,Player_029,2023-09-20,2023,R,R,7,Sunny,69.0,201.0,74.0,3.52,1.6,0.221
0,0.2618,Player_007,2023-08-03,2023,R,R,4,Overcast,88.0,208.0,73.0,3.66,1.55,0.233
1,0.102,Player_001,2024-04-19,2024,R,L,6,Sunny,58.0,190.0,71.0,3.34,1.69,0.225
0,0.1637,Player_004,2022-07-15,2022,L,R,2,Sunny,70.0,238.0,73.0,3.44,1.77,0.31
0,0.4153,Player_013,2023-06-17,2023,L,R,2,Sunny,80.0,177.0,75.0,3.54,1.73,0.252
1,0.259,Player_016,2024-05-12,2024,L,R,1,Overcast,79.0,238.0,74.0,3.43,1.55,0.304
0,0.3476,Player_008,2023-06-08,2023,R,R,4,Cloudy,75.0,184.0,71.0,3.42,1.55,0.265
0,0.1578,Player_038,2022-08-20,2022,L,L,6,Sunny,72.0,182.0,72.0,3.47,1.64,0.312
1,0.1967,Player_029,2023-09-27,2023,L,L,5,Sunny,58.0,206.0,75.0,3.38,1.51,0.268
0,0.3475,Player_027,2022-09-05,2022,L,R,6,Cloudy,57.0,224.0,71.0,3.54,1.51,0.306
0,0.2628,Player_026,2023-05-07,2023,L,L,2,Sunny,,217.0,74.0,3.65,1.58,0.287
0,0.2876,Player_024,2023-06-30,2023,R,L,6,Sunny,75.0,226.0,77.0,3.66,1.53,0.247
0,0.299,Player_035,2023-07-05,2023,L,R,5,Cloudy,90.0,204.0,74.0,3.49,1.66,0.278
1,0.2555,Player_015,2023-05-23,2023,L,L,9,Sunny,58.0,232.0,72.0,3.42,1.51,0.247
0,0.2024,Player_005,2022-06-18,2022,R,L,3,Sunny,57.0,224.0,75.0,3.45,1.57,0.24
0,0.2164,Player_011,2023-06-08,2023,L,R,1,Sunny,82.0,177.0,77.0,3.39,1.52,0.252
0,0.3982,Player_009,2022-04-13,2022,L,R,5,Cloudy,,207.0,75.0,3.54,1.66,0.25
1,0.4097,Player_038,2023-06-14,2023,L,R,2,Cloudy,67.0,238.0,74.0,3.35,1.61,0.27
0,0.2073,Player_022,2023-06-05,2023,R,R,2,Sunny,55.0,222.0,74.0,3.43,1.52,0.284
0,0.2227,Player_017,2022-05-26,2022,L,R,3,Sunny,87.0,228.0,70.0,3.37,1.61,0.317
1,0.2257,Player_001,2024-07-19,2024,R,L,7,Sunny,81.0,221.0,70.0,3.38,1.5,0.267
0,0.3038,Player_028,2023-08-07,2023,R,R,4,Sunny,78.0,214.0,74.0,3.57,1.75,0.296
0,0.2373,Player_025,2022-04-09,2022,R,L,8,Sunny,64.0,196.0,73.0,3.7,1.61,0.269
0,0.305,Player_032,2023-06-01,2023,L,L,2,Sunny,92.0,179.0,77.0,3.57,1.7,0.263
1,0.2766,Player_005,2022-04-06,2022,R,R,9,Cloudy,57.0,194.0,73.0,3.4,1.71,0.261
0,0.272,Player_026,2022-08-26,2022,R,R,4,Sunny,84.0,190.0,76.0,3.46,1.67,0.308
0,0.4689,Player_014,2024-09-13,2024,L,R,5,Drizzle,84.0,222.0,75.0,3.55,1.68,0.235
1,0.2132,Player_009,2024-06-22,2024,R,L,8,Drizzle,83.0,197.0,72.0,3.65,1.63,0.249
0,0.3848,Player_008,2024-09-17,2024,L,L,5,Sunny,79.0,197.0,76.0,3.59,1.62,0.292
0,0.4013,Player_011,2023-07-23,2023,L,R,2,Cloudy,67.0,230.0,70.0,3.36,1.59,0.25
0,0.3353,Player_029,2024-09-03,2024,L,R,3,Cloudy,73.0,187.0,75.0,3.54,1.52,0.22
1,0.1652,Player_000,2024-09-17,2024,L,R,9,Sunny,72.0,224.0,73.0,3.38,1.6,0.242
0,0.2722,Player_037,2022-07-15,2022,L,L,1,Sunny,89.0,197.0,75.0,3.45,1.64,0.223
0,0.214,Player_038,2022-06-20,2022,R,L,9,Drizzle,84.0,236.0,70.0,3.69,1.54,0.249
0,0.2814,Player_038,2023-08-12,2023,R,R,7,Sunny,74.0,237.0,71.0,3.66,1.77,0.253
0,0.2256,Player_033,2023-05-01,2023,L,R,5,Cloudy,83.0,202.0,72.0,3.4,1.5,0.315
1,0.3029,Player_012,2023-05-24,2023,R,L,3,Cloudy,93.0,225.0,74.0,3.59,1.57,0.301
0,0.3189,Player_016,2022-07-08,2022,R,L,8,Sunny,82.0,234.0,77.0,3.43,1.7,0.232
0,0.3519,Player_005,2024-05-06,2024,L,L,1,Cloudy,69.0,214.0,77.0,3.3,1.75,0.232
1,0.2432,Player_035,2022-06-29,2022,L,L,7,Drizzle,55.0,233.0,75.0,3.64,1.64,0.32
0,0.2258,Player_030,2024-09-01,2024,L,R,2,Sunny,,219.0,70.0,3.63,1.68,0.287
0,0.2946,Player_006,2023-08-19,2023,L,L,4,Sunny,55.0,176.0,76.0,3.42,1.58,0.283
1,0.4229,Player_039,2022-09-08,2022,L,R,1,Sunny,75.0,214.0,76.0,3.61,1.79,0.279
0,0.3049,Player_001,2024-09-01,2024,L,R,6,Overcast,57.0,190.0,74.0,3.31,1.69,0.235
0,0.3117,Player_030,2023-05-30,2023,R,R,2,Cloudy,90.0,213.0,70.0,3.52,1.54,0.246
0,0.2836,Player_005,2024-08-06,2024,L,R,2,Cloudy,56.0,226.0,71.0,3.69,1.72,0.263
0,0.2348,Player_029,2024-06-05,2024,L,L,3,Overcast,82.0,187.0,76.0,3.62,1.54,0.265
0,0.3161,Player_035,2022-09-22,2022,L,L,5,Drizzle,85.0,218.0,71.0,3.53,1.62,0.317
0,0.2726,Player_038,2022-05-02,2022,R,R,9,Sunny,84.0,210.0,72.0,3.45,1.65,0.224
1,0.3282,Player_006,2022-05-19,2022,L,R,8,Overcast,76.0,189.0,76.0,3.59,1.72,0.221
1,0.2855,Player_006,2022-09-17,2022,R,L,4,Sunny,78.0,224.0,71.0,3.69,1.8,0.311
1,0.3243,Player_002,2024-05-13,2024,L,R,6,Sunny,75.0,225.0,73.0,3.38,1.61,0.308
0,0.309,Player_032,2024-07-20,2024,L,L,7,Sunny,85.0,175.0,75.0,3.32,1.7,0.249
0,0.1903,Player_007,2023-05-23,2023,R,L,4,Sunny,58.0,195.0,73.0,3.45,1.7,0.252
1,0.236,Player_015,2024-05-21,2024,L,R,7,Overcast,90.0,179.0,77.0,3.51,1.56,0.279
0,0.297,Player_016,2024-07-29,2024,L,R,6,Sunny,85.0,214.0,71.0,3.4,1.69,0.24
0,0.2987,Player_014,2022-08-22,2022,L,R,7,Cloudy,93.0,232.0,74.0,3.55,1.76,0.308
1,0.2434,Player_019,2022-05-12,2022,S,R,9,Sunny,58.0,235.0,72.0,3.42,1.67,0.247
0,0.2669,Player_013,2024-09-23,2024,R,L,4,Sunny,63.0,200.0,74.0,3.69,1.64,0.226
0,0.3136,Player_009,2024-04-15,2024,R,L,1,Drizzle,63.0,190.0,71.0,3.41,1.69,0.273
0,0.3631,Player_015,2022-04-19,2022,S,R,5,Overcast,71.0,195.0,75.0,3.62,1.74,0.293
0,0.3989,Player_032,2023-09-23,2023,L,R,3,Sunny,87.0,178.0,71.0,3.69,1.57,0.316
0,0.188,Player_004,2022-04-10,2022,S,R,1,Sunny,86.0,197.0,76.0,3.5,1.55,0.282
0,0.1886,Player_038,2023-05-27,2023,L,L,2,Sunny,82.0,217.0,77.0,3.38,1.7,0.23
1,0.2597,Player_016,2023-04-22,2023,R,R,5,Drizzle,70.0,176.0,72.0,3.66,1.51,0.286
0,0.3056,Player_011,2022-05-11,2022,L,R,9,Sunny,58.0,222.0,75.0,3.46,1.75,0.229
0,0.2833,Player_017,2024-04-13,2024,L,R,4,Sunny,82.0,229.0,74.0,3.52,1.59,0.239
0,0.2413,Player_037,2023-06-04,2023,R,R,5,Cloudy,57.0,195.0,76.0,3.32,1.53,0.25
1,0.2787,Player_032,2024-05-23,2024,L,R,2,Drizzle,63.0,224.0,77.0,3.44,1.73,0.226
1,0.3138,Player_032,2023-04-29,2023,S,R,2,Sunny,71.0,205.0,76.0,3.52,1.57,0.257
0,0.2069,Player_008,2023-08-08,2023,L,R,8,Overcast,86.0,239.0,72.0,3.58,1.62,0.297
1,0.414,Player_035,2022-04-07,2022,R,L,6,Sunny,79.0,207.0,74.0,3.68,1.62,0.225
1,0.2815,Player_028,2022-06-25,2022,S,R,2,Cloudy,59.0,213.0,70.0,3.53,1.75,0.27
0,0.3736,Player_002,2024-05-24,2024,L,R,5,Sunny,64.0,228.0,72.0,3.41,1.58,0.243
0,0.2394,Player_017,2023-07-27,2023,R,R,6,Overcast,88.0,192.0,72.0,3.52,1.69,0.277
0,0.3202,Player_033,2022-05-31,2022,R,R,1,Cloudy,78.0,220.0,73.0,3.33,1.8,0.269
0,0.287,Player_021,2024-06-24,2024,R,R,3,Drizzle,81.0,230.0,76.0,3.36,1.68,0.237
0,0.33,Player_023,2024-08-23,2024,L,L,8,Cloudy,69.0,192.0,70.0,3.44,1.54,0.305
0,0.2661,Player_014,2022-04-26,2022,R,R,4,Overcast,87.0,227.0,73.0,3.31,1.58,0.27
1,0.3886,Player_001,2022-06-18,2022,R,R,7,Cloudy,78.0,192.0,76.0,3.33,1.66,0.319
0,0.1756,Player_035,2023-07-11,2023,R,R,6,Cloudy,58.0,214.0,71.0,3.3,1.6,0.318
1,0.3665,Player_030,2022-08-11,2022,L,R,1,Sunny,84.0,196.0,76.0,3.37,1.65,0.245
0,0.3083,Player_010,2024-07-05,2024,L,R,9,Overcast,66.0,215.0,70.0,3.63,1.66,0.308
1,0.1787,Player_009,2023-08-11,2023,R,L,9,Sunny,88.0,184.0,74.0,3.44,1.72,0.292
0,0.4366,Player_020,2022-08-22,2022,L,R,7,Cloudy,80.0,227.0,77.0,3.66,1.69,0.263
0,0.4094,Player_031,2023-08-21,2023,R,R,2,Cloudy,62.0,183.0,73.0,3.65,1.71,0.302
0,0.1348,Player_003,2022-07-20,2022,S,R,8,Overcast,56.0,196.0,75.0,3.65,1.57,0.262
1,0.3124,Player_025,2023-09-13,2023,L,R,1,Cloudy,58.0,228.0,71.0,3.38,1.63,0.269
0,0.3494,Player_033,2022-04-05,2022,L,R,5,Cloudy,64.0,181.0,73.0,3.44,1.75,0.257
0,0.3109,Player_019,2024-06-28,2024,R,R,4,Cloudy,59.0,229.0,70.0,3.49,1.73,0.304
1,0.4061,Player_002,2024-08-22,2024,L,R,7,Cloudy,81.0,201.0,70.0,3.47,1.55,0.311
0,0.3415,Player_000,2024-04-18,2024,R,L,2,Sunny,61.0,191.0,72.0,3.33,1.52,0.235
0,0.2686,Player_006,2022-08-26,2022,R,L,8,Overcast,72.0,229.0,77.0,3.4,1.7,0.279
0,0.4394,Player_035,2023-04-07,2023,R,R,6,Overcast,67.0,230.0,77.0,3.55,1.63,0.232
0,0.3356,Player_018,2024-08-19,2024,L,L,3,Cloudy,81.0,231.0,70.0,3.57,1.62,0.309
0,0.2554,Player_005,2023-05-04,2023,R,R,3,Sunny,56.0,212.0,70.0,3.45,1.51,0.242
0,0.2113,Player_036,2023-07-30,2023,R,L,7,Sunny,71.0,187.0,75.0,3.42,1.61,0.224
0,0.387,Player_033,2024-08-27,2024,L,R,2,Overcast,88.0,221.0,77.0,3.53,1.55,0.295
0,0.1945,Player_005,2024-08-24,2024,R,L,3,Drizzle,64.0,220.0,74.0,3.57,1.51,0.287
1,0.2213,Player_027,2024-07-12,2024,R,L,9,Sunny,88.0,232.0,74.0,3.58,1.62,0.261
1,0.2632,Player_013,2023-09-11,2023,R,R,8,Drizzle,61.0,222.0,74.0,3.62,1.75,
0,0.3049,Player_002,2023-04-26,2023,R,R,3,Sunny,83.0,195.0,73.0,3.53,1.77,0.297
0,0.2565,Player_002,2023-05-13,2023,L,L,6,Drizzle,66.0,204.0,75.0,3.45,1.57,0.237
0,0.1778,Player_021,2023-04-24,2023,L,L,4,Drizzle,69.0,218.0,70.0,3.44,1.58,0.25
1,0.3513,Player_033,2022-08-08,2022,L,L,2,Cloudy,75.0,225.0,70.0,3.31,1.53,0.269
0,0.2717,Player_038,2024-09-07,2024,L,R,3,Drizzle,83.0,195.0,70.0,3.47,1.77,0.283
0,0.3914,Player_028,2023-09-15,2023,S,L,1,Cloudy,76.0,191.0,71.0,3.65,1.52,0.281
0,0.3213,Player_036,2023-07-03,2023,L,R,8,Sunny,77.0,233.0,74.0,3.55,1.78,0.269
0,0.3687,Player_009,2024-04-23,2024,R,R,3,Overcast,66.0,239.0,72.0,3.54,1.69,0.286
1,0.3442,Player_005,2024-04-30,2024,L,R,2,Sunny,81.0,194.0,74.0,3.39,1.74,0.222
0,0.3921,Player_004,2022-07-22,2022,L,R,6,Sunny,57.0,179.0,70.0,3.54,1.57,0.252
0,0.3099,Player_006,2023-09-09,2023,L,L,2,Sunny,58.0,215.0,73.0,3.37,1.68,0.277
0,0.3165,Player_030,2023-09-25,2023,L,R,9,Cloudy,61.0,176.0,71.0,3.44,1.53,0.251
0,0.3565,Player_006,2022-08-08,2022,R,R,8,Cloudy,89.0,187.0,72.0,3.53,1.7,0.314
0,0.424,Player_017,2022-09-06,2022,S,L,4,Overcast,79.0,209.0,75.0,3.32,1.68,0.316
1,0.2611,Player_030,2023-06-25,2023,R,R,2,Overcast,68.0,199.0,70.0,3.42,1.75,0.257
0,0.3556,Player_037,2024-05-05,2024,L,R,2,Overcast,80.0,178.0,76.0,3.34,1.69,0.243
0,0.2796,Player_006,2024-06-22,2024,R,R,8,Cloudy,65.0,197.0,72.0,3.37,1.79,0.242
0,0.3354,Player_007,2023-04-18,2023,L,R,4,Drizzle,84.0,218.0,76.0,3.44,1.65,0.264
0,0.253,Player_002,2023-07-31,2023,R,L,6,Sunny,70.0,223.0,75.0,3.58,1.67,0.316
1,0.129,Player_004,2022-05-30,2022,R,R,2,Cloudy,79.0,223.0,77.0,3.41,1.52,0.244
0,0.286,Player_015,2024-05-30,2024,L,R,8,Sunny,64.0,193.0,74.0,3.31,1.53,0.253
0,0.37,Player_012,2024-03-31,2024,L,R,5,Sunny,56.0,218.0,73.0,3.46,1.55,0.276
0,0.2164,Player_038,2024-09-26,2024,L,L,1,Sunny,94.0,196.0,71.0,3.39,1.54,0.277
1,0.3345,Player_017,2023-06-16,2023,L,L,1,Sunny,81.0,217.0,70.0,3.61,1.54,0.286
1,0.2929,Player_012,2022-08-20,2022,R,R,9,Drizzle,80.0,175.0,76.0,3.63,1.58,0.293
0,0.2366,Player_018,2023-07-03,2023,R,L,1,Sunny,79.0,201.0,75.0,3.57,1.58,0.299
0,0.3134,Player_028,2023-07-25,2023,S,L,3,Drizzle,90.0,195.0,71.0,3.55,1.71,0.269
1,0.3477,Player_013,2023-06-24,2023,L,R,1,Sunny,55.0,218.0,70.0,3.59,1.65,0.227
1,0.3094,Player_005,2022-08-02,2022,R,R,1,Cloudy,93.0,192.0,76.0,3.45,1.78,0.288
0,0.3411,Player_016,2022-05-06,2022,L,L,8,Sunny,73.0,194.0,70.0,3.56,1.6,0.279
1,0.2942,Player_024,2023-09-27,2023,R,R,7,Drizzle,78.0,210.0,74.0,3.47,1.52,0.241
0,0.1849,Player_012,2024-06-16,2024,L,R,3,Sunny,92.0,217.0,72.0,3.47,1.75,0.305
0,0.2735,Player_023,2024-04-01,2024,L,R,2,Cloudy,87.0,201.0,75.0,3.62,1.75,0.294
0,0.1237,Player_012,2024-09-18,2024,R,L,3,Drizzle,69.0,232.0,70.0,3.62,1.61,0.262
0,0.316,Player_036,2022-04-05,2022,L,L,4,Overcast,91.0,238.0,70.0,3.46,1.52,0.317
0,0.3427,Player_035,2024-06-24,2024,R,R,7,Overcast,58.0,214.0,71.0,3.67,1.76,0.288
0,0.3159,Player_028,2023-08-20,2023,R,L,6,Sunny,61.0,210.0,75.0,3.52,1.78,0.313
1,0.3342,Player_033,2022-06-06,2022,L,R,4,Sunny,,208.0,75.0,3.49,1.8,
1,0.3178,Player_004,2023-05-08,2023,R,L,1,Sunny,65.0,179.0,75.0,3.5,1.62,0.291
0,0.1696,Player_026,2022-05-14,2022,R,R,2,Sunny,81.0,201.0,74.0,3.61,1.54,0.242
0,0.2725,Player_016,2024-08-01,2024,R,R,2,Sunny,71.0,227.0,71.0,3.69,1.61,0.262
0,0.181,Player_031,2024-07-12,2024,R,R,2,Overcast,89.0,220.0,71.0,3.58,1.68,0.284
0,0.2549,Player_000,2022-06-30,2022,R,R,5,Drizzle,79.0,178.0,71.0,3.44,1.51,0.303
0,0.3931,Player_007,2023-07-02,2023,R,R,8,Cloudy,79.0,184.0,71.0,3.51,1.58,0.311
1,0.3565,Player_009,2023-05-28,2023,R,R,4,Overcast,85.0,229.0,75.0,3.42,1.78,0.228
0,0.3264,Player_022,2022-09-16,2022,R,R,3,Cloudy,71.0,222.0,73.0,3.56,1.51,0.291
0,0.2873,Player_038,2023-05-12,2023,L,R,6,Sunny,68.0,201.0,73.0,3.7,1.55,0.247
1,0.2304,Player_035,2024-08-28,2024,L,R,1,Cloudy,59.0,236.0,71.0,3.65,1.67,0.291
0,0.2931,Player_018,2024-08-17,2024,R,R,7,Sunny,88.0,179.0,75.0,3.49,1.79,0.252
0,0.3777,Player_000,2022-04-02,2022,L,R,1,Sunny,64.0,224.0,76.0,3.44,1.78,0.277
0,0.2987,Player_034,2023-05-01,2023,L,L,4,Drizzle,81.0,238.0,70.0,3.48,1.58,0.273
1,0.189,Player_022,2022-07-09,2022,L,R,9,Sunny,86.0,203.0,77.0,3.43,1.68,0.307
0,0.2873,Player_000,2022-04-29,2022,R,R,4,Sunny,69.0,207.0,71.0,3.7,1.79,0.285
0,0.1661,Player_025,2022-09-01,2022,L,R,7,Sunny,61.0,188.0,77.0,3.38,1.69,0.244
0,0.3363,Player_035,2022-06-19,2022,R,R,3,Cloudy,82.0,230.0,75.0,3.62,1.57,0.283
0,0.2315,Player_034,2023-08-29,2023,R,R,8,Sunny,68.0,222.0,77.0,3.47,1.71,0.284
0,0.1944,Player_035,2023-04-22,2023,R,R,4,Cloudy,89.0,202.0,71.0,3.56,1.65,0.256
0,0.3273,Player_039,2024-04-04,2024,L,L,3,Sunny,72.0,190.0,74.0,3.67,1.65,0.246
0,0.3192,Player_026,2023-07-25,2023,R,R,1,Overcast,68.0,205.0,70.0,3.54,1.65,0.311
1,0.2663,Player_024,2022-08-23,2022,R,L,3,Overcast,84.0,204.0,73.0,3.55,1.53,0.235
0,0.4334,Player_004,2024-09-25,2024,R,R,6,Sunny,70.0,198.0,71.0,3.31,1.74,0.234
1,0.2944,Player_025,2024-08-19,2024,R,L,1,Overcast,86.0,229.0,70.0,3.35,1.6,0.279
0,0.2549,Player_035,2022-08-13,2022,L,R,2,Sunny,82.0,198.0,76.0,3.52,1.56,0.251
1,0.2863,Player_032,2023-04-11,2023,S,L,4,Sunny,90.0,182.0,76.0,3.45,1.63,0.27
0,0.28,Player_035,2022-07-18,2022,L,R,7,Sunny,72.0,226.0,72.0,3.54,1.69,0.247
0,0.3687,Player_006,2024-08-06,2024,R,R,6,Sunny,58.0,222.0,73.0,3.45,1.67,0.257
0,0.2997,Player_008,2023-06-11,2023,R,R,1,Drizzle,62.0,177.0,74.0,3.37,1.75,0.261
1,0.2966,Player_034,2022-09-27,2022,L,L,1,Overcast,55.0,220.0,74.0,3.62,1.75,0.276
0,0.149,Player_037,2024-09-24,2024,R,L,1,Overcast,89.0,206.0,74.0,3.64,1.69,0.228
0,0.3043,Player_021,2024-09-01,2024,L,R,3,Sunny,64.0,218.0,72.0,3.69,1.67,0.263
0,0.2761,Player_035,2022-09-06,2022,R,R,3,Cloudy,63.0,192.0,72.0,3.38,1.67,0.289
0,0.2083,Player_027,2023-07-12,2023,R,R,2,Cloudy,79.0,186.0,77.0,3.42,1.62,0.291
0,0.2845,Player_008,2023-08-26,2023,L,R,4,Sunny,64.0,211.0,70.0,3.41,1.64,0.247
1,0.3305,Player_020,2022-04-13,2022,L,R,6,Overcast,94.0,178.0,73.0,3.67,1.66,0.274
0,0.2797,Player_015,2022-05-12,2022,R,R,7,Overcast,89.0,188.0,72.0,3.54,1.74,0.258
0,0.2012,Player_031,2024-07-28,2024,L,R,9,Drizzle,73.0,177.0,71.0,3.67,1.72,0.224
0,0.2609,Player_013,2024-04-22,2024,R,R,7,Drizzle,80.0,197.0,71.0,3.66,1.56,0.263
1,0.2472,Player_007,2024-08-24,2024,R,R,9,Sunny,70.0,233.0,70.0,3.4,1.79,0.287
0,0.2935,Player_019,2024-05-02,2024,R,R,9,Overcast,72.0,209.0,77.0,3.47,1.79,0.315
0,0.276,Player_019,2023-06-02,2023,L,L,8,Drizzle,74.0,223.0,76.0,3.47,1.58,0.231
0,0.2212,Player_035,2023-05-17,2023,R,L,4,Cloudy,70.0,223.0,75.0,3.49,1.8,0.263
0,0.2485,Player_000,2024-07-06,2024,R,R,1,Sunny,72.0,183.0,77.0,3.7,1.66,0.314
0,0.3047,Player_034,2022-04-15,2022,L,R,1,Sunny,62.0,236.0,76.0,3.37,1.57,0.267
0,0.3674,Player_008,2022-08-25,2022,L,R,8,Sunny,81.0,185.0,71.0,3.61,1.72,0.309
0,0.3195,Player_007,2022-09-07,2022,L,R,8,Sunny,57.0,190.0,76.0,3.39,1.51,0.288
1,0.3696,Player_016,2024-08-12,2024,L,L,3,Drizzle,91.0,217.0,76.0,3.6,1.71,0.307
0,0.3293,Player_022,2023-05-04,2023,R,L,7,Drizzle,91.0,206.0,70.0,3.38,1.75,0.296
0,0.3848,Player_037,2023-05-23,2023,R,R,5,Drizzle,63.0,188.0,77.0,3.51,1.61,0.227
0,0.3758,Player_021,2023-05-11,2023,R,R,1,Sunny,56.0,197.0,75.0,3.57,1.6,0.296
0,0.3794,Player_005,2024-07-17,2024,L,L,6,Cloudy,74.0,201.0,77.0,3.47,1.58,0.233
0,0.2193,Player_018,2022-09-07,2022,L,R,1,Sunny,57.0,214.0,73.0,3.69,1.62,0.295
0,0.3453,Player_036,2023-09-06,2023,L,R,2,Sunny,71.0,226.0,75.0,3.58,1.67,0.262
0,0.3653,Player_028,2024-09-19,2024,R,R,5,Sunny,85.0,198.0,76.0,3.36,1.73,0.288
0,0.3779,Player_008,2024-08-02,2024,R,R,1,Drizzle,67.0,200.0,75.0,3.45,1.77,0.226
0,0.246,Player_025,2023-05-10,2023,L,R,4,Overcast,90.0,181.0,77.0,3.43,1.66,
0,0.326,Player_029,2022-06-11,2022,R,R,7,Overcast,55.0,237.0,71.0,3.42,1.64,0.231
0,0.3053,Player_011,2024-05-22,2024,L,R,6,Sunny,83.0,214.0,72.0,3.38,1.61,0.258
0,0.4293,Player_021,2023-04-12,2023,L,R,1,Sunny,75.0,191.0,70.0,3.37,1.68,0.237
0,0.2029,Player_013,2024-08-22,2024,L,R,2,Cloudy,64.0,177.0,74.0,3.65,1.54,0.221
0,0.1961,Player_007,2024-07-13,2024,S,L,9,Cloudy,,236.0,70.0,3.7,1.64,0.308
0,0.1533,Player_035,2024-09-21,2024,R,R,9,Overcast,65.0,177.0,72.0,3.36,1.65,0.295
1,0.2901,Player_012,2022-08-30,2022,R,R,9,Sunny,79.0,186.0,75.0,3.62,1.69,0.277
0,0.4585,Player_013,2023-07-26,2023,L,R,5,Sunny,93.0,232.0,77.0,3.39,1.52,0.292
0,0.2669,Player_004,2022-04-08,2022,L,L,4,Overcast,75.0,196.0,71.0,3.51,1.63,0.25
1,0.2871,Player_017,2022-06-19,2022,R,R,7,Cloudy,83.0,231.0,72.0,3.38,1.73,0.291
1,0.3085,Player_025,2022-06-25,2022,L,L,9,Cloudy,79.0,210.0,70.0,3.41,1.74,0.272
0,0.2719,Player_038,2023-07-31,2023,R,R,2,Overcast,88.0,211.0,72.0,3.46,1.66,0.229
0,0.3056,Player_031,2023-07-12,2023,R,R,9,Cloudy,77.0,235.0,75.0,3.58,1.76,0.286
0,0.3275,Player_034,2023-08-19,2023,L,R,6,Cloudy,72.0,176.0,77.0,3.49,1.73,0.319
1,0.2208,Player_039,2023-04-04,2023,R,R,2,Sunny,59.0,197.0,73.0,3.62,1.74,0.246
1,0.2434,Player_027,2022-04-21,2022,S,L,8,Cloudy,86.0,197.0,70.0,3.34,1.74,0.22
0,0.3319,Player_034,2023-09-19,2023,R,R,1,Sunny,90.0,222.0,72.0,3.53,1.72,
0,0.345,Player_012,2024-06-17,2024,R,R,1,Cloudy,94.0,197.0,73.0,3.34,1.76,0.248
1,0.3709,Player_028,2022-08-27,2022,R,R,4,Cloudy,84.0,232.0,74.0,3.35,1.53,0.261
0,0.3235,Player_025,2024-09-01,2024,L,R,5,Sunny,69.0,221.0,74.0,3.42,1.65,0.221
0,0.3049,Player_018,2023-04-22,2023,R,R,4,Sunny,83.0,234.0,76.0,3.34,1.75,0.226
1,0.3525,Player_025,2023-08-05,2023,L,R,3,Sunny,67.0,227.0,74.0,3.61,1.53,0.291
0,0.2384,Player_028,2024-05-01,2024,R,R,6,Cloudy,90.0,223.0,73.0,3.5,1.55,0.316
0,0.2355,Player_016,2023-04-28,2023,R,R,5,Sunny,56.0,198.0,70.0,3.56,1.62,0.279
0,0.2713,Player_033,2023-05-14,2023,R,R,2,Overcast,90.0,222.0,77.0,3.32,1.67,0.304
0,0.1907,Player_001,2024-08-13,2024,R,R,8,Sunny,84.0,202.0,70.0,3.39,1.72,0.241
0,0.3085,Player_012,2022-04-17,2022,R,R,3,Sunny,,197.0,72.0,3.51,1.67,0.227
0,0.3734,Player_014,2023-07-30,2023,L,R,7,Cloudy,64.0,189.0,73.0,3.33,1.56,0.255
0,0.2503,Player_033,2024-06-07,2024,L,R,4,Cloudy,75.0,233.0,77.0,3.36,1.75,0.241
0,0.3305,Player_020,2024-05-17,2024,L,R,7,Sunny,65.0,222.0,73.0,3.31,1.58,0.282
0,0.236,Player_037,2023-05-14,2023,R,R,3,Sunny,83.0,178.0,73.0,3.66,1.76,
1,0.1988,Player_038,2022-06-01,2022,L,L,2,Sunny,80.0,197.0,77.0,3.47,1.65,0.243
0,0.4439,Player_018,2023-06-02,2023,L,R,1,Sunny,82.0,212.0,72.0,3.32,1.51,0.31
1,0.2098,Player_029,2024-05-26,2024,R,R,8,Sunny,84.0,220.0,76.0,3.48,1.64,0.274
0,0.2104,Player_009,2024-07-02,2024,L,R,7,Cloudy,56.0,194.0,70.0,3.66,1.7,0.23
0,0.285,Player_004,2022-09-26,2022,L,L,6,Cloudy,71.0,220.0,74.0,3.38,1.76,0.274
1,0.2888,Player_019,2022-06-21,2022,L,L,6,Sunny,65.0,192.0,75.0,3.4,1.67,0.267
1,0.3467,Player_012,2024-05-03,2024,L,R,1,Cloudy,92.0,185.0,71.0,3.69,1.8,0.295
0,0.3901,Player_029,2023-07-20,2023,R,L,4,Sunny,76.0,180.0,76.0,3.64,1.61,0.295
0,0.2456,Player_020,2024-08-27,2024,L,R,8,Drizzle,61.0,232.0,77.0,3.52,1.57,0.284
0,0.2595,Player_005,2023-07-17,2023,L,R,3,Cloudy,70.0,217.0,70.0,3.37,1.63,0.287
0,0.3926,Player_018,2023-07-05,2023,S,R,1,Cloudy,76.0,228.0,71.0,3.39,1.7,0.281
0,0.3157,Player_016,2022-07-30,2022,R,L,8,Sunny,67.0,209.0,71.0,3.64,1.53,0.244
0,0.336,Player_000,2023-09-06,2023,R,R,1,Cloudy,79.0,212.0,77.0,3.57,1.53,0.313
0,0.2387,Player_021,2023-04-14,2023,R,R,7,Sunny,85.0,193.0,72.0,3.44,1.69,0.241
1,0.3588,Player_037,2022-09-24,2022,R,R,8,Drizzle,79.0,180.0,77.0,3.31,1.62,0.28
0,0.3262,Player_035,2023-09-08,2023,L,L,7,Sunny,78.0,221.0,73.0,3.35,1.73,0.297
1,0.2633,Player_036,2022-09-20,2022,R,L,1,Sunny,81.0,185.0,77.0,3.59,1.58,0.228
0,0.2391,Player_035,2024-06-28,2024,R,R,9,Overcast,66.0,231.0,74.0,3.56,1.63,0.265
1,0.3075,Player_036,2022-09-01,2022,L,R,1,Cloudy,80.0,180.0,72.0,3.44,1.65,0.223
0,0.3854,Player_003,2023-04-15,2023,L,L,8,Cloudy,57.0,238.0,74.0,3.54,1.78,0.243
0,0.2234,Player_017,2024-06-13,2024,L,R,1,Drizzle,86.0,205.0,71.0,3.6,1.5,0.284
0,0.194,Player_021,2022-09-06,2022,R,L,5,Sunny,70.0,193.0,71.0,3.56,1.57,0.311
0,0.2361,Player_033,2023-05-19,2023,R,R,8,Sunny,87.0,192.0,75.0,3.4,1.53,0.25
0,0.2212,Player_014,2024-08-15,2024,R,L,3,Drizzle,65.0,219.0,76.0,3.68,1.8,0.303
0,0.2989,Player_028,2023-05-28,2023,L,R,1,Sunny,94.0,229.0,73.0,3.31,1.54,0.272
0,0.3671,Player_031,2023-07-16,2023,L,R,1,Overcast,75.0,205.0,76.0,3.52,1.75,0.296
0,0.2823,Player_020,2024-07-26,2024,R,L,4,Sunny,92.0,203.0,73.0,3.39,1.66,0.301
1,0.2843,Player_009,2024-09-05,2024,R,R,4,Sunny,66.0,232.0,72.0,3.58,1.73,0.284
1,0.2694,Player_003,2024-05-31,2024,R,L,2,Sunny,75.0,204.0,74.0,3.52,1.59,0.262
0,0.3237,Player_017,2023-08-20,2023,R,R,5,Overcast,83.0,196.0,73.0,3.38,1.64,0.278
0,0.1323,Player_006,2023-06-18,2023,R,L,4,Sunny,83.0,234.0,75.0,3.5,1.79,0.289
0,0.325,Player_025,2023-06-10,2023,R,L,6,Sunny,65.0,227.0,77.0,3.51,1.53,0.306
1,0.2222,Player_009,2023-04-15,2023,S,R,3,Sunny,71.0,212.0,72.0,3.47,1.69,0.275
0,0.219,Player_035,2023-04-14,2023,R,L,3,Sunny,64.0,175.0,73.0,3.32,1.79,0.307
0,0.3238,Player_035,2024-08-16,2024,L,R,8,Sunny,81.0,200.0,72.0,3.38,1.54,0.259
0,0.2647,Player_033,2023-04-19,2023,L,L,8,Drizzle,71.0,238.0,74.0,3.69,1.75,0.296
0,0.3341,Player_026,2024-04-20,2024,L,R,7,Cloudy,,238.0,74.0,3.38,1.58,0.281
1,0.3099,Player_004,2024-05-03,2024,L,R,4,Sunny,66.0,218.0,73.0,3.48,1.56,0.228
0,0.2797,Player_039,2023-05-31,2023,L,R,8,Sunny,69.0,205.0,70.0,3.42,1.55,0.27
0,0.357,Player_002,2022-04-30,2022,S,L,4,Sunny,77.0,230.0,77.0,3.6,1.72,0.296
0,0.3196,Player_022,2024-07-15,2024,L,L,7,Sunny,,212.0,75.0,3.53,1.51,0.287
0,0.3011,Player_032,2022-08-26,2022,S,R,7,Sunny,94.0,178.0,75.0,3.59,1.63,0.276
0,0.3285,Player_003,2024-07-04,2024,R,R,3,Drizzle,82.0,199.0,76.0,3.55,1.71,0.299
0,0.2306,Player_019,2022-07-29,2022,R,R,6,Sunny,91.0,196.0,70.0,3.5,1.54,0.31
1,0.4022,Player_019,2022-09-08,2022,R,L,2,Sunny,55.0,218.0,77.0,3.68,1.57,0.234
1,0.1939,Player_007,2022-09-09,2022,L,L,4,Cloudy,89.0,189.0,70.0,3.58,1.55,0.246
0,0.2879,Player_004,2022-07-28,2022,R,R,5,Sunny,75.0,225.0,76.0,3.58,1.51,0.319
1,0.28,Player_036,2024-04-12,2024,L,R,6,Overcast,69.0,190.0,77.0,3.58,1.64,0.244
0,0.2573,Player_036,2022-08-21,2022,R,R,4,Cloudy,,215.0,74.0,3.49,1.65,0.303
0,0.2382,Player_003,2022-08-15,2022,L,L,7,Sunny,68.0,194.0,75.0,3.56,1.78,0.273
0,0.216,Player_011,2024-05-24,2024,L,L,6,Overcast,87.0,191.0,76.0,3.54,1.72,0.258
0,0.3632,Player_015,2024-04-29,2024,R,R,8,Sunny,73.0,220.0,74.0,3.66,1.79,0.293
0,0.1957,Player_007,2023-04-24,2023,R,R,1,Sunny,59.0,236.0,73.0,3.69,1.73,0.295
0,0.3188,Player_002,2024-05-19,2024,R,L,5,Cloudy,91.0,226.0,76.0,3.49,1.79,0.247
1,0.3254,Player_020,2022-08-12,2022,R,R,7,Cloudy,79.0,208.0,76.0,3.54,1.57,0.221
0,0.2733,Player_017,2024-09-17,2024,L,R,4,Sunny,70.0,234.0,70.0,3.42,1.55,0.298
1,0.3173,Player_032,2024-04-27,2024,R,R,3,Sunny,83.0,228.0,70.0,3.64,1.62,0.289
0,0.2889,Player_011,2024-06-13,2024,L,R,6,Overcast,,234.0,75.0,3.58,1.65,0.232
0,0.2229,Player_020,2023-08-29,2023,L,R,5,Cloudy,78.0,175.0,75.0,3.67,1.75,0.224
0,0.2237,Player_012,2024-04-15,2024,L,R,4,Cloudy,55.0,227.0,76.0,3.54,1.66,
0,0.3459,Player_001,2023-09-17,2023,L,R,9,Cloudy,65.0,208.0,70.0,3.58,1.79,0.28
0,0.3422,Player_029,2024-04-03,2024,L,R,4,Cloudy,68.0,220.0,71.0,3.34,1.59,0.296
1,0.2669,Player_029,2024-05-20,2024,R,L,2,Cloudy,86.0,235.0,70.0,3.54,1.67,0.307
1,0.2726,Player_026,2022-04-06,2022,L,R,1,Sunny,85.0,208.0,72.0,3.45,1.7,
0,0.2867,Player_001,2024-08-14,2024,L,R,2,Sunny,86.0,219.0,74.0,3.5,1.55,0.284
0,0.2572,Player_027,2024-06-15,2024,R,R,5,Cloudy,74.0,238.0,72.0,3.43,1.74,0.272
0,0.1777,Player_024,2024-06-17,2024,L,R,2,Cloudy,69.0,182.0,70.0,3.41,1.69,0.277
0,0.2843,Player_017,2023-07-08,2023,R,R,1,Cloudy,76.0,223.0,74.0,3.63,1.56,0.317
0,0.3166,Player_024,2024-05-23,2024,R,R,4,Cloudy,65.0,221.0,72.0,3.52,1.62,0.225
0,0.3047,Player_004,2023-08-15,2023,L,R,3,Cloudy,76.0,187.0,72.0,3.4,1.69,0.274
1,0.4038,Player_008,2024-06-16,2024,R,R,5,Sunny,81.0,175.0,76.0,3.61,1.72,0.245
0,0.2297,Player_005,2022-08-22,2022,L,R,1,Overcast,93.0,216.0,72.0,3.33,1.63,0.293
0,0.2537,Player_017,2023-07-26,2023,L,R,9,Drizzle,69.0,198.0,74.0,3.42,1.72,0.295
0,0.2593,Player_035,2022-07-31,2022,R,L,9,Overcast,59.0,195.0,70.0,3.43,1.58,0.247
1,0.2971,Player_000,2024-09-24,2024,R,R,8,Overcast,68.0,190.0,75.0,3.37,1.59,
0,0.1469,Player_017,2023-07-01,2023,R,R,2,Drizzle,88.0,210.0,74.0,3.64,1.5,0.284
0,0.3122,Player_011,2024-05-24,2024,L,L,7,Sunny,73.0,191.0,76.0,3.57,1.65,0.315
0,0.2974,Player_037,2024-08-09,2024,R,R,1,Cloudy,71.0,179.0,72.0,3.57,1.56,0.302
1,0.1516,Player_024,2023-08-06,2023,L,R,7,Cloudy,73.0,177.0,73.0,3.54,1.68,0.297
0,0.2618,Player_008,2024-06-26,2024,L,L,8,Sunny,65.0,191.0,73.0,3.45,1.79,0.234
0,0.2134,Player_011,2024-05-30,2024,L,L,3,Overcast,88.0,215.0,77.0,3.56,1.8,0.319
0,0.2183,Player_023,2023-09-15,2023,S,L,5,Sunny,81.0,209.0,70.0,3.59,1.61,0.3
1,0.2063,Player_001,2023-05-16,2023,L,R,9,Sunny,93.0,223.0,71.0,3.52,1.72,0.304
0,0.3091,Player_002,2022-04-15,2022,R,R,2,Sunny,58.0,213.0,77.0,3.49,1.79,0.295
0,0.4033,Player_026,2022-07-23,2022,R,R,5,Sunny,83.0,193.0,70.0,3.39,1.66,0.305
1,0.2686,Player_032,2023-04-15,2023,R,L,3,Sunny,58.0,234.0,72.0,3.33,1.6,0.281
0,0.0988,Player_029,2023-08-16,2023,R,L,2,Sunny,58.0,213.0,72.0,3.32,1.55,0.221
0,0.3,Player_006,2023-08-30,2023,R,R,7,Sunny,88.0,215.0,76.0,3.59,1.55,0.266
0,0.2564,Player_034,2024-08-07,2024,L,L,9,Sunny,68.0,207.0,76.0,3.44,1.76,0.245
1,0.2229,Player_008,2022-05-13,2022,L,R,6,Cloudy,67.0,202.0,76.0,3.58,1.58,0.251
1,0.3048,Player_035,2024-09-16,2024,R,R,5,Cloudy,62.0,239.0,70.0,3.5,1.58,0.248
0,0.3616,Player_011,2024-04-15,2024,L,R,5,Sunny,59.0,200.0,71.0,3.48,1.72,0.283
0,0.2532,Player_019,2024-04-19,2024,L,R,2,Drizzle,81.0,227.0,73.0,3.55,1.75,0.299
1,0.1849,Player_038,2023-05-25,2023,L,R,2,Sunny,75.0,180.0,75.0,3.37,1.56,0.307
1,0.1592,Player_016,2022-07-07,2022,L,R,7,Cloudy,78.0,236.0,74.0,3.69,1.71,0.307
0,0.2534,Player_026,2024-08-05,2024,L,R,6,Overcast,61.0,224.0,74.0,3.43,1.63,0.222
0,0.2591,Player_023,2024-05-22,2024,L,L,3,Overcast,94.0,228.0,76.0,3.61,1.58,0.295
1,0.2139,Player_002,2024-09-11,2024,R,L,1,Cloudy,55.0,195.0,71.0,3.4,1.66,0.313
0,0.2522,Player_031,2022-08-26,2022,L,R,2,Sunny,72.0,217.0,76.0,3.49,1.73,0.297
0,0.3198,Player_014,2023-05-12,2023,S,R,5,Overcast,75.0,224.0,75.0,3.5,1.53,0.232
0,0.3124,Player_019,2023-04-12,2023,S,R,3,Cloudy,59.0,179.0,71.0,3.42,1.52,0.316
1,0.284,Player_012,2023-08-05,2023,L,L,7,Overcast,78.0,217.0,73.0,3.44,1.77,0.27
0,0.3072,Player_039,2024-05-01,2024,R,L,6,Sunny,78.0,230.0,72.0,3.47,1.79,0.277
0,0.2341,Player_022,2022-05-21,2022,R,R,2,Drizzle,76.0,230.0,72.0,3.63,1.66,0.248
0,0.2034,Player_025,2022-08-17,2022,R,R,3,Drizzle,69.0,224.0,75.0,3.5,1.54,0.305
0,0.2634,Player_020,2022-05-05,2022,L,R,1,Cloudy,92.0,233.0,72.0,3.34,1.52,0.308
0,0.2586,Player_012,2022-06-03,2022,L,R,1,Drizzle,62.0,193.0,76.0,3.39,1.55,0.302
0,0.1264,Player_023,2022-09-14,2022,L,L,7,Sunny,84.0,219.0,70.0,3.69,1.58,0.241
0,0.2418,Player_031,2022-08-01,2022,R,R,4,Sunny,69.0,192.0,71.0,3.34,1.71,0.233
1,0.3573,Player_003,2023-07-21,2023,S,R,8,Cloudy,70.0,231.0,77.0,3.56,1.53,
0,0.3361,Player_006,2024-09-26,2024,R,R,3,Cloudy,64.0,209.0,75.0,3.38,1.54,0.307
1,0.3168,Player_006,2024-08-16,2024,R,R,3,Sunny,81.0,228.0,73.0,3.47,1.71,0.306
0,0.2892,Player_037,2023-06-22,2023,S,R,5,Sunny,62.0,193.0,71.0,3.44,1.58,0.298
0,0.3514,Player_023,2022-07-29,2022,R,L,3,Cloudy,69.0,194.0,72.0,3.69,1.56,0.231
0,0.2258,Player_013,2024-07-04,2024,L,R,5,Sunny,74.0,238.0,71.0,3.52,1.67,0.271
0,0.2125,Player_007,2023-06-05,2023,R,R,2,Overcast,55.0,233.0,77.0,3.4,1.52,0.232
0,0.3787,Player_027,2022-09-23,2022,L,R,1,Drizzle,87.0,187.0,72.0,3.54,1.69,0.262
0,0.3019,Player_020,2023-07-16,2023,L,R,8,Sunny,68.0,200.0,77.0,3.33,1.51,0.236
1,0.233,Player_025,2024-08-12,2024,R,R,3,Overcast,90.0,184.0,76.0,3.67,1.57,0.268
0,0.2886,Player_028,2023-06-13,2023,R,L,1,Sunny,80.0,216.0,72.0,3.44,1.64,0.287
1,0.2693,Player_003,2024-05-05,2024,L,R,3,Cloudy,65.0,177.0,75.0,3.65,1.69,0.304
0,0.2214,Player_027,2022-04-23,2022,R,R,4,Drizzle,81.0,176.0,73.0,3.62,1.56,0.228
0,0.2094,Player_028,2022-08-23,2022,L,L,5,Sunny,72.0,210.0,73.0,3.37,1.76,0.309
0,0.3225,Player_011,2022-07-03,2022,L,R,7,Sunny,74.0,233.0,76.0,3.68,1.78,0.239
0,0.3144,Player_012,2024-07-01,2024,L,R,8,Drizzle,88.0,223.0,75.0,3.7,1.64,0.314
0,0.3862,Player_023,2023-04-22,2023,R,R,3,Sunny,80.0,220.0,71.0,3.62,1.58,0.268
0,0.2597,Player_015,2023-08-20,2023,R,R,2,Sunny,94.0,213.0,73.0,3.48,1.53,0.226
0,0.2785,Player_037,2024-05-17,2024,L,R,2,Sunny,,186.0,77.0,3.57,1.78,0.299
1,0.4008,Player_003,2023-07-17,2023,L,R,2,Sunny,88.0,188.0,71.0,3.33,1.54,0.225
0,0.369,Player_006,2022-06-03,2022,L,R,1,Sunny,73.0,215.0,75.0,3.67,1.59,0.283
1,0.3101,Player_032,2024-05-10,2024,L,R,1,Overcast,74.0,235.0,76.0,3.39,1.6,0.3
0,0.1407,Player_027,2022-04-30,2022,R,L,4,Cloudy,90.0,178.0,74.0,3.59,1.58,0.266
0,0.2232,Player_034,2023-08-25,2023,R,R,6,Sunny,89.0,199.0,70.0,3.62,1.5,0.288
0,0.2062,Player_000,2024-04-17,2024,R,R,8,Cloudy,69.0,187.0,76.0,3.69,1.56,0.277
0,0.3026,Player_005,2023-04-01,2023,L,R,3,Sunny,83.0,184.0,77.0,3.63,1.72,0.227
1,0.2444,Player_033,2023-05-26,2023,R,R,3,Sunny,78.0,197.0,75.0,3.63,1.56,
1,0.3822,Player_032,2023-09-07,2023,L,L,7,Drizzle,59.0,187.0,76.0,3.58,1.73,0.315
0,0.19,Player_033,2022-08-05,2022,L,R,6,Overcast,59.0,190.0,70.0,3.53,1.62,0.254
0,0.1687,Player_035,2023-08-26,2023,R,L,7,Cloudy,58.0,203.0,75.0,3.32,1.52,0.233
1,0.2671,Player_009,2023-05-07,2023,R,L,2,Cloudy,65.0,223.0,76.0,3.69,1.75,0.246
0,0.3165,Player_003,2022-09-22,2022,R,R,1,Overcast,92.0,210.0,74.0,3.48,1.69,0.284
0,0.0689,Player_011,2022-04-22,2022,R,L,5,Cloudy,67.0,210.0,74.0,3.62,1.68,0.318
0,0.1585,Player_039,2023-04-07,2023,R,R,4,Sunny,91.0,214.0,76.0,3.45,1.55,0.301
0,0.2615,Player_020,2023-06-25,2023,R,R,3,Sunny,72.0,189.0,75.0,3.48,1.69,0.298
0,0.3949,Player_000,2023-06-18,2023,L,R,9,Sunny,73.0,179.0,70.0,3.48,1.74,0.256
0,0.4321,Player_029,2024-05-22,2024,L,R,2,Drizzle,65.0,176.0,71.0,3.7,1.8,0.281
1,0.271,Player_033,2022-05-01,2022,L,R,3,Cloudy,81.0,231.0,74.0,3.38,1.7,0.26
0,0.2881,Player_004,2022-05-28,2022,L,R,7,Sunny,78.0,231.0,74.0,3.5,1.63,0.226
1,0.2414,Player_022,2024-06-06,2024,L,R,5,Sunny,67.0,196.0,72.0,3.36,1.75,0.269
0,0.3443,Player_029,2022-07-18,2022,L,R,3,Drizzle,86.0,225.0,71.0,3.5,1.52,0.275
0,0.387,Player_038,2024-06-03,2024,R,R,5,Sunny,83.0,191.0,75.0,3.52,1.63,0.305
0,0.3679,Player_024,2024-05-13,2024,R,R,4,Overcast,83.0,194.0,72.0,3.35,1.72,0.296
0,0.278,Player_013,2023-07-17,2023,R,R,3,Overcast,72.0,219.0,75.0,3.58,1.61,0.265
1,0.2113,Player_036,2022-07-14,2022,L,L,7,Drizzle,80.0,235.0,75.0,3.63,1.52,0.27
0,0.2506,Player_014,2023-06-18,2023,R,L,8,Sunny,68.0,214.0,71.0,3.63,1.53,0.299
1,0.3967,Player_025,2024-04-19,2024,L,R,1,Overcast,94.0,237.0,76.0,3.59,1.55,0.249
0,0.272,Player_033,2022-09-21,2022,L,R,1,Sunny,72.0,239.0,71.0,3.36,1.75,0.256
0,0.1729,Player_021,2024-07-02,2024,L,R,9,Drizzle,65.0,176.0,73.0,3.55,1.72,0.31
0,0.2748,Player_028,2024-05-19,2024,L,R,3,Sunny,73.0,201.0,74.0,3.58,1.73,0.296
0,0.2805,Player_033,2024-08-08,2024,L,R,1,Cloudy,92.0,205.0,77.0,3.6,1.77,0.314
0,0.1525,Player_024,2022-06-15,2022,R,R,6,Cloudy,92.0,186.0,77.0,3.58,1.59,0.308
0,0.2962,Player_016,2024-04-29,2024,R,R,3,Overcast,69.0,188.0,75.0,3.55,1.72,0.296
0,0.3154,Player_025,2024-08-04,2024,R,R,9,Sunny,90.0,238.0,75.0,3.59,1.61,0.246
0,0.4002,Player_016,2022-04-17,2022,L,L,9,Sunny,67.0,186.0,74.0,3.64,1.74,0.272
0,0.1567,Player_027,2024-05-19,2024,R,L,1,Overcast,62.0,206.0,73.0,3.53,1.71,0.262
0,0.3311,Player_003,2022-07-29,2022,R,R,2,Sunny,63.0,206.0,74.0,3.36,1.8,0.259
0,0.3377,Player_001,2024-08-08,2024,L,L,6,Sunny,66.0,217.0,77.0,3.63,1.73,0.298
0,0.3164,Player_018,2022-09-26,2022,R,R,4,Sunny,66.0,210.0,75.0,3.56,1.5,0.259
1,0.2095,Player_004,2022-08-06,2022,R,R,1,Drizzle,66.0,177.0,76.0,3.57,1.71,0.235
0,0.1955,Player_029,2024-05-11,2024,L,L,5,Cloudy,70.0,204.0,74.0,3.42,1.53,
0,0.2768,Player_007,2022-08-07,2022,L,L,6,Cloudy,55.0,196.0,75.0,3.36,1.66,0.301
0,0.2863,Player_019,2022-08-14,2022,R,R,9,Overcast,70.0,183.0,76.0,3.61,1.55,0.271
0,0.2608,Player_007,2022-07-31,2022,L,R,4,Overcast,76.0,239.0,73.0,3.32,1.65,0.221
1,0.3904,Player_036,2024-08-12,2024,L,R,8,Sunny,71.0,210.0,75.0,3.46,1.74,0.282
0,0.2419,Player_033,2022-08-26,2022,L,L,4,Sunny,74.0,237.0,73.0,3.5,1.59,0.237
0,0.1474,Player_000,2023-07-12,2023,S,R,7,Cloudy,64.0,234.0,74.0,3.31,1.55,0.231
0,0.2843,Player_015,2023-09-27,2023,L,R,9,Cloudy,59.0,238.0,72.0,3.54,1.59,0.25
0,0.3336,Player_037,2023-07-25,2023,L,R,8,Sunny,91.0,190.0,76.0,3.35,1.55,0.297
0,0.3239,Player_019,2023-04-10,2023,L,R,7,Overcast,94.0,228.0,76.0,3.4,1.56,0.225
0,0.2734,Player_033,2022-05-02,2022,R,L,8,Sunny,71.0,177.0,77.0,3.7,1.71,0.241
0,0.3846,Player_003,2024-06-28,2024,R,R,2,Sunny,85.0,207.0,72.0,3.52,1.71,0.24
1,0.202,Player_017,2024-06-17,2024,R,R,8,Cloudy,60.0,231.0,77.0,3.69,1.66,0.302
0,0.2703,Player_034,2024-08-24,2024,L,R,9,Drizzle,62.0,212.0,75.0,3.5,1.58,0.245
0,0.4082,Player_007,2024-07-30,2024,L,R,9,Sunny,75.0,188.0,72.0,3.62,1.66,0.278
1,0.1123,Player_000,2024-03-31,2024,R,L,3,Sunny,83.0,179.0,76.0,3.32,1.78,0.233
1,0.2662,Player_029,2024-06-21,2024,L,L,4,Cloudy,83.0,204.0,74.0,3.42,1.62,0.299
0,0.336,Player_003,2023-07-08,2023,R,L,7,Drizzle,68.0,226.0,74.0,3.41,1.63,0.246
1,0.365,Player_012,2024-09-23,2024,R,R,1,Sunny,90.0,234.0,76.0,3.33,1.65,0.266
0,0.2962,Player_032,2022-07-28,2022,R,L,7,Sunny,80.0,223.0,71.0,3.68,1.55,0.253
1,0.328,Player_035,2022-05-03,2022,S,R,3,Drizzle,67.0,203.0,73.0,3.5,1.57,0.286
0,0.1771,Player_005,2023-05-05,2023,R,L,8,Cloudy,73.0,221.0,70.0,3.54,1.71,0.246
0,0.3961,Player_019,2023-05-27,2023,L,R,6,Sunny,66.0,225.0,73.0,3.51,1.55,0.22
0,0.196,Player_031,2023-06-12,2023,R,R,4,Sunny,60.0,199.0,75.0,3.4,1.68,0.273
0,0.2202,Player_015,2023-04-20,2023,L,R,1,Cloudy,55.0,192.0,77.0,3.67,1.62,0.317
0,0.2772,Player_014,2023-08-21,2023,R,L,7,Sunny,73.0,192.0,71.0,3.57,1.59,0.303
0,0.2655,Player_021,2024-04-12,2024,L,R,5,Sunny,55.0,223.0,77.0,3.35,1.66,0.319
0,0.2845,Player_031,2023-04-13,2023,L,L,6,Sunny,93.0,227.0,70.0,3.48,1.57,0.264
0,0.3102,Player_001,2023-04-23,2023,R,R,1,Drizzle,90.0,187.0,70.0,3.3,1.59,0.277
1,0.4245,Player_002,2024-04-24,2024,L,R,4,Cloudy,84.0,238.0,72.0,3.57,1.66,0.3
0,0.3304,Player_004,2023-07-11,2023,L,R,7,Cloudy,85.0,176.0,72.0,3.51,1.7,0.254
0,0.2067,Player_013,2024-08-25,2024,R,L,9,Sunny,80.0,202.0,74.0,3.66,1.75,0.231
0,0.3474,Player_011,2023-09-17,2023,L,R,4,Sunny,84.0,206.0,71.0,3.68,1.75,0.237
0,0.2218,Player_019,2022-08-24,2022,R,R,3,Drizzle,88.0,178.0,74.0,3.34,1.65,0.316
0,0.3639,Player_012,2024-08-01,2024,L,R,7,Cloudy,75.0,222.0,77.0,3.34,1.52,0.299
0,0.3045,Player_025,2022-07-16,2022,L,R,3,Sunny,88.0,233.0,71.0,3.66,1.56,0.249
0,0.328,Player_012,2024-05-25,2024,L,R,8,Cloudy,64.0,190.0,73.0,3.5,1.5,0.298
0,0.1254,Player_033,2023-06-14,2023,R,L,6,Sunny,90.0,219.0,74.0,3.49,1.56,0.29
0,0.1224,Player_012,2023-09-05,2023,S,R,9,Sunny,83.0,236.0,73.0,3.53,1.51,0.267
1,0.1949,Player_009,2024-04-19,2024,L,R,2,Sunny,59.0,218.0,73.0,3.49,1.71,0.222
0,0.4022,Player_034,2023-08-27,2023,S,R,1,Overcast,62.0,204.0,70.0,3.55,1.66,0.293
0,0.1696,Player_026,2022-08-25,2022,R,L,8,Cloudy,60.0,236.0,73.0,3.68,1.51,0.249
1,0.3313,Player_001,2024-04-10,2024,R,R,3,Sunny,64.0,201.0,77.0,3.54,1.69,0.247
0,0.2351,Player_006,2022-05-14,2022,R,R,4,Sunny,86.0,218.0,76.0,3.43,1.74,0.273
0,0.2332,Player_001,2022-05-26,2022,R,L,3,Overcast,88.0,225.0,76.0,3.39,1.51,0.247
1,0.2769,Player_031,2023-09-12,2023,R,R,4,Sunny,94.0,215.0,70.0,3.69,1.54,0.292
0,0.3951,Player_025,2023-06-18,2023,R,R,9,Sunny,60.0,195.0,71.0,3.53,1.64,0.249
1,0.3209,Player_037,2023-08-18,2023,R,R,7,Overcast,77.0,221.0,74.0,3.53,1.51,0.301
0,0.327,Player_013,2023-07-18,2023,L,R,1,Overcast,87.0,195.0,72.0,3.31,1.51,0.264
0,0.3908,Player_001,2023-04-15,2023,L,R,8,Sunny,93.0,206.0,71.0,3.67,1.67,0.272
0,0.2357,Player_018,2023-07-30,2023,R,R,4,Sunny,58.0,210.0,71.0,3.49,1.67,0.224
0,0.3748,Player_003,2024-07-23,2024,L,R,7,Cloudy,81.0,193.0,71.0,3.7,1.74,0.222
1,0.3631,Player_005,2022-09-04,2022,L,R,4,Sunny,58.0,224.0,70.0,3.37,1.52,0.241
0,0.3623,Player_031,2024-09-12,2024,L,R,1,Cloudy,,191.0,74.0,3.43,1.77,0.255
1,0.2591,Player_015,2023-07-15,2023,L,L,4,Cloudy,88.0,185.0,73.0,3.38,1.51,0.238
0,0.2194,Player_035,2023-09-06,2023,R,L,4,Cloudy,92.0,222.0,75.0,3.45,1.59,0.27
1,0.2191,Player_020,2024-04-25,2024,R,R,1,Sunny,62.0,232.0,71.0,3.69,1.51,0.28
1,0.2435,Player_025,2023-07-20,2023,L,R,7,Overcast,,190.0,74.0,3.47,1.57,
0,0.2358,Player_033,2023-07-13,2023,L,R,8,Drizzle,91.0,208.0,71.0,3.63,1.74,0.271
1,0.2957,Player_018,2024-04-30,2024,L,L,9,Cloudy,76.0,235.0,77.0,3.6,1.54,0.257
1,0.284,Player_012,2024-07-05,2024,L,R,3,Sunny,61.0,199.0,71.0,3.42,1.56,0.312
0,0.3102,Player_030,2023-08-01,2023,R,R,6,Drizzle,84.0,201.0,76.0,3.53,1.68,0.264
0,0.3142,Player_033,2024-06-13,2024,R,R,5,Sunny,76.0,220.0,75.0,3.64,1.51,0.248
0,0.1758,Player_011,2023-07-29,2023,R,L,6,Sunny,69.0,216.0,71.0,3.54,1.68,0.228
0,0.2037,Player_032,2024-08-12,2024,R,R,8,Sunny,89.0,183.0,70.0,3.41,1.77,0.238
0,0.264,Player_039,2022-07-15,2022,S,R,4,Sunny,79.0,177.0,75.0,3.65,1.52,0.289
0,0.2257,Player_007,2022-06-11,2022,R,R,3,Sunny,65.0,198.0,70.0,3.52,1.5,0.24
0,0.1884,Player_033,2023-05-18,2023,R,L,5,Overcast,71.0,204.0,74.0,3.69,1.62,0.256
0,0.3687,Player_003,2022-07-28,2022,R,L,6,Sunny,67.0,214.0,75.0,3.56,1.75,0.223
0,0.1927,Player_035,2024-09-09,2024,L,R,4,Sunny,76.0,200.0,75.0,3.48,1.78,0.258
0,0.4216,Player_035,2022-06-23,2022,R,R,3,Overcast,65.0,183.0,77.0,3.47,1.74,0.285
1,0.3202,Player_034,2022-06-30,2022,L,R,1,Sunny,80.0,224.0,73.0,3.65,1.69,0.242
1,0.339,Player_013,2024-09-11,2024,L,L,6,Cloudy,72.0,203.0,74.0,3.69,1.63,0.22
1,0.3408,Player_037,2023-05-24,2023,S,R,1,Drizzle,,178.0,77.0,3.46,1.74,0.303
0,0.3232,Player_022,2024-08-23,2024,R,R,5,Sunny,55.0,213.0,76.0,3.37,1.73,0.292
0,0.3863,Player_002,2022-05-16,2022,L,L,6,Sunny,,201.0,73.0,3.32,1.56,0.319
1,0.2242,Player_033,2022-05-17,2022,L,R,5,Sunny,61.0,209.0,73.0,3.43,1.71,0.234
0,0.2891,Player_036,2022-05-21,2022,L,R,5,Cloudy,58.0,230.0,76.0,3.44,1.74,0.288
0,0.2203,Player_012,2023-04-10,2023,R,R,3,Sunny,81.0,187.0,74.0,3.47,1.77,0.246
0,0.1813,Player_009,2022-06-22,2022,L,R,3,Drizzle,78.0,218.0,73.0,3.36,1.72,0.27
0,0.2337,Player_022,2024-06-02,2024,R,R,8,Cloudy,55.0,182.0,76.0,3.5,1.72,0.295
0,0.4111,Player_014,2022-05-12,2022,R,R,9,Cloudy,71.0,225.0,76.0,3.68,1.77,0.237
0,0.2379,Player_025,2024-08-14,2024,R,L,2,Drizzle,66.0,198.0,73.0,3.39,1.56,0.267
1,0.4188,Player_014,2023-07-03,2023,R,R,2,Sunny,75.0,224.0,73.0,3.57,1.67,0.247
0,0.416,Player_008,2024-05-05,2024,L,L,4,Overcast,,177.0,75.0,3.32,1.77,0.235
0,0.5097,Player_009,2022-05-05,2022,L,R,7,Cloudy,75.0,218.0,70.0,3.56,1.69,0.292
0,0.4134,Player_026,2022-08-24,2022,R,R,1,Cloudy,70.0,191.0,76.0,3.68,1.78,0.246
0,0.4651,Player_017,2023-05-19,2023,L,R,8,Cloudy,56.0,200.0,73.0,3.41,1.52,0.273
1,0.3228,Player_000,2023-06-11,2023,L,R,1,Sunny,86.0,190.0,76.0,3.63,1.56,0.289
0,0.316,Player_020,2023-04-22,2023,L,R,8,Overcast,86.0,200.0,74.0,3.33,1.57,0.264
0,0.2906,Player_031,2023-08-23,2023,L,L,1,Cloudy,89.0,226.0,73.0,3.44,1.52,0.233
0,0.3,Player_005,2022-06-04,2022,L,R,8,Overcast,83.0,178.0,70.0,3.3,1.69,0.221
1,0.2605,Player_009,2024-08-04,2024,R,L,9,Overcast,68.0,214.0,70.0,3.44,1.62,0.258
1,0.3327,Player_014,2022-06-13,2022,R,R,8,Cloudy,82.0,187.0,75.0,3.42,1.57,0.319
0,0.2474,Player_037,2022-08-23,2022,R,R,9,Drizzle,91.0,200.0,71.0,3.58,1.72,0.317
0,0.1536,Player_013,2023-06-12,2023,R,L,5,Sunny,56.0,211.0,76.0,3.42,1.7,0.265
1,0.3255,Player_033,2023-09-09,2023,L,R,6,Sunny,75.0,181.0,73.0,3.63,1.51,0.262
0,0.2315,Player_026,2023-08-09,2023,R,R,6,Sunny,81.0,233.0,76.0,3.42,1.63,0.285
0,0.2388,Player_039,2023-06-26,2023,R,R,1,Sunny,94.0,219.0,73.0,3.39,1.72,0.303
0,0.29,Player_023,2023-06-27,2023,L,R,8,Cloudy,75.0,214.0,73.0,3.5,1.53,0.278
0,0.2239,Player_012,2024-07-20,2024,R,L,7,Sunny,90.0,235.0,71.0,3.56,1.74,0.292
0,0.3777,Player_028,2022-08-03,2022,L,R,4,Cloudy,85.0,200.0,73.0,3.66,1.68,0.222
0,0.2583,Player_003,2022-08-06,2022,L,L,2,Drizzle,86.0,184.0,76.0,3.63,1.72,0.308
0,0.3812,Player_031,2024-04-05,2024,L,R,7,Overcast,58.0,229.0,76.0,3.51,1.58,0.274
0,0.2844,Player_009,2022-05-18,2022,L,L,9,Sunny,75.0,216.0,73.0,3.69,1.72,0.269
0,0.2938,Player_026,2023-06-18,2023,L,R,2,Drizzle,84.0,204.0,77.0,3.42,1.55,0.242
0,0.2911,Player_023,2023-07-06,2023,R,R,9,Overcast,59.0,180.0,70.0,3.7,1.76,0.234
1,0.1596,Player_009,2024-04-16,2024,R,L,6,Overcast,93.0,191.0,70.0,3.45,1.56,0.257
0,0.3237,Player_019,2022-05-06,2022,L,R,8,Sunny,82.0,212.0,70.0,3.4,1.58,0.312
0,0.3394,Player_020,2024-06-22,2024,R,R,2,Cloudy,89.0,180.0,70.0,3.45,1.7,0.276
0,0.3394,Player_030,2023-06-20,2023,L,L,1,Sunny,80.0,210.0,70.0,3.53,1.6,0.261
0,0.1853,Player_018,2024-07-19,2024,R,R,6,Sunny,,228.0,70.0,3.49,1.59,0.234
0,0.1937,Player_002,2022-04-13,2022,L,R,3,Sunny,91.0,204.0,76.0,3.32,1.52,0.226
0,0.2624,Player_002,2024-08-21,2024,L,R,4,Cloudy,58.0,215.0,73.0,3.44,1.75,0.281
0,0.3769,Player_026,2023-05-25,2023,R,R,6,Sunny,92.0,189.0,76.0,3.5,1.64,0.316
1,0.2955,Player_035,2024-07-08,2024,R,R,3,Sunny,76.0,212.0,76.0,3.57,1.62,0.265
1,0.2258,Player_017,2023-09-18,2023,R,R,4,Cloudy,74.0,186.0,75.0,3.68,1.57,0.244
1,0.1483,Player_003,2024-06-07,2024,R,L,4,Sunny,,221.0,70.0,3.68,1.67,0.258
0,0.2021,Player_006,2024-05-26,2024,R,L,4,Sunny,71.0,209.0,70.0,3.51,1.67,0.271
0,0.2174,Player_039,2023-05-18,2023,L,L,7,Overcast,76.0,214.0,75.0,3.53,1.5,0.295
1,0.3655,Player_028,2022-07-27,2022,L,R,2,Drizzle,76.0,195.0,77.0,3.58,1.53,0.265
1,0.3709,Player_001,2022-09-20,2022,L,R,9,Overcast,83.0,197.0,71.0,3.63,1.68,0.313
1,0.2265,Player_010,2024-07-09,2024,L,R,7,Cloudy,82.0,217.0,75.0,3.6,1.59,0.284
1,0.3227,Player_029,2024-05-05,2024,L,L,1,Sunny,84.0,215.0,70.0,3.59,1.8,0.232
1,0.3256,Player_025,2022-09-18,2022,R,R,6,Sunny,78.0,219.0,71.0,3.48,1.57,0.231
0,0.2174,Player_011,2022-04-08,2022,L,R,2,Sunny,94.0,184.0,74.0,3.65,1.55,0.275
0,0.2741,Player_027,2022-06-13,2022,R,R,2,Drizzle,90.0,187.0,75.0,3.57,1.51,0.3
0,0.2739,Player_036,2022-04-23,2022,R,L,7,Sunny,93.0,194.0,74.0,3.36,1.71,0.273
0,0.2914,Player_036,2022-04-06,2022,R,R,3,Sunny,83.0,200.0,73.0,3.54,1.59,0.3
0,0.1303,Player_032,2024-09-26,2024,R,L,6,Overcast,64.0,209.0,72.0,3.42,1.58,0.228
0,0.2792,Player_014,2022-04-16,2022,L,L,3,Cloudy,93.0,208.0,76.0,3.38,1.53,0.253
0,0.3445,Player_001,2024-09-10,2024,L,R,3,Sunny,91.0,179.0,72.0,3.56,1.52,0.225
0,0.3906,Player_015,2024-07-07,2024,R,R,7,Overcast,66.0,177.0,75.0,3.56,1.57,0.256
1,0.2332,Player_000,2022-05-28,2022,R,R,6,Cloudy,,228.0,72.0,3.68,1.62,0.277
0,0.2618,Player_022,2023-09-03,2023,L,R,1,Drizzle,75.0,212.0,74.0,3.69,1.7,0.313
0,0.2854,Player_024,2023-04-01,2023,L,R,8,Sunny,83.0,177.0,77.0,3.46,1.53,0.266
0,0.2704,Player_013,2022-08-03,2022,R,L,6,Sunny,68.0,230.0,73.0,3.37,1.61,0.258
0,0.2868,Player_005,2024-08-16,2024,R,R,3,Sunny,65.0,199.0,76.0,3.36,1.8,0.288
0,0.3423,Player_020,2023-06-05,2023,L,R,2,Sunny,71.0,218.0,70.0,3.69,1.7,0.292
0,0.1912,Player_000,2022-05-25,2022,L,L,5,Sunny,62.0,204.0,74.0,3.46,1.8,0.237
0,0.3078,Player_011,2024-04-01,2024,R,R,7,Sunny,60.0,187.0,74.0,3.44,1.52,0.29
0,0.248,Player_038,2023-04-04,2023,L,R,1,Sunny,72.0,219.0,77.0,3.55,1.62,0.274
0,0.24,Player_036,2022-04-08,2022,R,L,3,Sunny,92.0,198.0,72.0,3.32,1.57,0.271
0,0.4196,Player_025,2024-06-21,2024,L,R,9,Sunny,56.0,185.0,74.0,3.56,1.78,0.318
1,0.1821,Player_014,2022-07-05,2022,R,R,1,Sunny,68.0,189.0,74.0,3.65,1.77,0.297
1,0.2804,Player_000,2022-06-16,2022,L,R,8,Sunny,66.0,228.0,70.0,3.59,1.67,0.301
0,0.2108,Player_026,2022-08-05,2022,L,R,3,Sunny,,208.0,77.0,3.47,1.59,0.302
1,0.2907,Player_019,2023-06-05,2023,R,R,5,Sunny,57.0,202.0,73.0,3.35,1.66,0.285
1,0.3534,Player_028,2023-08-21,2023,R,R,7,Drizzle,62.0,225.0,73.0,3.4,1.76,0.223
1,0.2919,Player_006,2024-07-26,2024,S,R,9,Sunny,75.0,191.0,77.0,3.41,1.67,0.257
0,0.2918,Player_033,2023-09-16,2023,L,R,6,Overcast,72.0,184.0,70.0,3.45,1.73,0.297
0,0.373,Player_032,2023-08-09,2023,R,R,2,Sunny,79.0,181.0,75.0,3.35,1.71,0.238
0,0.2731,Player_017,2022-04-24,2022,R,L,1,Sunny,89.0,181.0,70.0,3.53,1.53,0.316
0,0.3374,Player_001,2023-07-10,2023,R,R,7,Sunny,59.0,235.0,77.0,3.45,1.73,0.221
0,0.3201,Player_018,2024-07-27,2024,L,L,6,Sunny,68.0,233.0,76.0,3.5,1.56,0.276
0,0.0787,Player_014,2024-04-02,2024,R,R,7,Overcast,89.0,201.0,74.0,3.41,1.76,0.228
0,0.2746,Player_030,2024-04-07,2024,R,R,9,Overcast,64.0,205.0,73.0,3.48,1.59,0.296
1,0.2045,Player_009,2023-04-05,2023,R,R,8,Cloudy,58.0,199.0,77.0,3.59,1.67,0.282
0,0.2419,Player_000,2023-05-01,2023,L,R,5,Sunny,64.0,210.0,71.0,3.34,1.59,0.26
1,0.4032,Player_039,2024-09-05,2024,L,R,7,Cloudy,,186.0,76.0,3.5,1.5,0.23
1,0.2738,Player_009,2024-05-13,2024,L,R,6,Cloudy,65.0,217.0,73.0,3.55,1.73,0.265
1,0.4125,Player_003,2024-05-03,2024,R,R,2,Sunny,75.0,207.0,76.0,3.57,1.71,0.255
1,0.1815,Player_034,2023-06-20,2023,S,R,3,Sunny,63.0,234.0,75.0,3.67,1.78,0.239
0,0.2241,Player_028,2022-06-11,2022,L,R,1,Sunny,78.0,195.0,77.0,3.61,1.67,0.238
0,0.3034,Player_010,2022-09-26,2022,R,L,4,Sunny,89.0,224.0,74.0,3.6,1.56,0.305
1,0.2561,Player_019,2022-04-19,2022,R,R,2,Cloudy,67.0,185.0,72.0,3.65,1.55,0.253
0,0.3215,Player_027,2023-08-30,2023,L,R,9,Sunny,76.0,181.0,77.0,3.67,1.62,0.23
0,0.2921,Player_032,2022-05-12,2022,L,R,8,Cloudy,83.0,223.0,75.0,3.64,1.6,0.236
0,0.27,Player_014,2023-05-26,2023,R,R,7,Sunny,57.0,232.0,75.0,3.55,1.62,0.286
0,0.2587,Player_008,2023-06-27,2023,R,R,4,Sunny,68.0,233.0,72.0,3.64,1.57,0.257
0,0.3126,Player_000,2023-09-23,2023,L,R,1,Sunny,80.0,178.0,74.0,3.43,1.8,0.226
0,0.2949,Player_034,2023-05-13,2023,R,L,5,Cloudy,65.0,197.0,76.0,3.68,1.53,0.225
0,0.393,Player_032,2022-06-01,2022,R,R,1,Sunny,71.0,205.0,72.0,3.37,1.72,0.226
0,0.2658,Player_038,2023-07-28,2023,R,R,1,Sunny,,193.0,74.0,3.39,1.67,0.294
0,0.2524,Player_029,2024-07-29,2024,R,R,2,Sunny,92.0,194.0,71.0,3.36,1.67,0.305
0,0.2434,Player_008,2023-06-06,2023,R,R,5,Sunny,59.0,199.0,71.0,3.61,1.68,0.305
0,0.3529,Player_009,2024-04-23,2024,R,L,7,Sunny,80.0,176.0,76.0,3.47,1.77,0.275
0,0.3483,Player_009,2023-08-20,2023,L,R,4,Cloudy,93.0,235.0,73.0,3.6,1.7,0.259
0,0.1471,Player_018,2023-09-10,2023,R,R,7,Sunny,91.0,194.0,71.0,3.5,1.58,0.252
0,0.164,Player_038,2023-07-18,2023,L,R,5,Sunny,77.0,212.0,71.0,3.46,1.58,
1,0.2219,Player_027,2024-09-04,2024,R,R,9,Sunny,70.0,226.0,70.0,3.66,1.75,0.301
0,0.3161,Player_017,2024-05-15,2024,L,R,4,Sunny,60.0,185.0,73.0,3.47,1.64,0.314
1,0.2777,Player_029,2023-09-03,2023,R,R,3,Sunny,65.0,188.0,72.0,3.55,1.71,0.318
0,0.306,Player_033,2024-08-23,2024,L,L,1,Drizzle,86.0,216.0,70.0,3.64,1.61,0.29
0,0.2577,Player_016,2024-09-09,2024,L,L,2,Cloudy,56.0,239.0,73.0,3.39,1.72,0.239
0,0.3978,Player_033,2024-09-14,2024,L,R,1,Cloudy,83.0,201.0,77.0,3.46,1.63,0.316
1,0.334,Player_000,2022-06-02,2022,R,R,2,Sunny,92.0,234.0,77.0,3.36,1.65,0.232
0,0.2854,Player_012,2022-04-22,2022,R,R,9,Drizzle,72.0,176.0,74.0,3.52,1.78,0.248
0,0.3802,Player_006,2024-08-12,2024,L,R,5,Cloudy,87.0,222.0,74.0,3.62,1.65,0.303
0,0.1346,Player_007,2024-07-29,2024,R,L,6,Sunny,94.0,238.0,77.0,3.32,1.57,0.272
0,0.244,Player_008,2024-07-25,2024,R,L,4,Cloudy,85.0,223.0,76.0,3.32,1.66,0.244
1,0.3096,Player_014,2022-07-23,2022,L,R,6,Sunny,75.0,182.0,71.0,3.6,1.5,0.272
1,0.3221,Player_028,2024-04-07,2024,R,R,6,Drizzle,77.0,175.0,74.0,3.58,1.58,0.297
0,0.1799,Player_023,2024-07-29,2024,L,R,9,Sunny,63.0,201.0,73.0,3.46,1.68,0.247
0,0.2818,Player_017,2024-06-26,2024,L,R,8,Overcast,60.0,211.0,71.0,3.44,1.52,0.27
0,0.308,Player_019,2024-04-05,2024,R,R,5,Drizzle,86.0,217.0,77.0,3.41,1.64,0.249
1,0.3334,Player_007,2022-09-01,2022,L,R,8,Sunny,,235.0,74.0,3.32,1.68,0.26
0,0.333,Player_029,2024-04-05,2024,R,L,6,Overcast,92.0,213.0,75.0,3.51,1.57,0.241
0,0.3333,Player_030,2023-05-13,2023,R,R,9,Sunny,84.0,192.0,76.0,3.55,1.57,0.291
1,0.2757,Player_021,2023-05-24,2023,R,R,5,Cloudy,65.0,175.0,70.0,3.65,1.7,0.251
1,0.2972,Player_032,2022-08-19,2022,R,L,8,Sunny,93.0,235.0,72.0,3.52,1.79,0.271
0,0.2359,Player_032,2024-04-14,2024,R,L,2,Sunny,55.0,214.0,77.0,3.36,1.59,0.3
0,0.2903,Player_032,2022-06-09,2022,S,R,2,Sunny,58.0,219.0,71.0,3.42,1.56,0.234
0,0.3556,Player_004,2023-06-05,2023,L,R,3,Cloudy,79.0,222.0,71.0,3.61,1.8,0.286
1,0.2968,Player_003,2023-06-14,2023,L,R,8,Cloudy,79.0,227.0,74.0,3.55,1.75,0.253
0,0.3053,Player_017,2024-09-04,2024,R,R,8,Sunny,84.0,230.0,72.0,3.61,1.78,0.269
0,0.3673,Player_002,2024-05-28,2024,L,R,4,Sunny,80.0,231.0,76.0,3.47,1.51,0.292
0,0.3499,Player_000,2023-06-03,2023,L,R,4,Sunny,65.0,186.0,75.0,3.33,1.78,0.312
0,0.3863,Player_005,2022-06-13,2022,L,R,5,Cloudy,60.0,194.0,76.0,3.66,1.75,0.306
0,0.413,Player_004,2023-06-10,2023,R,L,2,Sunny,93.0,177.0,75.0,3.44,1.59,0.31
1,0.3492,Player_013,2022-09-19,2022,L,R,5,Sunny,68.0,182.0,71.0,3.33,1.69,0.225
0,0.2677,Player_013,2024-05-18,2024,L,R,8,Drizzle,61.0,236.0,75.0,3.53,1.55,0.262
0,0.3358,Player_032,2023-04-21,2023,L,R,7,Drizzle,57.0,202.0,71.0,3.6,1.63,0.3
1,0.3328,Player_036,2022-06-15,2022,L,R,1,Cloudy,87.0,219.0,70.0,3.49,1.68,0.301
0,0.3229,Player_006,2024-04-15,2024,R,R,4,Sunny,88.0,211.0,77.0,3.55,1.53,0.262
0,0.3747,Player_015,2022-08-22,2022,L,L,6,Cloudy,90.0,204.0,71.0,3.47,1.79,0.249
1,0.1621,Player_020,2022-09-08,2022,R,R,6,Sunny,89.0,185.0,75.0,3.63,1.78,0.275
0,0.386,Player_010,2023-08-28,2023,R,R,7,Sunny,61.0,222.0,72.0,3.61,1.76,0.295
1,0.3995,Player_013,2022-08-23,2022,L,L,7,Drizzle,55.0,223.0,75.0,3.59,1.54,0.289
0,0.3198,Player_026,2022-06-15,2022,R,R,3,Sunny,75.0,185.0,73.0,3.31,1.7,0.245
0,0.3214,Player_017,2024-08-03,2024,R,R,5,Sunny,75.0,195.0,73.0,3.51,1.77,0.22
0,0.2331,Player_028,2024-06-10,2024,R,L,2,Cloudy,56.0,237.0,70.0,3.61,1.54,0.309
0,0.2704,Player_002,2024-08-31,2024,L,L,7,Overcast,90.0,230.0,73.0,3.4,1.69,0.265
0,0.3489,Player_019,2024-05-05,2024,L,R,5,Overcast,80.0,217.0,75.0,3.4,1.56,0.303
0,0.2943,Player_012,2022-04-26,2022,S,L,4,Sunny,82.0,237.0,75.0,3.66,1.71,0.307
0,0.3004,Player_011,2024-09-22,2024,R,L,7,Cloudy,76.0,232.0,77.0,3.64,1.69,0.314
0,0.3239,Player_018,2023-06-04,2023,R,R,9,Overcast,94.0,214.0,74.0,3.7,1.76,0.255
1,0.3429,Player_012,2022-05-26,2022,R,R,8,Cloudy,86.0,211.0,77.0,3.5,1.65,0.286
0,0.3551,Player_030,2023-07-30,2023,L,R,2,Sunny,78.0,217.0,75.0,3.35,1.73,0.28
0,0.2083,Player_007,2023-06-01,2023,R,R,8,Cloudy,75.0,227.0,76.0,3.3,1.56,0.236
0,0.3383,Player_035,2022-08-13,2022,R,R,6,Overcast,88.0,237.0,71.0,3.58,1.69,0.264
0,0.4101,Player_014,2022-06-17,2022,R,R,1,Sunny,69.0,196.0,71.0,3.63,1.76,0.263
0,0.2981,Player_021,2023-08-20,2023,L,R,4,Cloudy,89.0,194.0,74.0,3.47,1.72,0.239
0,0.405,Player_006,2023-04-15,2023,L,R,3,Cloudy,60.0,183.0,74.0,3.47,1.76,0.257
0,0.2158,Player_036,2022-08-09,2022,R,R,3,Cloudy,56.0,175.0,73.0,3.64,1.69,0.264
0,0.2779,Player_025,2023-05-30,2023,R,R,6,Sunny,57.0,197.0,77.0,3.37,1.67,0.3
0,0.2351,Player_030,2022-06-16,2022,R,R,4,Sunny,69.0,191.0,73.0,3.33,1.77,
1,0.3965,Player_035,2023-09-15,2023,L,R,7,Cloudy,76.0,233.0,70.0,3.69,1.6,0.292
0,0.4148,Player_039,2022-06-26,2022,L,R,8,Sunny,90.0,206.0,74.0,3.52,1.72,0.301
0,0.2731,Player_010,2023-04-14,2023,S,R,1,Sunny,91.0,220.0,71.0,3.61,1.71,0.23
0,0.382,Player_013,2023-06-22,2023,L,R,8,Sunny,56.0,188.0,70.0,3.68,1.74,0.276
0,0.4155,Player_009,2024-05-13,2024,L,R,2,Sunny,85.0,204.0,72.0,3.62,1.65,0.246
0,0.2777,Player_020,2022-06-25,2022,R,R,1,Cloudy,63.0,227.0,70.0,3.49,1.65,0.262
0,0.2791,Player_035,2023-05-10,2023,L,L,1,Drizzle,70.0,190.0,74.0,3.56,1.51,0.29
0,0.3014,Player_029,2024-07-24,2024,R,L,1,Sunny,89.0,200.0,73.0,3.55,1.78,0.315
0,0.211,Player_022,2022-05-13,2022,L,L,4,Sunny,94.0,213.0,77.0,3.67,1.62,0.256
0,0.2877,Player_018,2023-06-23,2023,R,R,8,Sunny,86.0,188.0,70.0,3.36,1.67,0.278
0,0.43,Player_029,2023-09-19,2023,R,R,7,Cloudy,62.0,213.0,73.0,3.58,1.56,0.231
1,0.215,Player_018,2024-07-23,2024,R,L,4,Sunny,56.0,214.0,77.0,3.65,1.68,0.288
1,0.3398,Player_035,2023-08-06,2023,R,R,9,Overcast,94.0,209.0,74.0,3.44,1.6,0.244
0,0.3067,Player_022,2024-08-17,2024,L,L,5,Cloudy,64.0,185.0,72.0,3.58,1.68,0.267
0,0.2385,Player_026,2024-09-12,2024,R,L,1,Sunny,64.0,222.0,75.0,3.4,1.72,0.253
0,0.2955,Player_027,2023-09-07,2023,R,R,1,Sunny,75.0,229.0,72.0,3.34,1.68,0.225
0,0.4027,Player_029,2022-09-02,2022,R,R,5,Cloudy,61.0,190.0,76.0,3.31,1.51,0.294
0,0.3188,Player_019,2023-06-01,2023,R,R,3,Sunny,81.0,182.0,75.0,3.51,1.74,0.282
1,0.3297,Player_015,2022-07-22,2022,R,R,4,Sunny,89.0,208.0,72.0,3.32,1.67,0.302
0,0.3921,Player_016,2023-08-26,2023,R,R,3,Sunny,68.0,186.0,70.0,3.54,1.57,0.315
0,0.2297,Player_037,2022-07-10,2022,R,L,4,Cloudy,73.0,195.0,75.0,3.45,1.6,0.261
0,0.2267,Player_004,2024-04-22,2024,L,R,9,Cloudy,90.0,217.0,77.0,3.3,1.74,0.296
1,0.4038,Player_028,2024-06-30,2024,R,R,1,Overcast,90.0,188.0,77.0,3.39,1.78,0.251
0,0.2596,Player_038,2024-05-08,2024,R,L,1,Sunny,58.0,198.0,75.0,3.6,1.74,0.263
1,0.3626,Player_002,2022-08-03,2022,L,R,3,Drizzle,84.0,196.0,77.0,3.45,1.77,0.304
1,0.2266,Player_024,2024-09-01,2024,R,R,7,Cloudy,55.0,221.0,76.0,3.59,1.65,0.31
0,0.3072,Player_023,2024-08-04,2024,R,R,3,Cloudy,61.0,227.0,73.0,3.63,1.63,0.258
0,0.2232,Player_013,2024-07-08,2024,L,R,3,Cloudy,80.0,231.0,76.0,3.62,1.75,0.3
0,0.2845,Player_003,2024-07-16,2024,R,R,7,Overcast,59.0,182.0,70.0,3.57,1.62,0.297
0,0.2046,Player_027,2022-07-06,2022,R,L,6,Cloudy,62.0,225.0,77.0,3.6,1.71,0.239
0,0.2186,Player_020,2024-06-19,2024,R,R,6,Sunny,72.0,192.0,77.0,3.53,1.68,0.283
0,0.2788,Player_030,2023-05-11,2023,L,R,6,Sunny,71.0,233.0,74.0,3.49,1.55,0.27
0,0.0895,Player_003,2024-07-30,2024,R,L,6,Drizzle,77.0,209.0,77.0,3.32,1.59,0.226
1,0.1888,Player_037,2022-06-02,2022,L,L,5,Sunny,91.0,234.0,71.0,3.69,1.56,
0,0.3348,Player_025,2022-04-29,2022,R,R,5,Overcast,71.0,201.0,70.0,3.64,1.54,0.318
0,0.2943,Player_017,2022-08-23,2022,L,L,7,Overcast,67.0,195.0,72.0,3.57,1.63,0.298
0,0.2048,Player_018,2023-07-09,2023,R,R,4,Sunny,63.0,228.0,70.0,3.56,1.56,0.24
0,0.3184,Player_038,2023-07-03,2023,R,R,3,Overcast,90.0,198.0,71.0,3.53,1.52,0.242
0,0.1885,Player_022,2024-07-02,2024,R,L,3,Sunny,63.0,225.0,71.0,3.34,1.56,0.252
0,0.3305,Player_023,2022-04-15,2022,R,R,8,Sunny,55.0,178.0,73.0,3.43,1.69,0.222
1,0.2419,Player_025,2022-07-06,2022,R,L,1,Cloudy,75.0,219.0,75.0,3.44,1.74,0.227
0,0.2572,Player_012,2023-07-07,2023,R,R,2,Overcast,84.0,234.0,71.0,3.62,1.64,0.292
1,0.2936,Player_010,2022-07-01,2022,L,R,2,Sunny,55.0,193.0,72.0,3.54,1.68,0.275
0,0.4292,Player_030,2023-04-02,2023,S,L,4,Sunny,80.0,239.0,75.0,3.46,1.7,0.29
0,0.2269,Player_012,2024-08-13,2024,R,R,2,Cloudy,72.0,176.0,71.0,3.43,1.7,0.292
1,0.2959,Player_001,2024-07-19,2024,S,R,5,Cloudy,86.0,183.0,72.0,3.64,1.8,0.227
0,0.3347,Player_019,2022-08-15,2022,S,R,9,Cloudy,,195.0,76.0,3.61,1.68,0.315
0,0.2126,Player_000,2022-06-30,2022,R,R,4,Sunny,90.0,195.0,73.0,3.63,1.66,0.317
1,0.1684,Player_022,2024-05-29,2024,R,R,9,Sunny,89.0,214.0,71.0,3.46,1.76,0.223
0,0.2379,Player_025,2022-08-28,2022,R,R,3,Cloudy,82.0,231.0,76.0,3.49,1.69,0.227
0,0.3232,Player_036,2024-06-02,2024,L,L,7,Sunny,79.0,181.0,77.0,3.53,1.64,0.302
0,0.2561,Player_024,2023-06-21,2023,R,R,2,Overcast,83.0,223.0,77.0,3.38,1.72,0.281
0,0.2338,Player_014,2024-04-02,2024,R,L,6,Sunny,61.0,228.0,73.0,3.44,1.57,0.319
0,0.3438,Player_025,2022-04-30,2022,R,R,7,Sunny,90.0,212.0,70.0,3.5,1.7,0.245
1,0.2236,Player_023,2024-04-20,2024,R,R,7,Overcast,85.0,239.0,73.0,3.57,1.73,0.3
0,0.2938,Player_029,2024-06-15,2024,L,R,9,Cloudy,85.0,181.0,76.0,3.48,1.69,0.272
0,0.194,Player_036,2022-05-18,2022,L,R,6,Overcast,74.0,222.0,77.0,3.36,1.56,0.276
0,0.2725,Player_003,2023-05-30,2023,R,L,6,Sunny,60.0,202.0,70.0,3.47,1.65,0.241
0,0.3161,Player_028,2023-08-16,2023,L,R,6,Sunny,75.0,201.0,70.0,3.51,1.74,0.281
1,0.3557,Player_032,2022-08-01,2022,L,R,4,Cloudy,76.0,214.0,72.0,3.56,1.62,0.261
0,0.2198,Player_013,2024-08-21,2024,L,R,2,Overcast,65.0,226.0,70.0,3.64,1.78,
0,0.2666,Player_016,2022-08-25,2022,R,R,9,Cloudy,91.0,206.0,71.0,3.39,1.51,0.304
0,0.1605,Player_016,2022-05-15,2022,R,L,9,Sunny,70.0,192.0,73.0,3.52,1.7,0.241
1,0.2828,Player_014,2022-07-20,2022,L,R,9,Sunny,93.0,192.0,72.0,3.47,1.57,0.25
0,0.3737,Player_035,2023-09-04,2023,L,L,7,Overcast,90.0,237.0,74.0,3.57,1.69,0.229
0,0.2275,Player_013,2024-05-24,2024,R,L,3,Cloudy,57.0,201.0,77.0,3.65,1.78,0.288
1,0.2044,Player_017,2023-06-07,2023,L,R,3,Sunny,60.0,198.0,74.0,3.49,1.67,0.248
0,0.2324,Player_023,2024-07-04,2024,R,R,3,Sunny,70.0,211.0,74.0,3.64,1.63,0.316
0,0.1372,Player_010,2022-08-22,2022,R,L,5,Sunny,,219.0,77.0,3.3,1.76,0.294
1,0.1793,Player_027,2024-04-26,2024,L,L,3,Sunny,59.0,177.0,74.0,3.66,1.64,0.31
1,0.327,Player_020,2023-06-24,2023,R,R,8,Drizzle,63.0,176.0,77.0,3.62,1.67,0.24
0,0.1688,Player_006,2023-05-14,2023,L,L,1,Cloudy,89.0,212.0,77.0,3.35,1.59,0.284
1,0.2919,Player_007,2023-08-07,2023,L,L,9,Sunny,72.0,215.0,70.0,3.57,1.66,0.308
0,0.2518,Player_001,2024-05-13,2024,R,L,5,Overcast,77.0,206.0,77.0,3.51,1.71,0.316
1,0.2128,Player_023,2024-06-03,2024,R,L,4,Drizzle,76.0,194.0,71.0,3.69,1.65,0.285
0,0.2959,Player_032,2024-06-01,2024,R,R,5,Overcast,93.0,225.0,72.0,3.42,1.56,0.315
0,0.2344,Player_039,2023-04-13,2023,L,R,5,Cloudy,,181.0,74.0,3.54,1.51,0.235
0,0.3589,Player_026,2022-07-30,2022,L,R,5,Drizzle,75.0,216.0,76.0,3.51,1.57,0.224
1,0.2311,Player_038,2023-05-16,2023,R,R,3,Sunny,58.0,203.0,77.0,3.39,1.76,0.267
1,0.253,Player_039,2024-06-27,2024,R,R,3,Overcast,56.0,198.0,73.0,3.63,1.79,0.252
0,0.2446,Player_024,2024-08-03,2024,S,R,4,Sunny,74.0,181.0,72.0,3.6,1.67,0.313
0,0.3483,Player_015,2023-08-20,2023,L,R,2,Sunny,91.0,218.0,73.0,3.52,1.75,0.222
0,0.3181,Player_035,2023-09-13,2023,R,R,3,Sunny,71.0,187.0,72.0,3.68,1.51,0.252
0,0.0965,Player_025,2022-04-23,2022,R,R,4,Sunny,83.0,210.0,72.0,3.67,1.76,0.255
1,0.2978,Player_032,2022-07-23,2022,R,R,1,Overcast,91.0,233.0,71.0,3.63,1.59,0.291
0,0.1779,Player_009,2024-05-29,2024,L,R,4,Overcast,55.0,223.0,75.0,3.36,1.55,0.22
1,0.2561,Player_038,2024-08-16,2024,R,R,4,Sunny,82.0,179.0,77.0,3.66,1.58,0.305
1,0.2924,Player_017,2023-06-09,2023,L,R,1,Overcast,90.0,238.0,74.0,3.42,1.65,0.313
0,0.2254,Player_034,2024-04-02,2024,R,L,5,Overcast,90.0,215.0,71.0,3.53,1.68,0.268
0,0.3151,Player_015,2024-09-01,2024,R,R,6,Sunny,84.0,229.0,75.0,3.69,1.5,0.231
1,0.3304,Player_035,2022-08-15,2022,R,R,8,Cloudy,92.0,178.0,74.0,3.39,1.6,0.225
1,0.1959,Player_026,2022-05-30,2022,R,L,4,Sunny,79.0,234.0,73.0,3.38,1.71,0.246
0,0.2233,Player_009,2022-08-29,2022,R,R,5,Sunny,55.0,221.0,70.0,3.64,1.73,0.233
0,0.2775,Player_005,2024-06-12,2024,R,R,1,Cloudy,94.0,232.0,76.0,3.31,1.57,0.27
0,0.1419,Player_006,2022-06-14,2022,R,L,3,Drizzle,90.0,238.0,74.0,3.37,1.57,0.261
1,0.2466,Player_014,2023-05-24,2023,R,R,6,Sunny,62.0,229.0,71.0,3.43,1.7,0.239
0,0.3644,Player_001,2023-06-28,2023,L,L,5,Sunny,93.0,202.0,73.0,3.6,1.68,0.303
0,0.1746,Player_021,2024-09-26,2024,S,R,9,Cloudy,81.0,229.0,74.0,3.49,1.65,0.28
1,0.2562,Player_026,2022-04-10,2022,R,R,8,Cloudy,73.0,237.0,74.0,3.46,1.66,0.283
0,0.2385,Player_029,2024-07-15,2024,R,R,9,Drizzle,87.0,234.0,75.0,3.67,1.65,0.288
0,0.4204,Player_037,2023-05-02,2023,R,R,5,Sunny,80.0,216.0,70.0,3.6,1.62,0.306
0,0.2423,Player_032,2024-04-22,2024,R,R,1,Overcast,86.0,237.0,74.0,3.55,1.74,0.287
1,0.2664,Player_039,2023-04-11,2023,L,R,5,Cloudy,68.0,213.0,70.0,3.44,1.77,0.233
0,0.2078,Player_024,2023-05-20,2023,R,R,9,Sunny,70.0,203.0,71.0,3.64,1.69,0.258
0,0.3007,Player_034,2024-08-09,2024,L,R,2,Cloudy,58.0,186.0,70.0,3.4,1.58,0.272
1,0.3189,Player_030,2023-08-11,2023,L,R,9,Sunny,90.0,205.0,74.0,3.68,1.79,0.239
0,0.238,Player_033,2022-08-22,2022,L,R,1,Cloudy,65.0,236.0,76.0,3.4,1.53,0.314
0,0.3692,Player_016,2024-04-26,2024,L,R,6,Sunny,60.0,182.0,77.0,3.63,1.79,0.245
1,0.319,Player_020,2023-04-20,2023,L,R,9,Sunny,58.0,231.0,75.0,3.67,1.67,0.297
0,0.3096,Player_036,2023-09-24,2023,R,L,2,Drizzle,70.0,216.0,76.0,3.39,1.71,0.315
1,0.247,Player_018,2024-09-12,2024,L,L,3,Drizzle,74.0,183.0,71.0,3.39,1.63,0.247
1,0.297,Player_024,2024-08-04,2024,R,R,8,Sunny,88.0,189.0,70.0,3.33,1.61,0.266
0,0.2551,Player_025,2023-08-30,2023,L,L,4,Overcast,81.0,176.0,72.0,3.44,1.57,0.245
0,0.382,Player_007,2023-08-23,2023,R,R,6,Drizzle,87.0,223.0,72.0,3.5,1.53,0.302
0,0.2881,Player_000,2022-07-13,2022,R,R,2,Sunny,55.0,198.0,73.0,3.33,1.59,0.3
0,0.3006,Player_027,2023-06-25,2023,L,R,7,Cloudy,56.0,187.0,75.0,3.36,1.58,0.309
0,0.2179,Player_031,2022-09-24,2022,R,L,5,Sunny,64.0,185.0,70.0,3.47,1.66,0.226
0,0.2439,Player_023,2022-07-31,2022,R,R,5,Overcast,70.0,207.0,70.0,3.37,1.76,0.294
1,0.2966,Player_026,2024-09-05,2024,R,R,7,Sunny,57.0,196.0,76.0,3.61,1.53,0.278
0,0.3274,Player_002,2022-05-08,2022,L,L,5,Overcast,89.0,233.0,74.0,3.43,1.72,0.262
1,0.2321,Player_006,2022-05-11,2022,R,R,7,Sunny,93.0,237.0,72.0,3.32,1.58,0.309
0,0.2889,Player_029,2024-07-22,2024,R,R,4,Sunny,74.0,188.0,76.0,3.36,1.69,0.307
0,0.3129,Player_025,2024-09-18,2024,L,R,8,Overcast,87.0,231.0,75.0,3.42,1.69,0.29
0,0.3051,Player_007,2024-07-20,2024,R,R,6,Sunny,62.0,178.0,76.0,3.36,1.72,0.237
0,0.1505,Player_023,2023-06-19,2023,L,L,3,Drizzle,56.0,203.0,75.0,3.39,1.5,0.246
0,0.2153,Player_001,2023-04-05,2023,R,R,8,Sunny,90.0,212.0,74.0,3.38,1.5,0.236
0,0.2044,Player_031,2024-04-27,2024,L,R,3,Cloudy,87.0,192.0,77.0,3.47,1.55,0.246
1,0.2723,Player_001,2022-05-12,2022,L,L,9,Cloudy,,217.0,77.0,3.51,1.79,0.297
0,0.2169,Player_033,2022-05-07,2022,S,R,9,Sunny,88.0,212.0,75.0,3.55,1.6,
0,0.2453,Player_008,2022-08-05,2022,R,R,6,Cloudy,83.0,235.0,75.0,3.66,1.69,0.248
1,0.1964,Player_010,2024-08-01,2024,R,R,5,Cloudy,87.0,235.0,70.0,3.58,1.59,0.245
0,0.2518,Player_037,2022-06-08,2022,S,R,3,Cloudy,93.0,228.0,76.0,3.38,1.65,0.225
0,0.2213,Player_032,2023-09-25,2023,L,R,8,Cloudy,90.0,226.0,71.0,3.48,1.63,0.254
0,0.3531,Player_013,2023-06-10,2023,L,R,3,Sunny,90.0,196.0,70.0,3.59,1.56,0.229
0,0.3035,Player_007,2024-06-19,2024,L,L,6,Sunny,73.0,231.0,73.0,3.52,1.61,
0,0.2605,Player_004,2023-07-04,2023,R,L,8,Sunny,87.0,198.0,70.0,3.37,1.56,0.238
0,0.2789,Player_015,2023-07-13,2023,L,R,2,Drizzle,64.0,224.0,70.0,3.62,1.58,0.247
0,0.1374,Player_023,2024-05-04,2024,R,R,2,Sunny,67.0,206.0,73.0,3.38,1.63,0.268
0,0.2679,Player_019,2022-05-25,2022,L,R,9,Sunny,89.0,207.0,73.0,3.44,1.74,0.258
0,0.2167,Player_035,2023-08-02,2023,L,L,9,Sunny,69.0,227.0,71.0,3.59,1.56,0.252
1,0.3173,Player_032,2022-08-31,2022,L,R,3,Overcast,88.0,184.0,77.0,3.69,1.56,0.316
0,0.3134,Player_010,2022-06-16,2022,L,L,3,Cloudy,74.0,230.0,71.0,3.66,1.57,0.226
0,0.2927,Player_036,2022-04-21,2022,L,L,6,Sunny,65.0,228.0,71.0,3.69,1.74,0.308
1,0.3384,Player_018,2023-09-01,2023,R,L,6,Overcast,71.0,205.0,76.0,3.46,1.57,0.313
0,0.2602,Player_000,2022-07-14,2022,L,R,3,Drizzle,78.0,217.0,75.0,3.47,1.75,0.317
0,0.2373,Player_034,2024-06-17,2024,R,R,2,Overcast,57.0,192.0,72.0,3.37,1.6,0.306
0,0.3227,Player_029,2023-07-15,2023,R,L,6,Cloudy,77.0,225.0,72.0,3.49,1.59,0.301
1,0.2616,Player_014,2023-08-27,2023,R,L,3,Sunny,,182.0,77.0,3.61,1.61,0.244
0,0.2627,Player_035,2024-03-31,2024,R,R,5,Sunny,74.0,222.0,70.0,3.33,1.63,0.238
0,0.4293,Player_036,2024-06-03,2024,L,R,7,Sunny,67.0,219.0,75.0,3.43,1.63,0.28
1,0.3404,Player_038,2023-09-17,2023,L,R,3,Cloudy,79.0,190.0,70.0,3.67,1.62,0.274
0,0.2567,Player_036,2022-05-25,2022,L,L,6,Sunny,88.0,227.0,70.0,3.37,1.8,0.292
0,0.232,Player_010,2022-09-23,2022,S,R,9,Sunny,58.0,193.0,70.0,3.42,1.71,0.232
0,0.3729,Player_022,2024-05-20,2024,R,R,5,Cloudy,58.0,210.0,74.0,3.67,1.76,0.249
0,0.3145,Player_006,2024-06-23,2024,L,R,2,Cloudy,,230.0,72.0,3.44,1.77,
1,0.2517,Player_027,2023-04-13,2023,R,L,7,Sunny,85.0,178.0,75.0,3.63,1.63,0.281
1,0.3273,Player_019,2022-08-09,2022,R,R,4,Overcast,66.0,201.0,77.0,3.41,1.73,0.255
0,0.3416,Player_035,2023-05-14,2023,R,R,7,Sunny,86.0,215.0,70.0,3.4,1.64,0.235
0,0.2885,Player_036,2024-08-30,2024,R,L,1,Cloudy,,186.0,74.0,3.37,1.68,0.306
0,0.3419,Player_012,2023-04-24,2023,R,R,7,Drizzle,66.0,208.0,77.0,3.33,1.72,0.303
0,0.3116,Player_012,2022-04-22,2022,R,R,7,Sunny,75.0,216.0,70.0,3.47,1.67,0.235
1,0.3188,Player_001,2023-06-24,2023,R,R,1,Overcast,80.0,231.0,73.0,3.59,1.65,0.295
0,0.2488,Player_020,2024-04-15,2024,L,R,5,Overcast,69.0,194.0,70.0,3.5,1.5,0.234
0,0.4267,Player_015,2024-05-29,2024,L,R,5,Drizzle,90.0,229.0,70.0,3.46,1.79,0.265
1,0.1936,Player_039,2022-08-03,2022,S,R,6,Sunny,72.0,216.0,77.0,3.38,1.51,0.267
1,0.2717,Player_032,2024-06-29,2024,R,L,6,Sunny,80.0,208.0,72.0,3.57,1.54,0.26
0,0.2064,Player_018,2023-07-10,2023,L,R,7,Sunny,59.0,213.0,71.0,3.4,1.51,0.254
1,0.2431,Player_022,2024-04-16,2024,R,L,9,Overcast,92.0,239.0,77.0,3.31,1.69,0.267
0,0.26,Player_025,2024-07-31,2024,L,R,7,Sunny,75.0,218.0,72.0,3.69,1.59,0.291
0,0.2595,Player_036,2023-04-17,2023,R,L,3,Sunny,73.0,202.0,72.0,3.68,1.77,0.253
0,0.3239,Player_039,2022-07-12,2022,L,R,9,Drizzle,65.0,239.0,76.0,3.39,1.68,0.278
1,0.2131,Player_016,2022-08-21,2022,R,R,5,Sunny,79.0,219.0,76.0,3.4,1.73,0.256
0,0.2479,Player_014,2024-08-08,2024,R,L,8,Sunny,55.0,193.0,74.0,3.53,1.54,0.317
0,0.3676,Player_028,2023-06-03,2023,L,L,5,Overcast,73.0,214.0,76.0,3.47,1.62,0.288
1,0.2081,Player_010,2023-04-28,2023,L,R,3,Sunny,86.0,238.0,71.0,3.66,1.69,0.305
0,0.1902,Player_005,2023-08-28,2023,R,L,7,Cloudy,86.0,220.0,76.0,3.47,1.56,0.263
0,0.3603,Player_011,2022-05-09,2022,L,R,7,Sunny,80.0,224.0,75.0,3.35,1.61,0.246
0,0.3054,Player_012,2022-06-29,2022,L,R,2,Sunny,69.0,218.0,74.0,3.52,1.73,0.228
1,0.2906,Player_024,2024-05-12,2024,R,R,1,Sunny,,230.0,72.0,3.35,1.7,0.302
0,0.3716,Player_029,2023-04-06,2023,L,R,7,Overcast,61.0,180.0,70.0,3.48,1.77,0.29
1,0.2144,Player_006,2022-06-14,2022,L,L,2,Sunny,79.0,227.0,74.0,3.53,1.67,0.302
0,0.2636,Player_001,2023-07-09,2023,L,R,5,Sunny,63.0,233.0,76.0,3.68,1.56,0.288
0,0.235,Player_006,2024-08-14,2024,R,R,5,Drizzle,67.0,176.0,70.0,3.42,1.76,
1,0.2756,Player_036,2022-08-09,2022,L,R,4,Overcast,84.0,226.0,71.0,3.56,1.79,0.262
0,0.3938,Player_010,2022-08-28,2022,L,R,5,Cloudy,59.0,207.0,77.0,3.3,1.65,0.253
0,0.1809,Player_021,2023-08-25,2023,L,R,9,Drizzle,68.0,200.0,76.0,3.65,1.53,0.263
0,0.1864,Player_021,2022-06-12,2022,L,L,5,Sunny,69.0,181.0,74.0,3.43,1.58,0.287
0,0.2044,Player_011,2022-06-01,2022,L,R,8,Cloudy,92.0,195.0,73.0,3.4,1.73,0.277
0,0.3681,Player_033,2022-07-18,2022,L,L,5,Drizzle,86.0,218.0,70.0,3.34,1.5,0.284
1,0.227,Player_002,2022-06-26,2022,L,L,5,Cloudy,69.0,208.0,77.0,3.61,1.59,0.241
0,0.2771,Player_021,2023-05-24,2023,L,R,6,Sunny,79.0,178.0,74.0,3.32,1.61,0.27
0,0.167,Player_016,2022-04-06,2022,R,R,3,Overcast,64.0,194.0,70.0,3.55,1.74,0.244
0,0.2816,Player_031,2023-06-25,2023,L,R,9,Sunny,86.0,177.0,72.0,3.43,1.63,0.271
0,0.3307,Player_007,2024-06-23,2024,L,L,9,Sunny,68.0,198.0,76.0,3.58,1.66,0.25
0,0.2677,Player_038,2022-09-17,2022,R,L,2,Cloudy,91.0,233.0,77.0,3.69,1.7,0.242
1,0.2724,Player_031,2022-08-25,2022,R,R,2,Sunny,90.0,224.0,75.0,3.41,1.74,0.314
0,0.1705,Player_029,2024-05-18,2024,R,R,4,Sunny,64.0,234.0,71.0,3.55,1.6,0.247
1,0.247,Player_019,2023-04-20,2023,L,L,2,Sunny,71.0,185.0,71.0,3.45,1.55,0.283
0,0.3103,Player_025,2024-08-19,2024,L,R,1,Sunny,91.0,215.0,72.0,3.5,1.55,0.283
0,0.2306,Player_008,2023-06-27,2023,L,R,8,Sunny,58.0,194.0,76.0,3.33,1.55,0.278
1,0.3458,Player_000,2024-04-07,2024,L,R,2,Cloudy,81.0,204.0,76.0,3.38,1.53,0.292
0,0.362,Player_029,2022-08-14,2022,L,R,4,Cloudy,75.0,237.0,75.0,3.62,1.63,0.281
0,0.243,Player_017,2022-06-02,2022,R,R,9,Cloudy,,228.0,71.0,3.44,1.55,0.305
1,0.3208,Player_014,2024-04-30,2024,L,L,4,Sunny,77.0,220.0,72.0,3.3,1.73,0.223
1,0.2723,Player_010,2022-07-28,2022,R,R,1,Sunny,75.0,237.0,72.0,3.43,1.5,0.227
0,0.3803,Player_024,2023-08-20,2023,L,R,3,Drizzle,68.0,207.0,75.0,3.57,1.79,0.275
0,0.4124,Player_020,2022-08-18,2022,L,L,2,Sunny,73.0,178.0,76.0,3.69,1.5,0.26
0,0.1734,Player_027,2023-05-20,2023,R,L,6,Sunny,94.0,234.0,70.0,3.64,1.6,0.241
1,0.3339,Player_038,2024-07-15,2024,R,R,4,Drizzle,57.0,181.0,75.0,3.6,1.73,0.255
0,0.3913,Player_033,2023-06-23,2023,L,R,1,Sunny,61.0,192.0,73.0,3.67,1.76,0.285
0,0.2121,Player_012,2023-09-04,2023,R,R,3,Sunny,57.0,233.0,72.0,3.56,1.53,
0,0.2597,Player_009,2022-05-05,2022,L,R,5,Sunny,80.0,232.0,74.0,3.51,1.74,0.238
0,0.259,Player_006,2022-08-26,2022,L,R,5,Cloudy,68.0,181.0,73.0,3.52,1.73,0.249
0,0.2407,Player_022,2024-06-01,2024,R,L,4,Sunny,56.0,230.0,77.0,3.68,1.64,0.234
0,0.2751,Player_033,2022-07-21,2022,L,R,9,Cloudy,63.0,221.0,74.0,3.3,1.69,0.32
0,0.2861,Player_010,2023-06-30,2023,L,R,5,Overcast,65.0,182.0,76.0,3.51,1.61,0.222
0,0.3387,Player_039,2023-06-02,2023,R,R,7,Cloudy,58.0,210.0,77.0,3.61,1.59,0.236
0,0.1373,Player_017,2023-05-12,2023,L,L,6,Sunny,85.0,192.0,77.0,3.32,1.51,0.258
0,0.2018,Player_031,2023-06-05,2023,L,L,4,Sunny,55.0,208.0,75.0,3.63,1.5,0.24
0,0.3469,Player_011,2024-07-18,2024,L,R,1,Overcast,90.0,187.0,77.0,3.64,1.66,0.288
0,0.2887,Player_005,2023-07-20,2023,S,L,7,Drizzle,94.0,181.0,74.0,3.51,1.5,0.222
0,0.1759,Player_020,2022-07-22,2022,R,L,8,Sunny,91.0,217.0,72.0,3.63,1.54,0.271
0,0.3392,Player_022,2024-07-27,2024,L,R,8,Sunny,63.0,222.0,76.0,3.36,1.53,0.24
0,0.3929,Player_019,2022-04-10,2022,L,R,8,Cloudy,64.0,187.0,77.0,3.68,1.69,0.283
0,0.2766,Player_016,2024-06-10,2024,R,R,3,Overcast,,214.0,72.0,3.32,1.7,0.232
0,0.1994,Player_025,2022-05-27,2022,L,L,5,Drizzle,,206.0,77.0,3.31,1.73,0.24
0,0.3112,Player_025,2023-06-11,2023,R,L,7,Cloudy,76.0,235.0,73.0,3.51,1.79,0.303
0,0.4006,Player_006,2023-06-08,2023,R,R,7,Sunny,89.0,211.0,71.0,3.59,1.79,0.31
0,0.238,Player_026,2022-05-02,2022,L,R,6,Overcast,62.0,206.0,75.0,3.58,1.56,0.256
0,0.2727,Player_013,2024-09-20,2024,L,L,1,Overcast,71.0,175.0,71.0,3.52,1.61,0.279
0,0.3763,Player_032,2022-04-01,2022,L,R,7,Sunny,60.0,234.0,73.0,3.61,1.67,0.288
0,0.2781,Player_019,2023-07-17,2023,L,L,6,Sunny,86.0,217.0,74.0,3.54,1.51,0.296
0,0.1477,Player_009,2024-06-22,2024,L,L,1,Sunny,63.0,186.0,73.0,3.64,1.56,0.274
1,0.281,Player_007,2023-08-05,2023,R,L,5,Sunny,,175.0,70.0,3.35,1.76,0.278
0,0.2315,Player_038,2023-08-28,2023,L,R,7,Overcast,69.0,188.0,71.0,3.69,1.62,0.298
0,0.161,Player_028,2023-07-26,2023,R,L,9,Sunny,77.0,207.0,70.0,3.65,1.65,0.275
0,0.1591,Player_008,2022-08-16,2022,R,R,8,Overcast,63.0,236.0,74.0,3.66,1.72,0.274
0,0.3833,Player_020,2024-05-19,2024,L,R,3,Sunny,,215.0,77.0,3.45,1.74,0.248
1,0.2416,Player_004,2023-09-26,2023,L,R,7,Sunny,88.0,181.0,75.0,3.68,1.76,0.304
0,0.2933,Player_033,2023-04-16,2023,L,L,7,Cloudy,91.0,187.0,74.0,3.36,1.77,0.264
0,0.2905,Player_033,2023-07-30,2023,R,L,2,Sunny,69.0,190.0,76.0,3.33,1.59,0.275
1,0.2813,Player_032,2023-04-27,2023,L,L,8,Cloudy,70.0,179.0,70.0,3.46,1.69,0.283
0,0.3008,Player_018,2022-05-13,2022,R,R,2,Sunny,76.0,184.0,70.0,3.67,1.53,0.274
0,0.3067,Player_006,2022-08-27,2022,R,R,7,Cloudy,91.0,180.0,77.0,3.69,1.79,0.264
0,0.2597,Player_019,2023-07-31,2023,R,L,7,Drizzle,75.0,221.0,77.0,3.5,1.58,0.269
1,0.2268,Player_020,2022-07-24,2022,S,R,9,Sunny,70.0,219.0,74.0,3.6,1.62,
0,0.2205,Player_012,2022-08-28,2022,R,R,6,Sunny,81.0,225.0,70.0,3.52,1.78,0.302
0,0.2427,Player_015,2023-05-21,2023,R,L,1,Overcast,60.0,186.0,71.0,3.35,1.69,0.228
0,0.2412,Player_001,2023-07-25,2023,R,L,9,Sunny,94.0,233.0,75.0,3.56,1.59,0.319
0,0.2801,Player_020,2023-05-07,2023,R,L,4,Sunny,82.0,199.0,71.0,3.36,1.53,0.317
0,0.3271,Player_007,2024-06-25,2024,R,L,5,Overcast,72.0,184.0,74.0,3.56,1.65,0.308
0,0.3041,Player_033,2023-06-12,2023,R,R,8,Sunny,58.0,185.0,76.0,3.4,1.68,0.228
0,0.1932,Player_030,2022-07-21,2022,R,L,3,Cloudy,67.0,195.0,73.0,3.41,1.7,0.223
0,0.1273,Player_024,2024-04-11,2024,R,R,6,Sunny,77.0,180.0,73.0,3.57,1.55,0.282
0,0.2262,Player_008,2023-04-05,2023,R,R,7,Cloudy,93.0,195.0,77.0,3.49,1.71,0.237
0,0.1859,Player_026,2023-04-06,2023,R,R,5,Cloudy,74.0,217.0,77.0,3.63,1.61,0.314
1,0.2489,Player_039,2024-05-17,2024,L,R,7,Cloudy,94.0,238.0,73.0,3.57,1.78,0.286
1,0.297,Player_025,2022-07-13,2022,R,R,7,Cloudy,75.0,175.0,71.0,3.42,1.7,0.306
1,0.2859,Player_031,2023-04-29,2023,R,R,5,Sunny,86.0,212.0,70.0,3.61,1.78,0.319
0,0.4101,Player_036,2022-09-26,2022,S,R,1,Sunny,58.0,190.0,71.0,3.33,1.51,0.314
0,0.3338,Player_033,2022-06-14,2022,L,R,7,Overcast,86.0,196.0,74.0,3.59,1.77,0.231
0,0.3836,Player_006,2023-05-25,2023,R,L,8,Overcast,64.0,216.0,77.0,3.45,1.76,0.318
1,0.3301,Player_034,2022-09-08,2022,R,R,3,Overcast,,194.0,74.0,3.42,1.65,0.227
0,0.326,Player_030,2022-05-02,2022,R,L,8,Cloudy,67.0,203.0,77.0,3.51,1.79,0.298
0,0.2549,Player_028,2023-05-04,2023,R,R,2,Sunny,76.0,195.0,75.0,3.66,1.72,0.295
0,0.2048,Player_009,2023-06-08,2023,R,R,2,Cloudy,79.0,198.0,70.0,3.4,1.8,0.241
1,0.2486,Player_018,2023-04-13,2023,R,R,2,Cloudy,69.0,221.0,72.0,3.7,1.73,0.258
1,0.2992,Player_036,2022-08-01,2022,L,R,5,Sunny,57.0,194.0,74.0,3.54,1.77,0.283
1,0.206,Player_036,2023-08-18,2023,S,L,3,Sunny,79.0,210.0,70.0,3.4,1.56,0.27
0,0.2299,Player_004,2023-06-03,2023,L,R,7,Sunny,71.0,226.0,70.0,3.58,1.56,0.29
0,0.3092,Player_017,2023-09-04,2023,R,R,6,Sunny,88.0,215.0,72.0,3.59,1.65,0.233
1,0.2096,Player_024,2024-04-01,2024,R,R,4,Cloudy,82.0,224.0,77.0,3.51,1.72,0.261
0,0.1927,Player_003,2024-07-04,2024,L,R,3,Sunny,69.0,205.0,74.0,3.35,1.58,0.292
0,0.1915,Player_009,2022-08-10,2022,L,L,9,Cloudy,57.0,205.0,74.0,3.63,1.63,
0,0.2836,Player_023,2023-06-07,2023,L,R,8,Drizzle,76.0,176.0,74.0,3.62,1.55,0.285
0,0.1806,Player_026,2024-09-17,2024,R,L,4,Drizzle,86.0,220.0,74.0,3.61,1.78,0.274
0,0.264,Player_004,2023-06-17,2023,R,R,3,Overcast,85.0,219.0,76.0,3.6,1.72,0.312
0,0.342,Player_016,2024-09-12,2024,L,R,8,Overcast,68.0,208.0,72.0,3.45,1.51,0.316
1,0.3202,Player_026,2024-07-27,2024,R,R,7,Sunny,63.0,222.0,72.0,3.5,1.51,0.289
1,0.2537,Player_039,2024-05-11,2024,L,R,5,Cloudy,57.0,217.0,72.0,3.56,1.8,0.274
0,0.1887,Player_039,2022-08-28,2022,R,R,5,Cloudy,79.0,186.0,74.0,3.37,1.62,0.273
0,0.2597,Player_012,2022-04-06,2022,L,R,7,Drizzle,65.0,189.0,72.0,3.54,1.68,0.264
0,0.3459,Player_027,2023-05-05,2023,L,R,2,Cloudy,86.0,217.0,77.0,3.34,1.78,0.298
0,0.3622,Player_022,2023-08-19,2023,L,R,9,Sunny,78.0,181.0,75.0,3.64,1.79,0.253
0,0.3047,Player_008,2024-09-09,2024,R,R,6,Overcast,57.0,232.0,72.0,3.35,1.53,0.244
1,0.3641,Player_020,2024-06-08,2024,R,R,2,Cloudy,82.0,197.0,72.0,3.61,1.69,0.264
0,0.401,Player_005,2022-07-28,2022,R,R,9,Sunny,65.0,214.0,73.0,3.39,1.8,0.253
0,0.2162,Player_004,2023-08-04,2023,R,L,9,Cloudy,89.0,208.0,76.0,3.67,1.55,0.301
1,0.3741,Player_014,2024-08-10,2024,L,L,9,Cloudy,56.0,218.0,77.0,3.56,1.7,0.248
1,0.2518,Player_010,2024-09-10,2024,L,L,7,Cloudy,69.0,198.0,74.0,3.47,1.73,0.26
0,0.3414,Player_005,2024-04-15,2024,L,L,3,Drizzle,55.0,220.0,71.0,3.32,1.52,0.247
0,0.3296,Player_002,2023-05-05,2023,R,R,5,Cloudy,80.0,186.0,70.0,3.54,1.62,0.274
0,0.1316,Player_022,2024-09-12,2024,L,L,5,Overcast,74.0,196.0,74.0,3.45,1.56,
0,0.2124,Player_000,2023-07-08,2023,S,R,5,Sunny,76.0,177.0,74.0,3.62,1.52,
0,0.1845,Player_031,2022-07-05,2022,L,L,2,Sunny,83.0,185.0,72.0,3.62,1.53,0.301
0,0.1453,Player_002,2022-06-12,2022,L,L,3,Sunny,90.0,178.0,77.0,3.57,1.6,0.295
0,0.3616,Player_026,2023-06-05,2023,L,R,5,Cloudy,70.0,205.0,70.0,3.41,1.67,0.25
0,0.4448,Player_005,2024-05-14,2024,L,R,5,Overcast,77.0,179.0,72.0,3.37,1.79,0.277
0,0.262,Player_024,2023-06-11,2023,R,R,3,Cloudy,79.0,190.0,76.0,3.5,1.78,0.258
0,0.3398,Player_005,2023-04-14,2023,R,R,7,Sunny,90.0,206.0,71.0,3.48,1.76,0.285
0,0.4039,Player_017,2023-05-23,2023,L,R,9,Sunny,62.0,219.0,71.0,3.57,1.73,
0,0.2946,Player_026,2024-09-25,2024,R,R,5,Drizzle,75.0,176.0,75.0,3.51,1.51,0.304
0,0.2482,Player_006,2022-04-30,2022,R,L,6,Sunny,88.0,221.0,77.0,3.5,1.62,0.309
1,0.2328,Player_005,2023-08-10,2023,R,L,2,Sunny,66.0,208.0,71.0,3.49,1.73,0.26
0,0.3176,Player_025,2022-04-07,2022,S,R,2,Cloudy,69.0,175.0,73.0,3.5,1.79,0.301
0,0.3412,Player_025,2023-08-11,2023,R,R,1,Cloudy,72.0,181.0,77.0,3.65,1.64,0.258
0,0.3123,Player_016,2023-05-18,2023,R,R,9,Sunny,83.0,237.0,71.0,3.37,1.71,0.23
1,0.3099,Player_004,2023-08-05,2023,R,R,3,Sunny,81.0,204.0,71.0,3.31,1.8,0.279
0,0.2464,Player_012,2023-06-29,2023,R,L,7,Cloudy,60.0,235.0,71.0,3.39,1.69,0.28
0,0.1685,Player_008,2024-08-17,2024,R,R,6,Sunny,63.0,208.0,73.0,3.42,1.73,0.296
1,0.3628,Player_026,2024-07-29,2024,L,R,2,Sunny,87.0,183.0,76.0,3.54,1.79,0.304
0,0.1901,Player_012,2022-07-10,2022,R,R,2,Sunny,81.0,222.0,73.0,3.64,1.71,0.31
0,0.2934,Player_015,2022-08-11,2022,S,L,8,Sunny,75.0,206.0,72.0,3.59,1.54,0.29
0,0.3529,Player_010,2022-09-21,2022,L,R,8,Sunny,71.0,199.0,76.0,3.7,1.79,0.283
1,0.1702,Player_006,2022-07-17,2022,R,L,6,Overcast,93.0,188.0,72.0,3.3,1.74,0.222
0,0.2375,Player_032,2022-05-02,2022,R,R,4,Sunny,90.0,203.0,72.0,3.38,1.58,
0,0.4185,Player_019,2024-04-20,2024,L,L,4,Sunny,71.0,237.0,71.0,3.33,1.8,
1,0.2744,Player_022,2024-07-07,2024,R,R,8,Sunny,69.0,189.0,70.0,3.57,1.52,0.246
0,0.1646,Player_011,2022-06-17,2022,R,L,2,Sunny,89.0,211.0,74.0,3.47,1.78,0.309
0,0.3361,Player_003,2024-07-18,2024,S,R,1,Cloudy,68.0,177.0,77.0,3.42,1.75,0.293
0,0.2459,Player_029,2024-07-29,2024,L,R,3,Sunny,71.0,220.0,72.0,3.43,1.58,0.283
0,0.1656,Player_028,2023-05-04,2023,L,R,2,Drizzle,91.0,232.0,70.0,3.66,1.76,0.232
0,0.3164,Player_001,2024-08-11,2024,R,R,2,Cloudy,59.0,238.0,77.0,3.33,1.52,0.286
0,0.2358,Player_035,2024-09-25,2024,L,R,5,Sunny,83.0,227.0,70.0,3.43,1.79,0.293
1,0.3225,Player_034,2024-05-28,2024,L,R,8,Drizzle,82.0,218.0,70.0,3.5,1.68,0.251
0,0.2431,Player_033,2024-09-14,2024,L,R,7,Sunny,70.0,212.0,75.0,3.46,1.66,0.244
0,0.3495,Player_018,2023-09-15,2023,L,R,3,Sunny,62.0,231.0,71.0,3.58,1.8,0.289
0,0.2928,Player_027,2022-06-15,2022,R,R,4,Sunny,89.0,175.0,77.0,3.54,1.51,0.232
0,0.0988,Player_000,2024-08-21,2024,R,R,5,Cloudy,86.0,190.0,73.0,3.62,1.65,0.278
0,0.3067,Player_023,2022-09-15,2022,R,R,4,Cloudy,89.0,177.0,75.0,3.64,1.72,0.318
0,0.2597,Player_005,2023-09-01,2023,R,R,9,Cloudy,68.0,189.0,71.0,3.46,1.53,0.222
0,0.3692,Player_036,2022-06-09,2022,L,L,9,Drizzle,93.0,189.0,71.0,3.65,1.5,0.238
0,0.3277,Player_037,2023-07-29,2023,L,R,9,Drizzle,85.0,203.0,76.0,3.55,1.68,0.273
0,0.3229,Player_006,2022-07-16,2022,L,L,4,Sunny,64.0,219.0,74.0,3.64,1.6,0.227
1,0.2203,Player_021,2024-06-13,2024,L,L,8,Drizzle,74.0,232.0,77.0,3.49,1.64,0.291
0,0.2147,Player_023,2023-07-25,2023,L,L,7,Sunny,67.0,213.0,77.0,3.31,1.69,0.228
0,0.2682,Player_030,2023-09-16,2023,L,L,8,Drizzle,76.0,177.0,74.0,3.56,1.62,0.239
0,0.2748,Player_019,2023-04-05,2023,L,R,2,Sunny,62.0,181.0,76.0,3.69,1.56,0.275
0,0.3937,Player_035,2023-09-10,2023,L,R,9,Sunny,84.0,203.0,76.0,3.67,1.57,0.302
0,0.2393,Player_013,2024-06-05,2024,R,L,9,Sunny,73.0,214.0,74.0,3.36,1.56,0.257
0,0.1943,Player_012,2024-08-27,2024,R,R,8,Sunny,81.0,228.0,76.0,3.5,1.71,0.226
0,0.2221,Player_029,2024-04-19,2024,R,R,6,Overcast,80.0,199.0,70.0,3.65,1.54,0.255
1,0.3476,Player_021,2023-09-08,2023,R,R,5,Sunny,81.0,186.0,71.0,3.47,1.79,0.227
0,0.2683,Player_003,2024-06-19,2024,R,R,3,Sunny,85.0,184.0,73.0,3.51,1.5,0.239
0,0.2846,Player_026,2023-09-12,2023,L,R,1,Drizzle,81.0,215.0,70.0,3.7,1.59,0.267
0,0.3542,Player_011,2023-06-16,2023,R,R,9,Cloudy,75.0,239.0,73.0,3.49,1.74,0.308
0,0.236,Player_033,2024-08-12,2024,L,R,2,Cloudy,78.0,179.0,75.0,3.38,1.53,0.309
0,0.1435,Player_033,2023-07-17,2023,L,R,4,Drizzle,80.0,175.0,72.0,3.32,1.68,0.29
1,0.2403,Player_016,2023-05-07,2023,L,R,5,Sunny,87.0,175.0,77.0,3.48,1.59,0.304
0,0.3169,Player_034,2024-05-14,2024,L,R,7,Sunny,74.0,210.0,76.0,3.51,1.79,0.273
1,0.2825,Player_038,2023-07-06,2023,L,R,3,Sunny,67.0,195.0,76.0,3.67,1.57,0.316
0,0.1708,Player_029,2024-06-26,2024,R,R,2,Sunny,65.0,228.0,75.0,3.62,1.52,0.303
1,0.3511,Player_024,2023-07-20,2023,R,R,3,Sunny,62.0,227.0,74.0,3.33,1.68,0.286
1,0.2914,Player_037,2023-08-24,2023,R,R,3,Cloudy,,207.0,75.0,3.63,1.61,0.243
1,0.3072,Player_034,2024-08-17,2024,R,R,1,Sunny,84.0,177.0,70.0,3.33,1.77,0.296
0,0.3094,Player_019,2022-04-11,2022,R,R,4,Cloudy,67.0,212.0,77.0,3.31,1.77,0.308
1,0.2091,Player_003,2022-06-29,2022,L,R,5,Cloudy,76.0,198.0,76.0,3.52,1.74,0.268
0,0.3012,Player_024,2023-04-27,2023,R,R,5,Sunny,69.0,229.0,72.0,3.51,1.54,0.256
0,0.3435,Player_018,2022-07-02,2022,R,R,4,Cloudy,,222.0,75.0,3.43,1.7,0.256
0,0.3798,Player_014,2022-07-06,2022,L,R,9,Sunny,91.0,237.0,73.0,3.48,1.53,0.295
0,0.3505,Player_007,2024-09-26,2024,L,R,3,Overcast,93.0,198.0,77.0,3.67,1.51,0.315
0,0.2859,Player_028,2022-06-09,2022,R,L,8,Sunny,89.0,195.0,74.0,3.57,1.56,0.26
0,0.1584,Player_036,2023-06-21,2023,R,R,6,Overcast,89.0,206.0,75.0,3.44,1.65,0.231
0,0.249,Player_023,2022-07-02,2022,R,L,6,Cloudy,77.0,228.0,71.0,3.67,1.64,0.224
0,0.213,Player_009,2022-04-24,2022,R,R,3,Cloudy,76.0,207.0,70.0,3.37,1.73,0.303
0,0.3598,Player_000,2023-04-11,2023,L,L,9,Sunny,67.0,196.0,77.0,3.37,1.66,0.251
1,0.3591,Player_028,2024-08-05,2024,R,R,5,Sunny,85.0,234.0,74.0,3.39,1.58,0.302
1,0.2335,Player_006,2023-05-25,2023,L,R,5,Sunny,67.0,200.0,75.0,3.39,1.54,0.232
1,0.2668,Player_002,2023-06-05,2023,L,L,3,Cloudy,68.0,231.0,73.0,3.33,1.67,0.224
1,0.2974,Player_007,2023-09-26,2023,R,R,5,Cloudy,92.0,216.0,75.0,3.42,1.7,0.251
0,0.3631,Player_008,2023-05-15,2023,L,R,7,Overcast,55.0,179.0,73.0,3.52,1.56,0.252
0,0.1327,Player_013,2023-09-10,2023,R,L,9,Sunny,59.0,207.0,75.0,3.39,1.69,
0,0.1453,Player_012,2022-07-23,2022,L,R,8,Drizzle,86.0,219.0,75.0,3.34,1.76,0.244
0,0.2527,Player_007,2022-05-18,2022,R,L,2,Drizzle,82.0,234.0,71.0,3.56,1.57,0.294
0,0.0728,Player_031,2023-09-19,2023,R,L,1,Sunny,86.0,210.0,77.0,3.47,1.75,0.312
0,0.2611,Player_033,2023-07-22,2023,R,L,9,Sunny,73.0,175.0,77.0,3.56,1.79,0.298
0,0.3215,Player_010,2024-05-26,2024,R,R,8,Cloudy,55.0,198.0,76.0,3.4,1.78,0.317
1,0.3665,Player_014,2023-06-21,2023,S,R,2,Sunny,66.0,237.0,70.0,3.6,1.54,0.237
0,0.2364,Player_032,2024-06-06,2024,R,R,8,Sunny,89.0,207.0,70.0,3.69,1.51,0.288
1,0.2913,Player_038,2023-08-31,2023,R,R,7,Cloudy,81.0,199.0,76.0,3.4,1.72,0.272
0,0.3256,Player_031,2023-06-23,2023,R,R,9,Cloudy,90.0,232.0,71.0,3.56,1.61,0.307
1,0.2177,Player_022,2023-04-07,2023,L,R,2,Sunny,55.0,202.0,77.0,3.61,1.55,0.294
0,0.3641,Player_039,2022-08-02,2022,L,R,8,Drizzle,67.0,225.0,72.0,3.52,1.63,0.298
0,0.3192,Player_029,2024-08-14,2024,L,R,4,Sunny,82.0,176.0,71.0,3.42,1.66,0.259
0,0.2276,Player_027,2023-06-11,2023,L,L,5,Sunny,55.0,211.0,75.0,3.39,1.55,0.288
0,0.2799,Player_001,2023-09-13,2023,L,L,3,Sunny,72.0,176.0,75.0,3.56,1.51,0.308
0,0.2902,Player_025,2023-06-16,2023,L,R,1,Drizzle,90.0,186.0,75.0,3.49,1.73,0.24
0,0.3346,Player_011,2024-05-17,2024,R,R,7,Overcast,61.0,210.0,76.0,3.63,1.64,0.223
0,0.2448,Player_024,2022-08-05,2022,L,L,1,Sunny,57.0,215.0,74.0,3.34,1.57,0.251
1,0.2959,Player_022,2024-04-22,2024,R,R,5,Cloudy,80.0,182.0,72.0,3.31,1.79,0.306
0,0.2565,Player_004,2022-09-25,2022,L,R,2,Sunny,64.0,207.0,73.0,3.45,1.73,
0,0.1844,Player_018,2022-08-02,2022,R,L,9,Sunny,,201.0,75.0,3.49,1.62,0.246
1,0.282,Player_020,2024-05-26,2024,L,L,5,Sunny,76.0,204.0,76.0,3.56,1.58,0.311
0,0.1872,Player_001,2022-04-15,2022,R,L,2,Overcast,79.0,227.0,73.0,3.35,1.72,0.224
1,0.356,Player_034,2023-07-15,2023,L,R,9,Sunny,87.0,236.0,70.0,3.53,1.72,0.301
0,0.3215,Player_037,2023-07-15,2023,R,R,7,Cloudy,59.0,179.0,73.0,3.63,1.77,0.3
0,0.2464,Player_000,2024-08-20,2024,L,R,2,Sunny,86.0,239.0,74.0,3.66,1.5,0.272
0,0.265,Player_004,2024-05-21,2024,R,L,4,Drizzle,81.0,178.0,76.0,3.66,1.69,0.246
0,0.2461,Player_005,2023-05-09,2023,L,R,5,Drizzle,82.0,236.0,76.0,3.51,1.58,0.263
0,0.1377,Player_017,2024-06-13,2024,R,L,7,Sunny,64.0,215.0,76.0,3.66,1.79,0.255
1,0.2582,Player_024,2022-08-26,2022,L,R,9,Cloudy,88.0,223.0,72.0,3.52,1.51,0.234
0,0.2765,Player_009,2023-09-11,2023,R,R,8,Cloudy,59.0,190.0,70.0,3.33,1.65,
1,0.3165,Player_033,2024-06-02,2024,R,R,1,Drizzle,82.0,213.0,71.0,3.69,1.71,0.24
0,0.3105,Player_012,2024-04-08,2024,L,R,5,Sunny,60.0,213.0,70.0,3.3,1.73,0.32
0,0.3635,Player_012,2024-04-19,2024,L,R,1,Sunny,80.0,195.0,75.0,3.41,1.69,0.277
1,0.2013,Player_023,2024-07-06,2024,L,L,3,Sunny,73.0,207.0,72.0,3.32,1.64,0.232
1,0.2736,Player_034,2023-04-05,2023,L,R,3,Cloudy,61.0,236.0,71.0,3.52,1.77,0.281
0,0.3651,Player_009,2024-08-08,2024,S,L,3,Sunny,62.0,181.0,74.0,3.53,1.67,0.258
0,0.1648,Player_013,2022-04-06,2022,L,R,3,Sunny,72.0,204.0,73.0,3.56,1.66,0.239
0,0.2684,Player_013,2023-06-16,2023,L,R,4,Overcast,69.0,196.0,75.0,3.36,1.76,0.25
0,0.205,Player_018,2024-08-21,2024,S,R,5,Overcast,73.0,188.0,77.0,3.31,1.63,0.246
1,0.2563,Player_017,2023-06-24,2023,L,L,9,Sunny,72.0,206.0,70.0,3.41,1.68,0.278
0,0.2696,Player_038,2023-07-31,2023,L,R,4,Cloudy,55.0,182.0,70.0,3.32,1.6,0.248
0,0.3222,Player_005,2024-05-30,2024,R,R,1,Sunny,72.0,182.0,76.0,3.31,1.56,0.225
0,0.2979,Player_016,2023-08-21,2023,R,R,6,Cloudy,71.0,229.0,77.0,3.41,1.64,0.302
0,0.1886,Player_010,2022-06-16,2022,R,R,3,Sunny,70.0,195.0,72.0,3.7,1.6,0.249
0,0.2088,Player_023,2022-08-14,2022,R,L,2,Sunny,64.0,196.0,71.0,3.62,1.51,0.25
0,0.28,Player_031,2023-09-19,2023,S,R,7,Sunny,62.0,217.0,72.0,3.44,1.65,0.263
0,0.3218,Player_037,2023-06-08,2023,L,L,7,Drizzle,,224.0,73.0,3.45,1.7,0.299
1,0.4203,Player_017,2022-05-12,2022,S,L,4,Sunny,79.0,231.0,70.0,3.67,1.52,0.282
1,0.3292,Player_010,2024-09-14,2024,R,R,2,Sunny,76.0,215.0,71.0,3.56,1.67,0.229
0,0.2091,Player_038,2022-08-01,2022,R,R,5,Sunny,87.0,192.0,70.0,3.63,1.59,0.266
0,0.2634,Player_003,2024-09-05,2024,L,L,5,Overcast,64.0,193.0,75.0,3.65,1.51,0.296
1,0.3127,Player_005,2024-06-07,2024,L,R,9,Sunny,,220.0,73.0,3.37,1.53,0.224
1,0.2436,Player_038,2023-06-02,2023,R,R,1,Sunny,62.0,230.0,77.0,3.31,1.71,0.224
1,0.3129,Player_035,2024-04-22,2024,R,R,2,Cloudy,92.0,234.0,73.0,3.41,1.66,0.29
0,0.091,Player_022,2022-08-18,2022,R,L,8,Sunny,86.0,229.0,72.0,3.54,1.79,0.27
0,0.3187,Player_013,2023-08-30,2023,R,R,9,Cloudy,60.0,215.0,72.0,3.66,1.7,0.236
1,0.2167,Player_038,2024-08-25,2024,R,L,6,Cloudy,87.0,186.0,77.0,3.42,1.79,0.287
0,0.2623,Player_038,2024-05-22,2024,L,L,3,Cloudy,91.0,202.0,71.0,3.64,1.59,0.228
0,0.4026,Player_034,2022-06-27,2022,L,R,2,Cloudy,81.0,182.0,75.0,3.56,1.67,0.264
0,0.2117,Player_030,2022-06-28,2022,L,R,8,Sunny,94.0,203.0,77.0,3.56,1.67,0.302
0,0.2891,Player_023,2022-04-22,2022,L,L,6,Cloudy,62.0,214.0,77.0,3.59,1.66,0.238
0,0.3256,Player_014,2024-03-31,2024,L,L,4,Drizzle,66.0,218.0,70.0,3.5,1.77,0.279
0,0.2919,Player_018,2022-05-31,2022,R,R,4,Sunny,80.0,190.0,75.0,3.57,1.66,0.257
0,0.167,Player_021,2023-07-01,2023,R,R,2,Overcast,76.0,220.0,76.0,3.62,1.58,0.309
0,0.3745,Player_019,2023-09-25,2023,R,R,8,Cloudy,,196.0,75.0,3.54,1.71,0.285
0,0.2852,Player_034,2023-09-05,2023,L,R,1,Cloudy,93.0,220.0,76.0,3.32,1.58,0.256
1,0.2131,Player_006,2023-08-07,2023,R,L,9,Sunny,64.0,235.0,77.0,3.5,1.53,0.269
0,0.2583,Player_003,2023-09-21,2023,R,R,2,Drizzle,89.0,193.0,77.0,3.54,1.68,0.273
0,0.2532,Player_018,2023-08-18,2023,R,R,2,Sunny,60.0,186.0,75.0,3.65,1.54,0.318
0,0.1967,Player_008,2023-07-04,2023,R,R,1,Sunny,73.0,237.0,71.0,3.3,1.71,0.295
0,0.2615,Player_032,2023-09-12,2023,R,L,5,Sunny,72.0,205.0,76.0,3.32,1.63,0.291
0,0.2382,Player_033,2023-09-13,2023,R,R,1,Cloudy,87.0,190.0,75.0,3.45,1.76,0.318
0,0.327,Player_039,2023-05-07,2023,R,R,3,Cloudy,71.0,194.0,72.0,3.62,1.62,0.235
1,0.3162,Player_015,2024-05-20,2024,R,R,8,Cloudy,88.0,205.0,75.0,3.49,1.62,0.267
0,0.4138,Player_038,2023-09-22,2023,L,R,7,Sunny,61.0,197.0,71.0,3.42,1.63,0.316
1,0.2852,Player_004,2023-04-02,2023,L,R,4,Cloudy,94.0,233.0,76.0,3.58,1.71,0.305
0,0.2138,Player_038,2022-07-03,2022,L,L,1,Sunny,62.0,199.0,75.0,3.5,1.55,0.24
0,0.1771,Player_009,2022-06-08,2022,R,R,2,Overcast,78.0,205.0,75.0,3.53,1.6,0.262
0,0.4035,Player_000,2024-08-12,2024,R,L,5,Sunny,74.0,191.0,72.0,3.47,1.58,0.239
0,0.3263,Player_033,2024-09-19,2024,R,R,5,Sunny,58.0,220.0,71.0,3.59,1.62,0.29
1,0.2515,Player_020,2022-05-28,2022,L,R,8,Sunny,76.0,224.0,73.0,3.31,1.77,0.282
1,0.4185,Player_016,2023-05-10,2023,L,R,5,Sunny,89.0,211.0,72.0,3.3,1.69,0.278
0,0.3749,Player_008,2023-05-30,2023,R,R,4,Cloudy,76.0,227.0,76.0,3.57,1.65,0.31
0,0.1754,Player_016,2024-08-06,2024,L,L,6,Drizzle,83.0,192.0,77.0,3.31,1.54,0.23
1,0.2273,Player_024,2022-06-04,2022,R,R,8,Cloudy,94.0,210.0,75.0,3.43,1.67,0.314
0,0.2907,Player_005,2024-07-24,2024,L,R,8,Sunny,67.0,222.0,76.0,3.45,1.74,0.268
0,0.2051,Player_037,2022-06-02,2022,R,R,2,Sunny,56.0,233.0,77.0,3.55,1.61,0.223
0,0.2732,Player_028,2024-08-11,2024,R,R,4,Cloudy,82.0,196.0,75.0,3.61,1.77,0.311
0,0.3298,Player_035,2022-04-12,2022,R,R,9,Sunny,86.0,183.0,72.0,3.63,1.61,
0,0.2039,Player_001,2023-06-01,2023,L,R,8,Overcast,60.0,225.0,71.0,3.41,1.55,0.314
0,0.3005,Player_034,2022-05-26,2022,R,R,8,Cloudy,69.0,207.0,72.0,3.36,1.75,0.303
1,0.3618,Player_034,2022-07-17,2022,R,R,2,Sunny,69.0,178.0,72.0,3.69,1.67,0.248
0,0.278,Player_014,2024-07-25,2024,R,L,4,Drizzle,85.0,228.0,71.0,3.32,1.66,0.249
0,0.2447,Player_022,2023-08-09,2023,R,L,8,Sunny,90.0,207.0,75.0,3.63,1.78,0.253
0,0.2532,Player_020,2022-09-10,2022,L,R,2,Cloudy,84.0,215.0,77.0,3.31,1.75,0.243
1,0.3382,Player_033,2024-08-21,2024,R,R,7,Sunny,66.0,198.0,72.0,3.49,1.8,0.311
0,0.2176,Player_011,2022-04-08,2022,L,R,5,Sunny,79.0,239.0,73.0,3.56,1.71,0.273
1,0.287,Player_036,2022-07-31,2022,L,L,7,Sunny,,202.0,77.0,3.49,1.67,0.247
0,0.2518,Player_022,2022-04-03,2022,R,L,7,Cloudy,80.0,213.0,77.0,3.53,1.66,0.297
0,0.3588,Player_000,2023-06-14,2023,R,R,1,Sunny,93.0,209.0,70.0,3.31,1.61,0.283
1,0.2592,Player_012,2024-07-15,2024,L,R,2,Overcast,81.0,237.0,72.0,3.36,1.55,0.258
1,0.2352,Player_005,2022-05-28,2022,L,L,4,Sunny,86.0,214.0,72.0,3.52,1.75,0.311
0,0.1831,Player_032,2024-08-03,2024,L,L,9,Sunny,84.0,181.0,72.0,3.63,1.5,0.276
0,0.3006,Player_016,2022-08-22,2022,L,L,9,Cloudy,74.0,230.0,77.0,3.52,1.77,0.283
0,0.2503,Player_018,2022-07-19,2022,R,R,7,Sunny,,177.0,76.0,3.5,1.58,0.223
0,0.2397,Player_014,2024-07-03,2024,L,R,3,Sunny,,209.0,70.0,3.7,1.57,
1,0.2263,Player_028,2024-09-22,2024,R,R,9,Sunny,69.0,198.0,74.0,3.46,1.5,0.261
1,0.3076,Player_039,2023-07-27,2023,L,L,7,Cloudy,90.0,206.0,74.0,3.45,1.61,0.295
0,0.2228,Player_034,2022-05-12,2022,L,R,3,Sunny,88.0,229.0,74.0,3.33,1.53,0.224
1,0.209,Player_039,2022-07-28,2022,R,R,7,Sunny,82.0,182.0,75.0,3.61,1.56,0.259
0,0.3327,Player_011,2024-06-25,2024,L,L,4,Cloudy,76.0,178.0,73.0,3.33,1.71,0.227
1,0.2584,Player_026,2023-04-05,2023,L,L,5,Overcast,,233.0,75.0,3.35,1.62,0.313
1,0.3469,Player_024,2023-09-12,2023,S,R,3,Sunny,60.0,191.0,73.0,3.32,1.5,0.262
1,0.2548,Player_012,2022-08-22,2022,R,R,6,Overcast,89.0,203.0,77.0,3.38,1.6,0.234
1,0.2799,Player_033,2024-07-20,2024,R,R,3,Sunny,93.0,239.0,76.0,3.48,1.5,0.294
1,0.3109,Player_036,2022-07-31,2022,L,R,9,Sunny,81.0,222.0,70.0,3.32,1.77,0.308
0,0.3771,Player_038,2023-07-13,2023,R,R,2,Sunny,94.0,216.0,71.0,3.46,1.76,0.298
0,0.3714,Player_039,2024-05-31,2024,S,R,3,Sunny,63.0,175.0,73.0,3.49,1.61,0.305
0,0.3607,Player_006,2022-09-15,2022,R,R,2,Sunny,75.0,200.0,70.0,3.34,1.57,0.305
1,0.226,Player_005,2023-07-09,2023,L,L,3,Sunny,61.0,208.0,70.0,3.32,1.53,0.319
0,0.2309,Player_027,2023-06-01,2023,L,R,7,Sunny,76.0,180.0,70.0,3.43,1.71,0.256
1,0.3233,Player_029,2023-08-02,2023,L,L,9,Sunny,90.0,217.0,77.0,3.56,1.54,0.255
0,0.3964,Player_017,2024-04-28,2024,L,R,2,Sunny,66.0,224.0,73.0,3.54,1.7,0.231
1,0.3614,Player_006,2023-05-28,2023,R,R,3,Sunny,71.0,198.0,76.0,3.35,1.58,0.306
0,0.3009,Player_011,2022-04-24,2022,L,R,2,Sunny,75.0,235.0,76.0,3.34,1.72,
1,0.3509,Player_005,2023-04-16,2023,L,R,8,Cloudy,73.0,235.0,71.0,3.37,1.62,0.248
1,0.3222,Player_006,2023-08-26,2023,L,L,5,Sunny,93.0,223.0,75.0,3.65,1.54,0.282
0,0.2904,Player_007,2023-06-18,2023,R,R,4,Sunny,72.0,195.0,74.0,3.67,1.58,0.244
0,0.3135,Player_023,2024-09-01,2024,L,R,7,Sunny,65.0,182.0,77.0,3.51,1.71,0.306
0,0.3069,Player_020,2022-07-24,2022,L,R,1,Cloudy,68.0,220.0,76.0,3.66,1.71,0.221
1,0.2448,Player_013,2022-05-13,2022,L,R,8,Cloudy,67.0,209.0,74.0,3.35,1.68,0.29
1,0.232,Player_021,2022-05-09,2022,S,R,1,Overcast,67.0,221.0,75.0,3.56,1.6,0.274
0,0.2509,Player_026,2024-06-21,2024,L,R,6,Sunny,90.0,201.0,74.0,3.56,1.69,0.249
0,0.1681,Player_003,2024-04-17,2024,R,R,1,Cloudy,,184.0,74.0,3.48,1.51,0.312
0,0.28,Player_011,2023-07-15,2023,L,L,2,Sunny,70.0,233.0,74.0,3.6,1.68,0.268
0,0.2672,Player_008,2023-06-22,2023,L,L,6,Overcast,60.0,237.0,77.0,3.49,1.73,0.272
1,0.3233,Player_000,2024-04-25,2024,L,L,6,Cloudy,93.0,224.0,77.0,3.64,1.54,0.228
0,0.3583,Player_004,2024-07-03,2024,L,L,5,Sunny,61.0,176.0,71.0,3.35,1.74,0.261
1,0.3927,Player_030,2023-08-31,2023,L,R,6,Drizzle,68.0,227.0,70.0,3.31,1.77,0.236
1,0.3793,Player_035,2024-09-10,2024,R,R,8,Sunny,82.0,239.0,72.0,3.45,1.79,0.275
1,0.227,Player_006,2024-06-14,2024,R,R,3,Drizzle,55.0,201.0,73.0,3.35,1.51,0.278
0,0.1998,Player_030,2023-04-14,2023,L,R,9,Sunny,67.0,207.0,71.0,3.37,1.77,0.244
0,0.3652,Player_010,2023-09-03,2023,L,R,2,Sunny,93.0,176.0,73.0,3.32,1.52,0.314
1,0.3767,Player_005,2023-07-09,2023,R,R,9,Cloudy,55.0,214.0,73.0,3.47,1.61,0.25
0,0.4089,Player_009,2023-08-15,2023,L,R,9,Sunny,64.0,224.0,77.0,3.59,1.66,0.285
1,0.3339,Player_036,2024-04-08,2024,L,R,4,Cloudy,58.0,188.0,73.0,3.52,1.57,0.318
0,0.1602,Player_013,2023-05-24,2023,L,R,1,Sunny,82.0,216.0,71.0,3.44,1.6,0.3
0,0.2956,Player_029,2022-05-22,2022,L,L,4,Sunny,55.0,191.0,73.0,3.3,1.77,0.295
1,0.3189,Player_019,2023-08-07,2023,R,R,3,Sunny,,184.0,70.0,3.5,1.55,0.226
1,0.3376,Player_017,2024-07-31,2024,S,L,6,Drizzle,73.0,176.0,70.0,3.43,1.66,0.272
0,0.3801,Player_032,2022-08-12,2022,S,R,3,Drizzle,84.0,224.0,75.0,3.4,1.75,0.295
0,0.3437,Player_039,2023-06-11,2023,S,R,1,Sunny,,188.0,72.0,3.48,1.57,0.286
0,0.2289,Player_026,2022-05-27,2022,L,L,9,Cloudy,,184.0,75.0,3.37,1.78,0.277
0,0.198,Player_033,2024-05-04,2024,L,L,8,Sunny,77.0,237.0,70.0,3.43,1.79,0.312
0,0.3374,Player_005,2022-05-16,2022,L,R,5,Sunny,87.0,223.0,72.0,3.67,1.58,0.276
0,0.2445,Player_036,2022-04-30,2022,L,R,8,Drizzle,84.0,191.0,74.0,3.54,1.64,0.304
0,0.4033,Player_007,2024-08-26,2024,L,R,9,Overcast,93.0,221.0,74.0,3.7,1.5,0.309
0,0.1807,Player_007,2022-07-31,2022,L,R,9,Cloudy,58.0,207.0,74.0,3.55,1.79,0.299
0,0.3197,Player_033,2024-07-31,2024,R,R,8,Sunny,56.0,175.0,74.0,3.34,1.54,0.235
0,0.3224,Player_019,2023-09-07,2023,L,R,1,Overcast,82.0,192.0,72.0,3.57,1.63,0.298
0,0.2855,Player_009,2024-08-11,2024,L,R,7,Drizzle,69.0,225.0,72.0,3.65,1.7,0.299
0,0.2152,Player_001,2022-05-28,2022,R,R,9,Drizzle,84.0,221.0,73.0,3.67,1.7,0.287
0,0.1257,Player_008,2022-05-27,2022,L,L,2,Cloudy,83.0,201.0,73.0,3.52,1.7,0.257
0,0.2428,Player_032,2022-04-23,2022,R,R,1,Sunny,72.0,239.0,76.0,3.35,1.51,0.249
0,0.234,Player_000,2024-08-07,2024,L,L,4,Drizzle,94.0,207.0,71.0,3.56,1.72,0.285
0,0.3278,Player_036,2024-09-04,2024,R,L,8,Cloudy,90.0,175.0,74.0,3.36,1.72,0.293
1,0.2452,Player_030,2022-08-07,2022,L,R,8,Sunny,69.0,237.0,76.0,3.32,1.66,0.312
1,0.2817,Player_008,2022-06-24,2022,R,L,6,Sunny,55.0,176.0,72.0,3.38,1.72,0.254
1,0.2095,Player_029,2022-05-30,2022,L,R,9,Cloudy,94.0,234.0,73.0,3.34,1.5,0.249
1,0.3336,Player_020,2022-06-18,2022,L,R,2,Overcast,93.0,179.0,75.0,3.48,1.55,0.294
0,0.0934,Player_013,2022-05-19,2022,R,L,8,Drizzle,90.0,199.0,75.0,3.68,1.52,0.318
1,0.4467,Player_020,2024-04-29,2024,L,R,8,Drizzle,57.0,178.0,74.0,3.56,1.59,0.249
0,0.2901,Player_000,2022-06-17,2022,L,R,9,Cloudy,83.0,221.0,73.0,3.58,1.56,0.247
1,0.0844,Player_035,2024-05-12,2024,R,R,3,Drizzle,93.0,194.0,70.0,3.62,1.56,0.309
1,0.2198,Player_031,2022-08-12,2022,L,L,6,Sunny,70.0,208.0,71.0,3.4,1.63,0.246
1,0.2187,Player_007,2024-09-10,2024,R,R,3,Sunny,,187.0,73.0,3.53,1.69,0.262
0,0.2341,Player_003,2023-05-05,2023,R,R,5,Sunny,76.0,228.0,75.0,3.59,1.66,0.319
0,0.2745,Player_016,2022-04-02,2022,L,R,9,Overcast,73.0,205.0,71.0,3.42,1.75,0.3
0,0.2336,Player_018,2024-09-04,2024,R,R,5,Drizzle,83.0,195.0,73.0,3.46,1.62,0.245
0,0.2429,Player_030,2022-05-23,2022,L,R,7,Overcast,78.0,176.0,71.0,3.58,1.62,0.315
1,0.1989,Player_033,2024-05-15,2024,R,R,5,Drizzle,82.0,205.0,71.0,3.62,1.5,0.304
0,0.3575,Player_002,2024-08-31,2024,L,R,1,Cloudy,63.0,222.0,77.0,3.44,1.73,0.317
0,0.3841,Player_009,2024-08-29,2024,L,R,2,Overcast,66.0,182.0,77.0,3.55,1.68,0.26
0,0.2822,Player_023,2024-07-13,2024,L,R,7,Sunny,80.0,208.0,77.0,3.57,1.54,0.287
0,0.2788,Player_015,2022-04-29,2022,R,R,3,Overcast,77.0,235.0,77.0,3.67,1.56,0.258
0,0.2012,Player_039,2023-08-06,2023,R,R,3,Overcast,70.0,231.0,73.0,3.61,1.55,0.264
0,0.285,Player_026,2024-08-11,2024,R,R,1,Sunny,88.0,233.0,75.0,3.38,1.62,0.287
0,0.2961,Player_012,2023-06-19,2023,R,R,8,Sunny,68.0,233.0,72.0,3.55,1.51,0.261
0,0.2646,Player_026,2023-07-11,2023,R,R,1,Sunny,74.0,192.0,74.0,3.68,1.73,0.262
1,0.2777,Player_017,2022-07-06,2022,R,L,5,Overcast,67.0,185.0,72.0,3.45,1.6,0.274
1,0.2716,Player_018,2024-07-28,2024,R,L,3,Cloudy,77.0,212.0,75.0,3.61,1.78,0.231
0,0.2062,Player_028,2023-07-02,2023,R,R,9,Sunny,77.0,221.0,73.0,3.52,1.58,0.319
0,0.3835,Player_017,2022-09-23,2022,L,R,6,Drizzle,68.0,199.0,72.0,3.48,1.61,0.303
0,0.2655,Player_027,2024-04-06,2024,R,R,1,Sunny,85.0,190.0,70.0,3.53,1.78,0.268
0,0.3973,Player_016,2024-04-09,2024,R,R,6,Sunny,61.0,185.0,72.0,3.47,1.55,0.296
0,0.3294,Player_023,2023-04-28,2023,L,R,2,Overcast,85.0,208.0,73.0,3.43,1.75,0.32
0,0.408,Player_019,2022-04-27,2022,L,L,6,Sunny,57.0,177.0,74.0,3.6,1.55,0.272
1,0.3823,Player_022,2024-06-28,2024,L,R,3,Sunny,65.0,219.0,76.0,3.51,1.65,0.292
0,0.2959,Player_013,2022-04-15,2022,R,R,7,Cloudy,71.0,228.0,75.0,3.67,1.76,0.228
1,0.2494,Player_004,2023-05-05,2023,L,R,5,Sunny,71.0,228.0,74.0,3.3,1.55,0.316
0,0.2009,Player_010,2024-07-02,2024,R,L,4,Sunny,80.0,193.0,73.0,3.61,1.51,0.237
0,0.3073,Player_014,2022-09-09,2022,L,L,8,Sunny,92.0,181.0,73.0,3.36,1.57,0.3
1,0.26,Player_012,2022-08-23,2022,R,L,4,Overcast,85.0,208.0,77.0,3.6,1.58,0.269
0,0.2588,Player_016,2022-05-10,2022,L,R,3,Cloudy,76.0,223.0,76.0,3.65,1.62,0.284
1,0.3383,Player_019,2023-04-10,2023,R,R,5,Overcast,58.0,233.0,73.0,3.61,1.72,0.28
1,0.2827,Player_010,2023-08-12,2023,R,R,8,Cloudy,,182.0,74.0,3.54,1.51,0.262
0,0.3287,Player_015,2022-08-19,2022,L,L,1,Sunny,67.0,176.0,73.0,3.35,1.67,0.315
1,0.2017,Player_011,2024-09-14,2024,L,L,3,Sunny,79.0,184.0,74.0,3.68,1.72,0.251
1,0.37,Player_023,2024-06-16,2024,L,R,6,Sunny,87.0,210.0,73.0,3.43,1.74,0.243
0,0.3351,Player_019,2022-04-11,2022,L,R,3,Cloudy,82.0,185.0,76.0,3.31,1.79,0.309
0,0.3638,Player_025,2023-09-17,2023,R,R,7,Cloudy,59.0,237.0,75.0,3.3,1.75,0.249
0,0.3184,Player_017,2023-05-22,2023,R,L,1,Cloudy,65.0,197.0,71.0,3.6,1.53,0.231
1,0.2741,Player_039,2023-06-08,2023,R,R,3,Overcast,94.0,227.0,70.0,3.63,1.55,0.236
1,0.2684,Player_019,2023-06-14,2023,R,R,6,Sunny,,196.0,77.0,3.62,1.72,0.256
1,0.4248,Player_024,2022-09-25,2022,L,R,8,Overcast,80.0,189.0,72.0,3.52,1.56,0.308
0,0.2597,Player_017,2022-06-05,2022,R,R,4,Sunny,72.0,180.0,71.0,3.55,1.57,0.286
0,0.3324,Player_029,2022-07-10,2022,R,R,3,Cloudy,92.0,188.0,75.0,3.66,1.75,0.233
0,0.2733,Player_022,2022-06-30,2022,L,R,9,Sunny,84.0,223.0,73.0,3.57,1.64,0.274
0,0.1497,Player_003,2024-09-25,2024,S,R,5,Sunny,84.0,224.0,74.0,3.44,1.62,0.282
0,0.1841,Player_029,2024-09-18,2024,L,L,2,Cloudy,91.0,218.0,75.0,3.68,1.64,0.301
0,0.3084,Player_030,2024-07-22,2024,R,R,8,Sunny,93.0,180.0,72.0,3.69,1.58,0.276
0,0.3291,Player_016,2024-04-19,2024,S,R,1,Overcast,89.0,195.0,74.0,3.55,1.53,0.254
0,0.3086,Player_020,2023-06-02,2023,R,R,7,Cloudy,81.0,213.0,75.0,3.53,1.79,0.32
1,0.3802,Player_000,2022-07-29,2022,L,R,9,Cloudy,64.0,235.0,74.0,3.67,1.59,0.246
0,0.3074,Player_034,2024-08-22,2024,R,R,6,Sunny,65.0,190.0,77.0,3.61,1.65,0.316
0,0.2157,Player_031,2022-08-14,2022,L,L,9,Drizzle,61.0,187.0,73.0,3.35,1.52,0.241
0,0.3216,Player_038,2022-06-27,2022,R,R,6,Drizzle,87.0,229.0,74.0,3.68,1.54,0.272
1,0.3119,Player_023,2024-07-29,2024,L,R,6,Sunny,68.0,205.0,76.0,3.59,1.53,
1,0.2397,Player_009,2024-05-25,2024,R,R,1,Cloudy,64.0,199.0,75.0,3.6,1.52,0.309
0,0.3131,Player_011,2024-07-23,2024,R,R,2,Drizzle,84.0,199.0,77.0,3.46,1.7,0.269
1,0.3056,Player_037,2022-06-26,2022,L,R,7,Sunny,77.0,201.0,71.0,3.3,1.51,0.308
0,0.2276,Player_001,2024-08-01,2024,L,L,7,Sunny,64.0,206.0,77.0,3.41,1.64,0.302
0,0.2675,Player_026,2022-09-04,2022,R,R,6,Drizzle,69.0,226.0,73.0,3.43,1.7,0.239
0,0.3989,Player_002,2023-08-26,2023,L,R,2,Sunny,74.0,219.0,71.0,3.48,1.61,0.226
0,0.3967,Player_029,2024-08-09,2024,L,R,1,Drizzle,86.0,180.0,72.0,3.58,1.55,0.312
0,0.3132,Player_023,2023-08-17,2023,L,R,1,Sunny,55.0,183.0,72.0,3.48,1.57,0.276
0,0.274,Player_018,2024-05-01,2024,L,L,2,Cloudy,,214.0,77.0,3.45,1.55,0.305
0,0.1797,Player_028,2024-05-03,2024,R,R,2,Sunny,58.0,229.0,70.0,3.4,1.59,0.289
0,0.4004,Player_014,2024-08-28,2024,R,R,9,Sunny,89.0,237.0,71.0,3.61,1.61,0.297
0,0.3425,Player_022,2022-07-07,2022,L,L,8,Drizzle,59.0,233.0,75.0,3.62,1.62,0.268
0,0.3326,Player_032,2022-06-17,2022,R,R,2,Cloudy,64.0,217.0,77.0,3.45,1.57,0.293
0,0.1408,Player_018,2024-07-28,2024,L,R,3,Drizzle,69.0,190.0,70.0,3.39,1.57,0.312
0,0.3029,Player_000,2023-04-15,2023,L,R,9,Sunny,94.0,180.0,73.0,3.39,1.69,0.291
0,0.2411,Player_039,2023-04-30,2023,R,L,5,Drizzle,70.0,222.0,73.0,3.57,1.51,0.313
0,0.3178,Player_021,2022-04-27,2022,L,L,3,Cloudy,87.0,234.0,73.0,3.61,1.63,0.244
0,0.2184,Player_017,2022-07-11,2022,R,L,3,Sunny,65.0,201.0,76.0,3.61,1.78,0.3
0,0.2338,Player_002,2024-04-11,2024,R,L,4,Sunny,70.0,183.0,74.0,3.65,1.73,0.273
0,0.2934,Player_003,2023-04-09,2023,R,L,5,Sunny,75.0,222.0,71.0,3.6,1.6,0.226
0,0.2258,Player_010,2024-07-30,2024,R,R,5,Sunny,60.0,198.0,71.0,3.49,1.66,0.285
0,0.2598,Player_036,2022-08-11,2022,L,R,5,Drizzle,56.0,216.0,75.0,3.41,1.79,0.283
0,0.3135,Player_029,2022-05-17,2022,L,R,6,Drizzle,68.0,186.0,71.0,3.45,1.71,0.319
0,0.3937,Player_016,2023-08-03,2023,L,R,3,Sunny,86.0,198.0,73.0,3.41,1.68,0.285
0,0.3366,Player_030,2024-04-17,2024,R,R,5,Sunny,59.0,221.0,73.0,3.34,1.67,0.233
1,0.3253,Player_015,2022-06-13,2022,R,L,8,Sunny,87.0,230.0,73.0,3.36,1.77,0.319
0,0.2744,Player_035,2023-06-05,2023,L,L,4,Overcast,,192.0,75.0,3.31,1.56,0.251
0,0.3747,Player_013,2023-06-02,2023,L,L,9,Cloudy,65.0,226.0,71.0,3.38,1.67,0.29
0,0.1781,Player_028,2022-09-04,2022,L,R,5,Cloudy,59.0,191.0,75.0,3.63,1.61,0.28
1,0.4216,Player_017,2023-04-15,2023,R,R,4,Cloudy,77.0,222.0,76.0,3.51,1.64,0.256
0,0.4306,Player_026,2023-07-23,2023,R,R,7,Drizzle,72.0,201.0,77.0,3.46,1.51,0.261
1,0.312,Player_007,2022-05-20,2022,R,R,4,Sunny,59.0,220.0,73.0,3.39,1.74,0.285
0,0.3383,Player_037,2023-06-27,2023,R,R,4,Sunny,81.0,193.0,70.0,3.54,1.56,0.307
0,0.2973,Player_011,2022-05-07,2022,L,R,4,Cloudy,88.0,180.0,75.0,3.69,1.67,0.315
0,0.2653,Player_021,2024-08-09,2024,R,R,5,Drizzle,73.0,225.0,76.0,3.44,1.78,0.319
1,0.2372,Player_027,2024-04-10,2024,R,R,1,Cloudy,73.0,175.0,70.0,3.64,1.58,0.232
1,0.2966,Player_026,2024-04-13,2024,L,R,4,Overcast,90.0,209.0,71.0,3.68,1.6,
1,0.3189,Player_022,2024-05-29,2024,R,R,7,Overcast,70.0,178.0,72.0,3.61,1.62,0.241
0,0.3294,Player_034,2023-09-06,2023,L,R,3,Sunny,64.0,211.0,74.0,3.54,1.66,0.317
1,0.3891,Player_038,2023-04-05,2023,R,L,5,Cloudy,88.0,182.0,74.0,3.42,1.57,0.23
0,0.287,Player_030,2023-05-02,2023,R,R,3,Overcast,75.0,185.0,71.0,3.31,1.72,0.29
0,0.1758,Player_007,2022-06-28,2022,R,R,9,Sunny,,239.0,71.0,3.59,1.69,0.316
0,0.3951,Player_030,2024-04-03,2024,R,R,3,Cloudy,91.0,234.0,77.0,3.68,1.53,0.278
1,0.2145,Player_020,2022-07-06,2022,L,R,7,Sunny,87.0,204.0,75.0,3.58,1.65,0.221
0,0.2408,Player_021,2023-06-05,2023,R,R,7,Overcast,69.0,197.0,74.0,3.31,1.61,0.227
0,0.299,Player_037,2023-07-26,2023,R,R,4,Sunny,83.0,220.0,72.0,3.36,1.61,0.291
0,0.3092,Player_021,2024-04-10,2024,R,R,9,Sunny,73.0,199.0,73.0,3.46,1.79,0.26
0,0.1788,Player_034,2023-05-02,2023,R,R,9,Cloudy,85.0,184.0,77.0,3.7,1.62,0.271
0,0.2477,Player_025,2023-05-01,2023,L,R,1,Cloudy,92.0,190.0,72.0,3.33,1.51,0.225
1,0.1463,Player_003,2023-08-11,2023,R,L,6,Sunny,84.0,215.0,72.0,3.43,1.61,0.31
0,0.3235,Player_028,2024-08-11,2024,R,R,2,Sunny,74.0,237.0,73.0,3.52,1.68,0.311
0,0.3828,Player_019,2024-04-20,2024,L,R,9,Overcast,94.0,217.0,71.0,3.34,1.66,0.28
0,0.1945,Player_021,2022-06-12,2022,R,R,9,Drizzle,89.0,214.0,70.0,3.35,1.52,
0,0.3497,Player_012,2024-08-04,2024,S,R,4,Cloudy,64.0,226.0,77.0,3.33,1.55,0.259
0,0.3452,Player_007,2022-04-02,2022,R,R,4,Sunny,92.0,178.0,75.0,3.5,1.73,0.24
0,0.2339,Player_029,2022-04-19,2022,R,R,8,Cloudy,74.0,215.0,72.0,3.41,1.5,0.314
0,0.1612,Player_009,2022-07-25,2022,L,R,4,Cloudy,65.0,187.0,74.0,3.32,1.57,0.269
0,0.205,Player_003,2023-07-11,2023,S,R,7,Sunny,66.0,202.0,73.0,3.5,1.79,0.231
1,0.2583,Player_019,2023-08-06,2023,L,R,6,Sunny,86.0,206.0,70.0,3.59,1.7,0.299
0,0.3579,Player_028,2023-06-23,2023,R,L,3,Sunny,70.0,222.0,76.0,3.57,1.57,0.317
0,0.2717,Player_008,2024-09-09,2024,R,R,4,Sunny,81.0,187.0,70.0,3.57,1.56,0.248
1,0.1795,Player_014,2023-04-23,2023,R,L,9,Cloudy,72.0,237.0,74.0,3.52,1.62,0.289
0,0.2903,Player_016,2022-04-28,2022,R,R,5,Sunny,,214.0,72.0,3.61,1.69,0.32
1,0.1593,Player_036,2023-07-24,2023,R,L,4,Cloudy,60.0,197.0,73.0,3.32,1.55,0.231
1,0.316,Player_005,2024-09-01,2024,R,R,9,Cloudy,78.0,195.0,73.0,3.38,1.72,0.301
1,0.2316,Player_036,2023-04-05,2023,L,R,6,Cloudy,69.0,181.0,73.0,3.58,1.51,0.27
0,0.2217,Player_005,2023-08-06,2023,R,R,6,Cloudy,86.0,197.0,71.0,3.43,1.56,0.287
0,0.2763,Player_023,2023-09-23,2023,R,L,4,Cloudy,92.0,182.0,70.0,3.4,1.68,0.238
0,0.4225,Player_033,2023-07-11,2023,L,R,7,Sunny,68.0,226.0,71.0,3.31,1.71,0.242
0,0.4338,Player_036,2023-08-28,2023,R,R,1,Sunny,91.0,226.0,75.0,3.65,1.7,0.276
1,0.2072,Player_021,2024-05-17,2024,R,R,2,Cloudy,79.0,209.0,70.0,3.64,1.58,0.245
0,0.2382,Player_019,2022-08-23,2022,R,R,8,Sunny,57.0,237.0,74.0,3.32,1.62,0.28
1,0.2861,Player_031,2022-06-22,2022,R,L,3,Sunny,86.0,182.0,72.0,3.42,1.51,0.229
0,0.3818,Player_036,2024-05-23,2024,L,R,9,Sunny,77.0,232.0,75.0,3.39,1.5,0.298
0,0.1285,Player_000,2024-05-05,2024,R,R,9,Sunny,93.0,199.0,75.0,3.38,1.62,0.247
0,0.2761,Player_010,2023-09-01,2023,L,L,4,Sunny,73.0,224.0,71.0,3.4,1.66,0.294
1,0.2659,Player_011,2023-08-08,2023,L,R,9,Cloudy,65.0,233.0,75.0,3.42,1.75,0.236
0,0.1153,Player_033,2024-08-19,2024,R,L,7,Cloudy,61.0,183.0,75.0,3.58,1.79,0.3
1,0.2064,Player_000,2023-08-05,2023,L,R,8,Cloudy,58.0,230.0,72.0,3.69,1.68,
0,0.2303,Player_005,2023-05-17,2023,L,L,5,Sunny,83.0,239.0,76.0,3.32,1.74,0.237
1,0.2841,Player_000,2023-05-05,2023,R,R,2,Overcast,94.0,224.0,73.0,3.43,1.54,0.254
0,0.3706,Player_038,2023-07-26,2023,L,R,5,Sunny,,184.0,70.0,3.57,1.74,0.298
1,0.2948,Player_001,2023-05-16,2023,L,L,8,Cloudy,79.0,229.0,75.0,3.42,1.58,0.223
0,0.3663,Player_010,2024-07-25,2024,L,R,1,Sunny,56.0,193.0,73.0,3.38,1.62,0.294
0,0.2819,Player_020,2022-09-10,2022,R,R,1,Sunny,55.0,180.0,72.0,3.37,1.51,0.244
1,0.2507,Player_013,2022-08-13,2022,L,R,8,Overcast,74.0,216.0,73.0,3.54,1.64,0.32
0,0.2671,Player_003,2023-06-24,2023,R,R,6,Sunny,75.0,182.0,77.0,3.36,1.7,0.249
0,0.3287,Player_016,2023-09-11,2023,R,R,5,Sunny,72.0,211.0,73.0,3.34,1.58,0.235
1,0.3723,Player_031,2024-07-08,2024,L,R,7,Sunny,92.0,176.0,75.0,3.6,1.74,0.288
1,0.2696,Player_011,2024-06-23,2024,R,R,7,Drizzle,68.0,223.0,76.0,3.44,1.78,0.248
1,0.205,Player_020,2024-09-19,2024,L,L,4,Drizzle,94.0,183.0,74.0,3.66,1.67,0.274
1,0.2735,Player_018,2024-05-30,2024,R,L,6,Cloudy,65.0,218.0,77.0,3.5,1.57,0.297
1,0.3335,Player_009,2022-05-08,2022,L,R,5,Sunny,68.0,228.0,73.0,3.35,1.71,0.3
0,0.3663,Player_000,2022-04-26,2022,R,R,2,Sunny,66.0,181.0,71.0,3.38,1.59,0.242
0,0.2525,Player_033,2023-07-22,2023,L,R,7,Overcast,86.0,177.0,73.0,3.65,1.55,0.241
1,0.2333,Player_039,2024-06-30,2024,R,R,4,Sunny,68.0,232.0,70.0,3.35,1.59,0.247
0,0.3529,Player_020,2022-08-18,2022,L,R,9,Sunny,73.0,205.0,72.0,3.43,1.63,0.259
0,0.2515,Player_033,2022-04-27,2022,R,R,4,Overcast,59.0,207.0,71.0,3.42,1.57,0.295
0,0.2685,Player_014,2023-05-28,2023,L,R,2,Sunny,70.0,191.0,70.0,3.7,1.6,0.274
0,0.3878,Player_037,2023-04-22,2023,L,R,8,Overcast,62.0,205.0,71.0,3.69,1.62,
1,0.174,Player_022,2023-05-26,2023,L,L,2,Overcast,85.0,229.0,76.0,3.58,1.73,0.29
0,0.3939,Player_032,2024-09-19,2024,R,L,9,Overcast,87.0,229.0,76.0,3.39,1.76,0.281
1,0.2371,Player_026,2022-09-09,2022,R,R,6,Cloudy,65.0,227.0,77.0,3.37,1.75,0.272
1,0.3107,Player_036,2023-06-29,2023,S,L,5,Sunny,94.0,193.0,70.0,3.32,1.56,0.261
0,0.2724,Player_022,2022-04-18,2022,R,R,3,Cloudy,72.0,224.0,77.0,3.32,1.74,0.255
0,0.269,Player_033,2022-09-27,2022,S,L,2,Overcast,88.0,204.0,72.0,3.68,1.69,0.237
0,0.2516,Player_037,2023-04-29,2023,L,L,2,Cloudy,64.0,199.0,73.0,3.54,1.57,0.247
0,0.34,Player_030,2023-04-19,2023,R,R,8,Overcast,89.0,196.0,71.0,3.38,1.61,0.31
0,0.2557,Player_014,2023-06-13,2023,R,R,2,Drizzle,60.0,235.0,77.0,3.61,1.6,0.303
0,0.2399,Player_003,2023-09-17,2023,R,R,1,Cloudy,69.0,186.0,77.0,3.33,1.63,0.22
1,0.4069,Player_016,2024-08-21,2024,S,R,2,Drizzle,70.0,233.0,75.0,3.51,1.75,0.242
0,0.2821,Player_027,2022-06-04,2022,R,R,6,Sunny,62.0,234.0,70.0,3.38,1.62,0.301
0,0.2027,Player_034,2024-06-20,2024,R,L,5,Drizzle,93.0,217.0,73.0,3.48,1.52,0.279
0,0.1757,Player_030,2024-04-10,2024,R,R,4,Drizzle,66.0,176.0,72.0,3.39,1.72,0.227
1,0.4006,Player_025,2022-05-19,2022,L,L,9,Sunny,71.0,214.0,77.0,3.35,1.74,0.301
0,0.2414,Player_021,2023-07-30,2023,R,R,4,Cloudy,55.0,182.0,75.0,3.67,1.67,0.295
0,0.4243,Player_038,2022-06-15,2022,R,R,8,Cloudy,82.0,196.0,77.0,3.67,1.64,0.248
1,0.3079,Player_009,2022-09-24,2022,R,R,2,Overcast,62.0,179.0,76.0,3.5,1.73,0.294
0,0.29,Player_031,2022-06-20,2022,R,R,5,Sunny,66.0,222.0,74.0,3.61,1.51,0.309
0,0.3119,Player_022,2022-08-31,2022,L,R,2,Cloudy,91.0,206.0,72.0,3.38,1.68,0.285
0,0.4551,Player_020,2024-08-08,2024,L,R,1,Cloudy,89.0,236.0,76.0,3.46,1.79,0.294
1,0.1465,Player_015,2024-06-30,2024,L,R,7,Sunny,59.0,219.0,75.0,3.39,1.74,0.225
1,0.295,Player_025,2023-09-04,2023,R,R,7,Drizzle,,195.0,76.0,3.33,1.58,0.277
0,0.2814,Player_039,2024-09-03,2024,L,R,6,Cloudy,84.0,225.0,77.0,3.47,1.78,0.295
1,0.2351,Player_016,2024-05-27,2024,R,L,5,Sunny,93.0,193.0,74.0,3.6,1.56,0.266
0,0.2905,Player_004,2023-05-21,2023,R,R,3,Overcast,64.0,192.0,75.0,3.6,1.66,0.26
1,0.2314,Player_005,2023-08-06,2023,R,L,8,Sunny,68.0,192.0,73.0,3.48,1.69,0.276
1,0.3132,Player_007,2024-04-04,2024,L,R,2,Sunny,64.0,221.0,73.0,3.48,1.51,0.287
1,0.2483,Player_016,2024-08-04,2024,R,L,5,Sunny,76.0,238.0,71.0,3.54,1.54,0.302
0,0.2081,Player_000,2024-06-17,2024,L,R,9,Drizzle,79.0,230.0,71.0,3.67,1.66,0.302
0,0.2767,Player_011,2022-08-17,2022,R,L,7,Overcast,62.0,210.0,77.0,3.36,1.55,0.29
1,0.3201,Player_027,2024-04-23,2024,L,L,8,Cloudy,55.0,175.0,71.0,3.46,1.63,0.318
0,0.2621,Player_027,2022-07-13,2022,L,R,2,Sunny,60.0,237.0,70.0,3.66,1.71,0.274
0,0.4008,Player_026,2022-07-06,2022,L,L,1,Sunny,63.0,199.0,76.0,3.52,1.69,0.264
1,0.3735,Player_026,2023-04-03,2023,R,R,8,Cloudy,78.0,215.0,71.0,3.62,1.76,0.253
1,0.3591,Player_003,2024-07-03,2024,L,R,6,Cloudy,63.0,202.0,73.0,3.49,1.78,0.232
0,0.3382,Player_037,2022-07-28,2022,R,R,8,Sunny,87.0,194.0,72.0,3.67,1.78,0.242
1,0.2521,Player_011,2023-06-12,2023,R,L,8,Sunny,80.0,194.0,73.0,3.66,1.62,0.251
0,0.3599,Player_003,2024-07-19,2024,R,R,4,Drizzle,62.0,213.0,73.0,3.48,1.54,0.271
1,0.41,Player_032,2022-05-29,2022,L,R,1,Cloudy,94.0,202.0,70.0,3.3,1.7,0.32
1,0.3566,Player_018,2024-07-19,2024,L,R,9,Sunny,83.0,185.0,72.0,3.53,1.78,0.298
0,0.2301,Player_013,2023-05-14,2023,L,L,3,Drizzle,89.0,199.0,75.0,3.38,1.73,0.309
0,0.2972,Player_015,2023-05-21,2023,L,R,2,Sunny,81.0,204.0,70.0,3.4,1.71,0.238
1,0.3202,Player_023,2022-04-13,2022,R,R,6,Cloudy,81.0,215.0,72.0,3.47,1.74,0.222
0,0.3586,Player_021,2024-04-17,2024,L,R,1,Sunny,74.0,203.0,77.0,3.48,1.62,0.22
0,0.2646,Player_000,2024-04-24,2024,L,L,1,Drizzle,81.0,187.0,75.0,3.64,1.65,0.27
0,0.2303,Player_004,2022-05-05,2022,L,L,7,Sunny,85.0,212.0,74.0,3.31,1.56,0.232
0,0.3609,Player_037,2024-08-07,2024,R,L,1,Drizzle,94.0,229.0,74.0,3.42,1.7,0.239
0,0.2249,Player_019,2024-05-08,2024,L,R,6,Cloudy,78.0,200.0,77.0,3.55,1.6,0.238
1,0.2141,Player_039,2022-06-03,2022,R,R,5,Sunny,85.0,216.0,70.0,3.55,1.58,
0,0.2071,Player_026,2023-05-02,2023,L,R,1,Sunny,92.0,204.0,77.0,3.43,1.58,0.315
1,0.214,Player_029,2024-06-15,2024,S,R,9,Overcast,79.0,194.0,73.0,3.37,1.65,0.232
0,0.3373,Player_012,2023-05-15,2023,R,L,2,Sunny,85.0,231.0,73.0,3.41,1.66,0.231
0,0.3897,Player_033,2024-05-29,2024,L,R,6,Sunny,62.0,237.0,71.0,3.66,1.75,0.253
0,0.2948,Player_026,2022-04-13,2022,L,R,2,Cloudy,90.0,186.0,73.0,3.41,1.77,0.284
1,0.3347,Player_030,2024-06-29,2024,L,R,6,Sunny,94.0,215.0,74.0,3.5,1.59,0.257
1,0.2993,Player_010,2024-05-18,2024,L,R,2,Cloudy,69.0,234.0,72.0,3.68,1.6,0.248
0,0.1866,Player_023,2022-07-27,2022,L,L,8,Cloudy,90.0,209.0,72.0,3.35,1.58,0.232
1,0.4353,Player_014,2023-09-27,2023,R,R,5,Sunny,87.0,210.0,77.0,3.65,1.59,0.266
0,0.3762,Player_036,2023-06-27,2023,R,R,1,Sunny,64.0,237.0,76.0,3.6,1.72,0.224
0,0.3248,Player_036,2024-07-01,2024,L,R,1,Sunny,94.0,215.0,74.0,3.49,1.69,0.283
1,0.2201,Player_014,2022-08-28,2022,R,R,5,Drizzle,78.0,230.0,72.0,3.68,1.52,0.302
0,0.2843,Player_001,2023-06-01,2023,L,R,5,Sunny,61.0,181.0,76.0,3.33,1.67,0.317
1,0.2015,Player_009,2024-04-25,2024,S,L,3,Cloudy,59.0,213.0,76.0,3.64,1.75,0.252
0,0.3068,Player_010,2023-08-08,2023,L,R,6,Cloudy,75.0,184.0,77.0,3.38,1.52,0.303
1,0.3017,Player_000,2023-07-26,2023,R,R,8,Overcast,75.0,188.0,75.0,3.44,1.77,0.271
0,0.2561,Player_037,2023-06-24,2023,R,R,7,Sunny,89.0,222.0,71.0,3.35,1.58,0.247
0,0.1682,Player_018,2024-06-08,2024,L,L,7,Sunny,75.0,231.0,73.0,3.5,1.6,0.23
0,0.4492,Player_005,2022-04-06,2022,L,R,9,Cloudy,70.0,233.0,77.0,3.37,1.62,0.265
1,0.3166,Player_024,2024-07-09,2024,L,R,2,Cloudy,67.0,224.0,70.0,3.4,1.54,0.307
0,0.312,Player_015,2023-07-08,2023,R,R,1,Overcast,75.0,208.0,76.0,3.32,1.53,0.315
0,0.2504,Player_006,2024-07-01,2024,R,R,2,Sunny,65.0,203.0,74.0,3.42,1.57,0.266
0,0.1707,Player_018,2022-05-25,2022,R,R,1,Overcast,84.0,185.0,73.0,3.37,1.5,0.297
0,0.2442,Player_023,2023-04-28,2023,R,L,3,Sunny,60.0,226.0,71.0,3.57,1.67,0.241
0,0.2574,Player_026,2024-07-11,2024,R,R,2,Cloudy,,226.0,77.0,3.56,1.54,0.294
1,0.2997,Player_009,2024-07-20,2024,R,L,9,Cloudy,63.0,183.0,71.0,3.57,1.53,0.222
0,0.3134,Player_024,2022-05-02,2022,R,L,4,Sunny,62.0,234.0,74.0,3.57,1.67,0.262
0,0.3336,Player_031,2023-04-22,2023,R,R,2,Drizzle,93.0,196.0,74.0,3.34,1.68,0.297
0,0.3692,Player_025,2022-06-26,2022,L,R,5,Cloudy,70.0,218.0,73.0,3.39,1.7,0.257
0,0.4063,Player_038,2022-04-09,2022,R,R,4,Sunny,82.0,183.0,71.0,3.59,1.65,0.23
0,0.3273,Player_037,2024-05-04,2024,L,R,1,Sunny,70.0,186.0,71.0,3.49,1.77,0.317
0,0.3769,Player_019,2024-07-23,2024,L,R,9,Overcast,94.0,214.0,75.0,3.55,1.54,0.25
0,0.3146,Player_015,2023-05-24,2023,R,R,7,Overcast,61.0,201.0,75.0,3.32,1.74,0.224
1,0.137,Player_018,2022-06-22,2022,L,L,8,Sunny,73.0,176.0,71.0,3.45,1.62,
0,0.2892,Player_019,2022-08-02,2022,L,R,9,Sunny,58.0,236.0,76.0,3.48,1.77,0.29
0,0.2393,Player_006,2023-05-02,2023,L,R,8,Cloudy,77.0,232.0,75.0,3.58,1.57,0.258
0,0.2962,Player_038,2022-05-11,2022,R,R,3,Sunny,84.0,187.0,71.0,3.66,1.78,0.31
1,0.2246,Player_022,2024-05-23,2024,R,R,7,Sunny,73.0,217.0,73.0,3.53,1.76,0.241
1,0.3124,Player_005,2022-06-15,2022,L,L,1,Sunny,89.0,186.0,72.0,3.6,1.55,0.278
0,0.3687,Player_036,2022-07-10,2022,L,R,4,Cloudy,,221.0,74.0,3.56,1.63,0.231
0,0.3642,Player_037,2024-04-13,2024,R,R,7,Sunny,93.0,220.0,70.0,3.66,1.57,0.232
0,0.3933,Player_022,2022-06-25,2022,S,R,7,Sunny,94.0,223.0,77.0,3.62,1.54,0.24
1,0.1827,Player_037,2023-08-02,2023,L,R,7,Sunny,93.0,210.0,74.0,3.4,1.62,0.242
0,0.1961,Player_038,2023-09-01,2023,S,R,7,Sunny,72.0,176.0,75.0,3.39,1.66,
0,0.4549,Player_038,2022-07-07,2022,R,L,1,Drizzle,94.0,188.0,74.0,3.66,1.62,0.305
0,0.3707,Player_038,2023-07-22,2023,L,R,6,Sunny,81.0,239.0,73.0,3.54,1.6,0.307
0,0.2957,Player_002,2023-08-25,2023,R,R,6,Sunny,58.0,215.0,76.0,3.48,1.6,0.283
0,0.2522,Player_001,2024-08-08,2024,R,L,2,Overcast,58.0,197.0,72.0,3.58,1.55,0.261
0,0.276,Player_023,2022-07-06,2022,R,R,3,Drizzle,70.0,235.0,70.0,3.41,1.57,0.246
1,0.1646,Player_029,2023-07-11,2023,L,R,5,Overcast,77.0,202.0,74.0,3.62,1.66,0.249
1,0.2259,Player_033,2024-09-25,2024,R,R,6,Sunny,58.0,230.0,70.0,3.51,1.55,0.265
0,0.2722,Player_025,2022-08-15,2022,R,R,8,Cloudy,78.0,227.0,76.0,3.65,1.75,0.283
0,0.2299,Player_012,2022-05-14,2022,R,R,7,Cloudy,82.0,175.0,70.0,3.56,1.72,0.276
1,0.209,Player_037,2022-06-21,2022,S,L,9,Overcast,82.0,235.0,71.0,3.4,1.8,0.296
1,0.4591,Player_023,2022-08-12,2022,R,R,3,Sunny,93.0,231.0,77.0,3.69,1.6,0.233
1,0.2624,Player_027,2022-07-03,2022,R,R,4,Sunny,69.0,239.0,72.0,3.46,1.55,0.231
1,0.2995,Player_010,2024-06-16,2024,R,R,3,Sunny,56.0,215.0,74.0,3.61,1.52,0.319
0,0.317,Player_030,2023-07-19,2023,L,R,9,Cloudy,93.0,220.0,76.0,3.4,1.6,
0,0.3113,Player_005,2023-06-07,2023,L,L,6,Sunny,76.0,192.0,71.0,3.47,1.78,0.317
0,0.2666,Player_034,2022-08-01,2022,L,R,5,Cloudy,80.0,184.0,72.0,3.6,1.68,0.249
0,0.3373,Player_034,2022-08-10,2022,R,L,6,Cloudy,76.0,181.0,70.0,3.58,1.79,0.226
0,0.331,Player_027,2024-09-08,2024,L,R,3,Overcast,74.0,186.0,76.0,3.68,1.77,0.271
0,0.1899,Player_039,2024-09-19,2024,R,R,8,Drizzle,61.0,238.0,70.0,3.62,1.61,0.24
0,0.2925,Player_036,2024-08-06,2024,L,R,6,Cloudy,77.0,192.0,77.0,3.43,1.63,0.31
0,0.2879,Player_002,2022-08-15,2022,L,R,5,Sunny,88.0,176.0,75.0,3.65,1.59,0.263
1,0.2647,Player_008,2022-08-18,2022,R,R,7,Overcast,59.0,219.0,72.0,3.67,1.72,0.264
0,0.3057,Player_004,2024-05-29,2024,L,L,8,Sunny,,187.0,73.0,3.68,1.67,0.259
0,0.3244,Player_012,2023-09-12,2023,R,R,4,Sunny,,208.0,74.0,3.66,1.52,0.231
0,0.3062,Player_023,2022-07-01,2022,L,L,7,Sunny,71.0,218.0,75.0,3.58,1.78,0.282
0,0.3037,Player_005,2023-09-04,2023,R,R,8,Cloudy,61.0,212.0,72.0,3.62,1.74,0.235
0,0.306,Player_003,2022-05-10,2022,L,R,6,Sunny,93.0,224.0,72.0,3.56,1.78,0.284
0,0.1294,Player_025,2024-05-25,2024,S,R,2,Sunny,60.0,176.0,71.0,3.43,1.57,0.26
0,0.3045,Player_025,2024-07-20,2024,R,L,2,Sunny,64.0,192.0,73.0,3.63,1.73,0.305
1,0.3342,Player_014,2023-07-14,2023,L,R,1,Cloudy,73.0,201.0,73.0,3.39,1.69,0.272
0,0.2311,Player_028,2023-06-12,2023,L,R,3,Cloudy,70.0,222.0,74.0,3.47,1.54,0.309
0,0.3196,Player_023,2024-05-09,2024,L,R,2,Cloudy,71.0,210.0,76.0,3.44,1.58,0.223
1,0.2954,Player_016,2023-05-12,2023,R,L,6,Sunny,85.0,224.0,71.0,3.37,1.56,0.293
0,0.332,Player_002,2024-08-08,2024,R,L,9,Overcast,77.0,223.0,71.0,3.62,1.55,0.276
1,0.3357,Player_030,2023-04-04,2023,L,R,1,Sunny,74.0,227.0,72.0,3.49,1.69,0.237
0,0.2925,Player_024,2024-04-21,2024,L,L,3,Sunny,83.0,214.0,71.0,3.51,1.76,0.231
0,0.3463,Player_004,2022-09-14,2022,R,R,1,Cloudy,79.0,224.0,71.0,3.5,1.8,0.294
0,0.2585,Player_007,2023-09-24,2023,R,R,1,Cloudy,80.0,219.0,76.0,3.58,1.56,0.258
0,0.2788,Player_012,2024-04-14,2024,R,L,1,Overcast,74.0,177.0,75.0,3.37,1.7,0.228
1,0.2365,Player_007,2024-04-25,2024,R,R,6,Sunny,77.0,193.0,76.0,3.5,1.52,0.29
0,0.3577,Player_032,2024-05-29,2024,R,R,9,Overcast,66.0,233.0,74.0,3.4,1.57,0.249
0,0.1373,Player_037,2023-07-15,2023,S,L,7,Sunny,71.0,180.0,76.0,3.69,1.75,0.25
0,0.3572,Player_003,2024-05-04,2024,L,R,7,Drizzle,61.0,211.0,73.0,3.32,1.78,0.228
1,0.2712,Player_009,2022-09-24,2022,L,L,2,Cloudy,58.0,224.0,77.0,3.67,1.79,0.262
0,0.3676,Player_011,2023-06-28,2023,L,R,8,Sunny,89.0,203.0,74.0,3.32,1.64,0.311
0,0.2254,Player_039,2022-07-06,2022,R,R,6,Sunny,,186.0,70.0,3.34,1.72,0.306
1,0.3063,Player_024,2023-05-06,2023,L,R,9,Sunny,66.0,176.0,71.0,3.66,1.61,0.253
0,0.2842,Player_038,2024-05-25,2024,R,R,4,Sunny,73.0,217.0,74.0,3.56,1.71,0.251
0,0.3104,Player_009,2024-08-10,2024,R,R,7,Overcast,94.0,213.0,76.0,3.43,1.55,0.307
0,0.1767,Player_002,2023-07-23,2023,R,L,5,Overcast,76.0,219.0,71.0,3.54,1.54,0.294
0,0.3245,Player_019,2022-05-11,2022,R,R,5,Sunny,55.0,185.0,76.0,3.37,1.8,0.24
1,0.1408,Player_032,2023-06-19,2023,L,L,1,Overcast,78.0,205.0,77.0,3.33,1.59,0.31
0,0.2333,Player_033,2022-05-04,2022,R,R,5,Overcast,90.0,210.0,71.0,3.32,1.77,0.311
1,0.1606,Player_018,2022-06-13,2022,L,L,2,Drizzle,64.0,229.0,74.0,3.41,1.51,0.254
0,0.338,Player_010,2024-05-09,2024,R,R,7,Sunny,,187.0,77.0,3.37,1.75,0.309
0,0.308,Player_001,2023-09-24,2023,R,R,7,Sunny,85.0,220.0,72.0,3.46,1.78,0.286
0,0.3119,Player_017,2022-05-24,2022,R,R,8,Drizzle,57.0,219.0,73.0,3.65,1.5,0.308
0,0.3831,Player_021,2024-06-24,2024,R,R,5,Cloudy,94.0,213.0,73.0,3.45,1.62,0.259
0,0.2479,Player_000,2022-07-25,2022,L,L,8,Sunny,80.0,180.0,73.0,3.46,1.74,
0,0.3227,Player_037,2023-04-08,2023,R,R,9,Sunny,63.0,182.0,72.0,3.35,1.5,0.27
0,0.2546,Player_028,2022-05-08,2022,R,L,5,Sunny,86.0,214.0,74.0,3.7,1.59,0.246
1,0.244,Player_013,2022-09-26,2022,R,L,9,Sunny,87.0,215.0,72.0,3.36,1.58,0.274
0,0.3915,Player_014,2023-08-04,2023,L,R,7,Sunny,79.0,216.0,76.0,3.44,1.54,0.271
0,0.4457,Player_014,2024-05-13,2024,L,R,3,Cloudy,93.0,225.0,75.0,3.68,1.53,0.239
0,0.2498,Player_034,2023-06-17,2023,R,R,5,Cloudy,,200.0,71.0,3.48,1.57,0.31
0,0.3584,Player_028,2024-09-01,2024,L,R,1,Cloudy,,194.0,76.0,3.44,1.56,0.23
0,0.2723,Player_003,2024-05-05,2024,R,L,4,Sunny,60.0,234.0,72.0,3.59,1.79,0.308
1,0.2732,Player_012,2024-05-23,2024,R,L,4,Sunny,87.0,220.0,74.0,3.31,1.51,
0,0.2973,Player_031,2024-05-13,2024,R,R,3,Sunny,92.0,209.0,77.0,3.43,1.54,0.268
0,0.2767,Player_014,2024-07-28,2024,L,R,4,Sunny,66.0,211.0,75.0,3.53,1.74,0.306
0,0.05,Player_032,2024-07-03,2024,R,L,1,Overcast,77.0,223.0,77.0,3.7,1.73,0.265
0,0.4074,Player_020,2022-06-30,2022,L,R,5,Sunny,75.0,195.0,74.0,3.69,1.64,0.25
0,0.2314,Player_031,2022-06-08,2022,R,R,2,Sunny,68.0,203.0,76.0,3.55,1.62,0.236
0,0.2631,Player_021,2024-05-29,2024,R,R,3,Cloudy,76.0,177.0,73.0,3.44,1.6,0.289
0,0.2846,Player_029,2024-07-01,2024,L,R,7,Cloudy,76.0,226.0,71.0,3.52,1.79,0.303
0,0.2451,Player_017,2024-08-21,2024,L,R,8,Sunny,94.0,207.0,71.0,3.67,1.76,0.271
1,0.3168,Player_009,2023-08-25,2023,L,R,2,Cloudy,68.0,233.0,74.0,3.57,1.58,0.248
0,0.2769,Player_035,2024-08-19,2024,R,R,6,Sunny,60.0,194.0,71.0,3.36,1.64,0.314
0,0.2298,Player_016,2024-04-08,2024,R,R,9,Sunny,73.0,201.0,73.0,3.69,1.72,
0,0.2805,Player_000,2024-06-27,2024,L,L,6,Sunny,60.0,178.0,73.0,3.66,1.75,0.274
0,0.2677,Player_015,2022-06-10,2022,L,L,1,Cloudy,,237.0,70.0,3.39,1.54,0.299
0,0.3449,Player_016,2023-09-16,2023,R,R,7,Cloudy,80.0,197.0,76.0,3.56,1.79,0.253
0,0.1762,Player_009,2022-06-14,2022,L,L,1,Overcast,88.0,184.0,70.0,3.65,1.75,0.294
0,0.2236,Player_035,2022-05-15,2022,R,R,6,Cloudy,59.0,214.0,72.0,3.39,1.65,0.255
0,0.3308,Player_019,2023-05-16,2023,R,R,5,Sunny,70.0,230.0,76.0,3.67,1.65,0.246
0,0.2352,Player_014,2022-05-06,2022,R,R,5,Cloudy,62.0,182.0,70.0,3.37,1.65,0.243
1,0.2168,Player_027,2024-06-18,2024,R,R,3,Sunny,73.0,209.0,70.0,3.44,1.74,0.308
1,0.2387,Player_025,2023-05-18,2023,R,R,8,Cloudy,78.0,205.0,76.0,3.68,1.66,0.301
1,0.2429,Player_019,2024-07-10,2024,R,L,1,Sunny,91.0,183.0,72.0,3.68,1.74,
0,0.2932,Player_038,2022-05-12,2022,L,R,9,Sunny,90.0,192.0,77.0,3.31,1.76,0.227
1,0.2853,Player_038,2024-07-14,2024,L,R,1,Cloudy,91.0,215.0,71.0,3.65,1.71,0.235
0,0.208,Player_019,2023-07-20,2023,R,R,3,Cloudy,71.0,239.0,71.0,3.58,1.51,0.251
0,0.3541,Player_028,2023-07-30,2023,L,R,5,Overcast,86.0,183.0,74.0,3.65,1.63,0.281
1,0.3728,Player_002,2023-09-06,2023,R,R,5,Cloudy,66.0,215.0,77.0,3.48,1.58,0.287
1,0.1463,Player_017,2023-04-14,2023,R,R,3,Sunny,,232.0,76.0,3.69,1.51,0.231
0,0.1713,Player_017,2023-04-10,2023,S,R,3,Sunny,92.0,224.0,74.0,3.6,1.69,0.265
1,0.3702,Player_016,2024-06-21,2024,L,R,6,Sunny,91.0,228.0,72.0,3.6,1.65,0.272
0,0.3899,Player_033,2024-07-01,2024,R,R,1,Sunny,62.0,234.0,70.0,3.47,1.52,0.246
0,0.101,Player_023,2023-08-15,2023,R,L,2,Sunny,62.0,217.0,76.0,3.46,1.69,0.293
0,0.3271,Player_018,2024-05-10,2024,L,L,4,Sunny,91.0,177.0,70.0,3.38,1.56,0.28
0,0.3947,Player_017,2023-06-21,2023,R,R,1,Cloudy,72.0,190.0,71.0,3.32,1.78,0.293
1,0.2196,Player_024,2022-07-20,2022,R,R,1,Sunny,86.0,201.0,73.0,3.66,1.71,0.29
0,0.3906,Player_008,2023-07-28,2023,S,R,1,Sunny,91.0,237.0,72.0,3.54,1.5,0.31
0,0.2675,Player_009,2023-07-07,2023,R,R,8,Sunny,76.0,188.0,76.0,3.52,1.76,0.287
1,0.292,Player_020,2023-07-16,2023,L,L,2,Overcast,58.0,230.0,71.0,3.44,1.52,0.3
1,0.2297,Player_012,2024-04-29,2024,R,R,2,Sunny,79.0,216.0,75.0,3.6,1.5,0.271
1,0.3501,Player_026,2023-06-23,2023,R,R,8,Drizzle,60.0,221.0,73.0,3.46,1.62,0.244
1,0.3584,Player_036,2024-07-06,2024,L,R,4,Overcast,82.0,181.0,71.0,3.62,1.55,0.229
1,0.4207,Player_014,2022-04-15,2022,L,R,5,Overcast,78.0,198.0,77.0,3.33,1.75,0.269
0,0.4008,Player_023,2023-09-22,2023,L,R,6,Cloudy,72.0,205.0,76.0,3.4,1.78,0.3
0,0.2694,Player_011,2022-07-23,2022,L,L,6,Overcast,73.0,206.0,75.0,3.41,1.74,0.278
1,0.4976,Player_031,2023-08-08,2023,R,R,4,Sunny,93.0,232.0,73.0,3.31,1.61,0.223
0,0.3946,Player_008,2023-07-06,2023,L,R,8,Cloudy,70.0,196.0,71.0,3.57,1.59,0.244
0,0.3178,Player_020,2024-09-14,2024,R,R,3,Sunny,88.0,231.0,75.0,3.58,1.6,0.264
0,0.2002,Player_014,2024-04-01,2024,L,L,2,Sunny,,230.0,77.0,3.47,1.53,0.26
0,0.1729,Player_030,2022-09-20,2022,R,R,5,Drizzle,,216.0,72.0,3.62,1.77,0.29
0,0.1688,Player_009,2022-05-08,2022,L,L,8,Cloudy,90.0,195.0,75.0,3.68,1.57,0.238
1,0.2146,Player_008,2023-09-07,2023,R,R,9,Sunny,79.0,181.0,76.0,3.59,1.58,0.257
0,0.3664,Player_030,2022-04-12,2022,L,L,7,Sunny,94.0,190.0,73.0,3.57,1.71,0.274
0,0.3141,Player_022,2024-05-26,2024,R,R,1,Sunny,83.0,214.0,70.0,3.48,1.69,0.318
0,0.2571,Player_025,2023-07-12,2023,L,R,7,Overcast,59.0,188.0,77.0,3.52,1.79,0.313
0,0.2905,Player_031,2024-07-27,2024,L,R,2,Overcast,58.0,233.0,70.0,3.42,1.79,0.258
0,0.262,Player_011,2024-04-02,2024,R,R,8,Sunny,82.0,201.0,76.0,3.4,1.63,0.253
0,0.336,Player_009,2023-06-04,2023,R,R,2,Sunny,76.0,193.0,73.0,3.31,1.78,0.315
0,0.2185,Player_039,2024-08-29,2024,R,R,2,Sunny,89.0,215.0,75.0,3.49,1.79,0.306
0,0.3245,Player_004,2024-05-02,2024,L,R,5,Cloudy,76.0,185.0,75.0,3.39,1.76,0.291
0,0.321,Player_025,2022-09-18,2022,L,R,5,Cloudy,64.0,229.0,71.0,3.49,1.78,0.282
0,0.1906,Player_015,2024-08-05,2024,R,L,4,Cloudy,89.0,210.0,70.0,3.62,1.68,0.293
0,0.3612,Player_005,2023-09-23,2023,R,L,5,Cloudy,74.0,235.0,71.0,3.45,1.53,0.291
0,0.2793,Player_038,2024-09-09,2024,L,R,7,Sunny,93.0,230.0,71.0,3.43,1.76,0.304
0,0.2105,Player_033,2024-05-10,2024,R,R,6,Sunny,55.0,180.0,76.0,3.48,1.59,0.292
0,0.3397,Player_008,2024-09-16,2024,R,R,7,Sunny,55.0,233.0,70.0,3.5,1.78,0.285
1,0.2538,Player_030,2024-06-28,2024,R,L,3,Cloudy,60.0,178.0,75.0,3.41,1.66,0.314
1,0.3286,Player_030,2024-05-16,2024,L,R,6,Cloudy,93.0,226.0,73.0,3.54,1.65,0.314
0,0.2171,Player_020,2023-09-08,2023,L,R,2,Drizzle,60.0,198.0,76.0,3.31,1.75,0.262
0,0.3569,Player_038,2024-06-23,2024,L,R,3,Sunny,83.0,197.0,74.0,3.49,1.62,0.32
0,0.4321,Player_009,2024-08-01,2024,R,R,9,Drizzle,83.0,227.0,76.0,3.56,1.53,0.259
0,0.2116,Player_002,2024-07-18,2024,L,R,1,Sunny,90.0,192.0,76.0,3.49,1.74,0.245
0,0.3048,Player_032,2024-05-23,2024,R,R,5,Sunny,79.0,233.0,77.0,3.69,1.59,0.241
0,0.225,Player_014,2022-09-24,2022,R,R,5,Sunny,55.0,177.0,76.0,3.36,1.75,0.232
0,0.4683,Player_004,2023-08-29,2023,R,R,3,Sunny,56.0,185.0,73.0,3.48,1.77,0.256
1,0.3868,Player_038,2024-07-04,2024,L,R,1,Sunny,55.0,198.0,77.0,3.42,1.62,0.317
1,0.3197,Player_016,2024-07-12,2024,L,R,2,Sunny,78.0,193.0,72.0,3.66,1.7,0.252
1,0.194,Player_034,2024-04-12,2024,R,R,7,Cloudy,72.0,231.0,74.0,3.37,1.51,0.312
1,0.211,Player_032,2023-08-10,2023,R,R,6,Overcast,57.0,233.0,71.0,3.51,1.74,0.231
0,0.3322,Player_012,2022-09-11,2022,R,R,6,Cloudy,55.0,202.0,76.0,3.47,1.64,0.235
0,0.1746,Player_032,2023-09-22,2023,L,L,2,Overcast,63.0,212.0,70.0,3.67,1.58,0.236
0,0.1868,Player_018,2023-07-10,2023,R,R,5,Cloudy,74.0,197.0,77.0,3.52,1.76,0.275
0,0.3006,Player_025,2024-09-26,2024,L,R,2,Drizzle,91.0,201.0,73.0,3.49,1.62,0.319
0,0.3093,Player_011,2023-08-22,2023,L,R,3,Sunny,88.0,196.0,76.0,3.53,1.75,0.24
0,0.3266,Player_000,2023-06-30,2023,L,R,9,Drizzle,72.0,190.0,73.0,3.58,1.63,0.253
0,0.2192,Player_007,2023-08-23,2023,R,L,5,Sunny,66.0,220.0,71.0,3.31,1.78,0.305
1,0.3644,Player_013,2024-04-28,2024,L,R,1,Sunny,86.0,182.0,70.0,3.4,1.7,0.273
0,0.2397,Player_021,2023-07-31,2023,L,R,6,Cloudy,92.0,193.0,77.0,3.39,1.7,0.254
0,0.3239,Player_034,2022-07-21,2022,R,R,2,Sunny,67.0,182.0,74.0,3.47,1.54,0.262
1,0.295,Player_007,2023-06-28,2023,R,R,1,Sunny,74.0,204.0,71.0,3.53,1.72,0.294
1,0.342,Player_028,2023-07-25,2023,L,R,7,Sunny,59.0,218.0,72.0,3.67,1.66,0.256
0,0.3827,Player_029,2023-09-01,2023,L,R,6,Overcast,60.0,208.0,74.0,3.53,1.72,0.286
0,0.2481,Player_032,2024-07-11,2024,R,R,2,Overcast,90.0,221.0,73.0,3.37,1.76,0.3
1,0.2237,Player_032,2022-06-08,2022,L,L,7,Sunny,64.0,212.0,70.0,3.51,1.71,0.226
0,0.1518,Player_002,2023-06-15,2023,L,L,2,Sunny,61.0,198.0,74.0,3.47,1.65,0.295
0,0.1387,Player_008,2023-07-12,2023,R,R,5,Cloudy,67.0,234.0,71.0,3.56,1.76,0.314
1,0.2577,Player_037,2023-07-14,2023,L,L,6,Sunny,68.0,214.0,72.0,3.55,1.72,0.228
0,0.2725,Player_025,2023-05-27,2023,R,R,2,Sunny,63.0,177.0,75.0,3.56,1.73,0.228
0,0.224,Player_009,2024-07-05,2024,L,R,7,Sunny,83.0,185.0,75.0,3.7,1.77,0.282
0,0.209,Player_039,2022-05-22,2022,L,L,5,Cloudy,77.0,218.0,70.0,3.31,1.54,0.288
0,0.4066,Player_013,2022-09-18,2022,L,R,4,Sunny,78.0,176.0,74.0,3.6,1.65,0.266
0,0.3613,Player_011,2024-07-05,2024,L,R,7,Sunny,94.0,186.0,72.0,3.64,1.54,
0,0.2117,Player_033,2024-08-28,2024,L,R,8,Sunny,92.0,181.0,73.0,3.4,1.72,0.233
0,0.269,Player_038,2022-06-08,2022,L,R,5,Cloudy,66.0,227.0,76.0,3.6,1.63,0.232
0,0.2784,Player_016,2022-06-10,2022,R,L,8,Sunny,94.0,181.0,73.0,3.34,1.72,0.221
1,0.2361,Player_025,2024-05-21,2024,R,R,1,Cloudy,82.0,188.0,74.0,3.52,1.54,0.302
1,0.2434,Player_025,2022-07-12,2022,L,R,6,Overcast,60.0,239.0,70.0,3.43,1.69,0.229
0,0.2563,Player_009,2024-07-19,2024,R,R,3,Sunny,67.0,182.0,73.0,3.39,1.53,0.28
1,0.3563,Player_022,2024-07-10,2024,R,R,6,Sunny,64.0,190.0,76.0,3.56,1.61,0.313
0,0.3327,Player_002,2022-08-29,2022,R,L,6,Sunny,86.0,227.0,75.0,3.46,1.66,0.225
0,0.2485,Player_034,2022-07-01,2022,L,R,8,Drizzle,80.0,183.0,77.0,3.37,1.71,0.232
0,0.3322,Player_033,2024-08-25,2024,L,R,6,Cloudy,86.0,189.0,76.0,3.54,1.65,0.307
0,0.2696,Player_006,2022-04-11,2022,L,L,1,Overcast,60.0,226.0,71.0,3.5,1.72,0.248
0,0.2294,Player_024,2023-06-04,2023,L,R,9,Overcast,75.0,175.0,70.0,3.32,1.55,0.262
0,0.2792,Player_003,2022-08-07,2022,L,R,5,Drizzle,76.0,198.0,72.0,3.63,1.69,0.278
0,0.1915,Player_003,2023-06-09,2023,R,R,2,Overcast,82.0,191.0,76.0,3.69,1.62,0.292
0,0.3314,Player_025,2024-08-09,2024,R,L,2,Sunny,69.0,188.0,76.0,3.44,1.55,0.238
0,0.4087,Player_031,2024-07-15,2024,L,R,1,Cloudy,57.0,200.0,75.0,3.69,1.76,0.307
0,0.2213,Player_033,2022-06-27,2022,R,L,2,Drizzle,90.0,189.0,75.0,3.7,1.79,0.297
0,0.2546,Player_013,2023-07-10,2023,L,R,3,Cloudy,72.0,225.0,75.0,3.49,1.57,0.229
0,0.3538,Player_036,2024-09-09,2024,R,R,9,Overcast,91.0,184.0,72.0,3.67,1.55,0.231
0,0.3351,Player_021,2022-08-01,2022,R,L,8,Drizzle,71.0,200.0,75.0,3.61,1.73,0.291
1,0.222,Player_015,2024-09-24,2024,L,R,1,Cloudy,65.0,180.0,75.0,3.63,1.8,0.267
1,0.2696,Player_013,2023-04-18,2023,R,R,4,Cloudy,73.0,181.0,70.0,3.35,1.63,0.265
1,0.2459,Player_029,2022-08-25,2022,S,L,3,Cloudy,58.0,219.0,77.0,3.61,1.74,0.242
0,0.226,Player_014,2024-09-07,2024,R,R,5,Sunny,77.0,204.0,76.0,3.39,1.54,0.291
0,0.307,Player_015,2023-09-15,2023,R,R,2,Sunny,94.0,203.0,71.0,3.6,1.57,0.231
1,0.231,Player_015,2022-07-07,2022,R,R,3,Cloudy,65.0,192.0,72.0,3.39,1.54,0.257
0,0.2322,Player_012,2022-06-27,2022,L,L,6,Drizzle,60.0,184.0,75.0,3.61,1.7,0.292
0,0.2629,Player_015,2023-07-15,2023,L,L,5,Drizzle,60.0,232.0,71.0,3.66,1.68,0.318
0,0.1458,Player_000,2023-09-12,2023,R,L,8,Sunny,61.0,226.0,76.0,3.5,1.7,0.241
0,0.156,Player_034,2022-09-04,2022,L,R,9,Overcast,70.0,205.0,73.0,3.47,1.55,0.284
0,0.3443,Player_010,2024-09-15,2024,R,R,4,Sunny,65.0,176.0,70.0,3.36,1.52,0.226
0,0.2482,Player_017,2023-09-22,2023,L,R,8,Cloudy,83.0,233.0,75.0,3.39,1.66,0.247
0,0.4194,Player_006,2022-07-22,2022,L,L,8,Drizzle,68.0,202.0,77.0,3.7,1.66,0.23
0,0.408,Player_021,2024-05-16,2024,L,L,4,Drizzle,69.0,187.0,72.0,3.59,1.63,0.303
0,0.2145,Player_010,2024-04-27,2024,S,L,4,Cloudy,60.0,183.0,77.0,3.61,1.7,0.262
1,0.4637,Player_006,2023-09-09,2023,L,R,6,Cloudy,,239.0,75.0,3.63,1.63,0.309
0,0.3356,Player_011,2024-04-27,2024,L,L,9,Sunny,67.0,176.0,75.0,3.53,1.76,0.224
0,0.2248,Player_036,2022-04-13,2022,L,L,7,Cloudy,83.0,199.0,72.0,3.48,1.73,0.29
0,0.0993,Player_034,2022-06-25,2022,R,R,8,Sunny,55.0,210.0,74.0,3.44,1.6,0.271
0,0.3282,Player_031,2022-08-12,2022,S,R,8,Sunny,80.0,194.0,71.0,3.31,1.77,0.289
1,0.2722,Player_008,2023-08-11,2023,L,L,2,Overcast,,185.0,74.0,3.62,1.65,0.317
0,0.3102,Player_025,2023-05-16,2023,R,R,2,Sunny,83.0,216.0,76.0,3.65,1.64,0.317
0,0.254,Player_032,2022-06-30,2022,L,L,8,Cloudy,,179.0,75.0,3.44,1.72,0.303
0,0.1699,Player_025,2023-09-08,2023,R,L,5,Sunny,82.0,238.0,76.0,3.51,1.79,0.241
0,0.2401,Player_034,2024-08-21,2024,L,L,2,Sunny,87.0,206.0,71.0,3.53,1.51,0.296
0,0.3295,Player_008,2024-09-12,2024,R,R,3,Sunny,76.0,222.0,74.0,3.56,1.55,0.316
1,0.2552,Player_018,2024-08-16,2024,R,R,5,Sunny,80.0,229.0,72.0,3.56,1.74,0.255
0,0.2548,Player_013,2024-04-16,2024,R,R,6,Sunny,87.0,226.0,74.0,3.38,1.63,0.255
1,0.1936,Player_028,2024-05-06,2024,L,R,2,Cloudy,74.0,206.0,70.0,3.57,1.76,0.268
0,0.2864,Player_005,2023-05-01,2023,R,R,3,Cloudy,60.0,180.0,73.0,3.6,1.61,0.29
0,0.2022,Player_012,2023-04-24,2023,S,R,4,Sunny,93.0,180.0,72.0,3.31,1.79,0.245
1,0.3443,Player_028,2023-09-02,2023,R,R,2,Overcast,68.0,198.0,74.0,3.55,1.56,0.236
0,0.2286,Player_000,2022-08-06,2022,R,R,9,Overcast,70.0,194.0,75.0,3.47,1.78,0.249
1,0.2593,Player_010,2023-09-12,2023,R,R,1,Cloudy,79.0,232.0,74.0,3.65,1.74,0.285
0,0.4515,Player_028,2023-05-28,2023,L,R,7,Cloudy,62.0,203.0,77.0,3.68,1.79,0.224
0,0.2585,Player_009,2022-09-24,2022,R,R,3,Cloudy,68.0,239.0,72.0,3.53,1.55,0.313
0,0.2392,Player_024,2022-09-15,2022,L,L,5,Sunny,78.0,193.0,72.0,3.46,1.61,0.276
0,0.321,Player_016,2024-04-19,2024,R,R,3,Sunny,84.0,237.0,73.0,3.68,1.56,0.231
1,0.175,Player_018,2022-09-04,2022,L,R,9,Sunny,60.0,196.0,74.0,3.41,1.75,0.292
0,0.3876,Player_014,2023-04-20,2023,L,R,9,Cloudy,88.0,239.0,76.0,3.5,1.58,0.249
0,0.3496,Player_035,2022-06-21,2022,R,R,4,Sunny,66.0,207.0,74.0,3.44,1.66,0.297
1,0.3167,Player_028,2022-05-03,2022,R,R,1,Drizzle,91.0,176.0,77.0,3.36,1.56,0.308
0,0.05,Player_029,2024-07-13,2024,R,R,2,Sunny,91.0,236.0,73.0,3.66,1.71,0.27
1,0.2618,Player_031,2022-04-04,2022,S,R,7,Sunny,83.0,188.0,74.0,3.4,1.72,0.238
1,0.2109,Player_017,2022-08-31,2022,L,R,8,Sunny,90.0,227.0,75.0,3.62,1.53,0.267
0,0.3487,Player_004,2024-06-24,2024,L,L,1,Overcast,61.0,228.0,71.0,3.6,1.71,0.277
0,0.3437,Player_002,2023-09-04,2023,L,L,1,Sunny,73.0,188.0,71.0,3.57,1.55,0.256
1,0.2772,Player_019,2023-06-18,2023,R,L,5,Cloudy,60.0,211.0,72.0,3.34,1.79,0.297
0,0.1658,Player_035,2023-07-10,2023,R,L,8,Cloudy,74.0,226.0,70.0,3.46,1.76,0.247
0,0.3846,Player_019,2022-08-11,2022,R,R,7,Sunny,78.0,236.0,73.0,3.67,1.56,0.304
1,0.2316,Player_039,2023-09-22,2023,R,L,1,Overcast,77.0,200.0,72.0,3.45,1.6,0.264
0,0.4264,Player_020,2023-06-07,2023,L,R,9,Overcast,58.0,201.0,74.0,3.31,1.68,0.279
1,0.2986,Player_025,2022-07-03,2022,R,R,3,Cloudy,58.0,228.0,77.0,3.59,1.74,0.226
0,0.3155,Player_003,2022-05-29,2022,R,R,3,Sunny,94.0,206.0,74.0,3.58,1.78,0.241
1,0.2178,Player_030,2023-04-08,2023,R,L,4,Cloudy,65.0,215.0,77.0,3.53,1.63,0.264
0,0.3985,Player_035,2022-09-05,2022,L,R,7,Cloudy,74.0,182.0,74.0,3.45,1.65,0.294
0,0.3426,Player_020,2022-07-11,2022,L,R,3,Drizzle,78.0,219.0,75.0,3.43,1.55,0.317
1,0.401,Player_036,2023-06-07,2023,L,R,6,Sunny,,196.0,76.0,3.39,1.6,0.227
0,0.2824,Player_009,2023-08-18,2023,L,L,3,Drizzle,67.0,198.0,74.0,3.54,1.8,0.314
0,0.2767,Player_019,2023-08-26,2023,R,R,2,Overcast,79.0,233.0,77.0,3.7,1.78,0.251
1,0.3117,Player_036,2022-09-25,2022,L,L,1,Sunny,63.0,221.0,75.0,3.61,1.62,0.318
1,0.381,Player_024,2024-06-17,2024,R,R,4,Cloudy,86.0,211.0,72.0,3.56,1.57,0.224
1,0.3512,Player_027,2024-04-18,2024,R,R,1,Sunny,80.0,211.0,73.0,3.53,1.67,0.271
0,0.2597,Player_016,2023-06-27,2023,R,L,6,Sunny,94.0,230.0,75.0,3.58,1.63,
0,0.17,Player_021,2024-06-18,2024,L,R,7,Cloudy,77.0,215.0,72.0,3.5,1.73,0.255
0,0.3267,Player_014,2023-05-08,2023,L,L,6,Sunny,87.0,188.0,75.0,3.64,1.69,0.317
0,0.1993,Player_027,2022-07-15,2022,L,R,5,Sunny,68.0,210.0,70.0,3.53,1.7,0.312
0,0.3025,Player_002,2023-06-14,2023,L,R,2,Cloudy,82.0,215.0,75.0,3.4,1.61,0.253
0,0.2919,Player_020,2023-09-06,2023,L,R,2,Drizzle,92.0,178.0,70.0,3.53,1.69,0.22
0,0.1808,Player_037,2024-04-08,2024,R,R,2,Sunny,87.0,183.0,71.0,3.4,1.71,0.238
0,0.2961,Player_002,2023-08-07,2023,L,L,1,Sunny,86.0,205.0,77.0,3.51,1.69,0.223
0,0.4508,Player_018,2023-07-18,2023,L,R,6,Sunny,73.0,212.0,76.0,3.62,1.71,0.288
0,0.2781,Player_026,2024-05-11,2024,L,R,3,Sunny,78.0,178.0,75.0,3.59,1.77,0.234
0,0.3036,Player_003,2022-06-03,2022,R,L,6,Drizzle,78.0,204.0,77.0,3.41,1.58,0.268
1,0.4449,Player_000,2023-09-02,2023,R,R,4,Sunny,63.0,185.0,75.0,3.59,1.55,0.239
1,0.3104,Player_006,2023-06-05,2023,R,L,3,Cloudy,65.0,218.0,70.0,3.35,1.51,0.307
0,0.2349,Player_008,2024-07-28,2024,R,R,5,Sunny,80.0,205.0,76.0,3.56,1.71,0.249
1,0.2966,Player_035,2022-07-02,2022,R,R,4,Drizzle,80.0,181.0,71.0,3.43,1.6,0.29
1,0.2837,Player_006,2024-09-08,2024,R,L,1,Sunny,82.0,201.0,74.0,3.55,1.65,0.279
0,0.4004,Player_025,2023-07-28,2023,L,R,1,Drizzle,79.0,235.0,77.0,3.64,1.52,0.258
0,0.335,Player_013,2024-08-28,2024,R,L,9,Cloudy,78.0,178.0,75.0,3.35,1.78,0.296
0,0.0861,Player_021,2024-09-09,2024,R,R,1,Drizzle,75.0,201.0,70.0,3.58,1.68,0.231
0,0.2401,Player_036,2024-04-23,2024,L,R,3,Sunny,80.0,183.0,76.0,3.57,1.54,0.291
0,0.2751,Player_034,2022-08-29,2022,R,R,4,Overcast,69.0,233.0,76.0,3.6,1.62,0.238
0,0.2089,Player_003,2023-09-20,2023,R,R,4,Sunny,61.0,205.0,71.0,3.69,1.59,0.228
1,0.05,Player_003,2024-04-06,2024,R,R,7,Cloudy,82.0,215.0,77.0,3.49,1.76,0.317
0,0.2492,Player_014,2023-06-21,2023,L,R,7,Cloudy,68.0,237.0,71.0,3.35,1.76,0.237
0,0.2797,Player_032,2024-05-15,2024,R,R,6,Sunny,85.0,178.0,70.0,3.58,1.74,0.246
1,0.2132,Player_030,2024-09-23,2024,R,L,3,Cloudy,90.0,206.0,74.0,3.52,1.62,0.221
1,0.2302,Player_024,2023-06-03,2023,L,R,9,Sunny,70.0,179.0,75.0,3.62,1.78,0.288
1,0.2729,Player_034,2022-05-04,2022,L,L,1,Drizzle,60.0,225.0,70.0,3.62,1.58,0.296
1,0.324,Player_007,2023-04-18,2023,L,R,3,Sunny,55.0,213.0,71.0,3.59,1.7,0.222
1,0.2672,Player_029,2024-08-20,2024,L,R,4,Sunny,78.0,203.0,75.0,3.46,1.66,0.272
0,0.376,Player_038,2023-04-11,2023,S,R,4,Cloudy,90.0,193.0,70.0,3.49,1.63,
1,0.284,Player_038,2022-05-25,2022,R,R,5,Cloudy,90.0,187.0,76.0,3.67,1.56,0.299
0,0.239,Player_028,2024-07-08,2024,L,R,1,Sunny,90.0,234.0,72.0,3.47,1.57,0.3
0,0.1913,Player_027,2022-04-09,2022,L,L,8,Sunny,55.0,176.0,76.0,3.53,1.75,0.227
0,0.2651,Player_008,2023-05-02,2023,S,R,2,Cloudy,57.0,183.0,75.0,3.57,1.7,0.248
0,0.3779,Player_029,2023-09-26,2023,L,R,4,Overcast,93.0,199.0,72.0,3.35,1.78,0.272
0,0.2223,Player_009,2023-06-22,2023,R,R,6,Sunny,81.0,200.0,76.0,3.61,1.7,
0,0.3117,Player_016,2022-05-25,2022,L,L,9,Sunny,90.0,234.0,71.0,3.31,1.52,0.296
0,0.3066,Player_004,2024-09-03,2024,L,R,6,Cloudy,94.0,195.0,73.0,3.69,1.53,0.312
0,0.3895,Player_012,2024-04-14,2024,R,L,5,Sunny,83.0,196.0,77.0,3.53,1.72,0.292
0,0.3273,Player_003,2024-05-17,2024,L,R,3,Overcast,71.0,190.0,77.0,3.37,1.58,0.268
1,0.2011,Player_018,2024-09-01,2024,R,L,7,Overcast,83.0,198.0,77.0,3.61,1.57,0.279
0,0.3215,Player_002,2022-08-14,2022,L,L,6,Overcast,80.0,192.0,71.0,3.64,1.62,0.22
0,0.3039,Player_030,2022-06-17,2022,R,L,1,Sunny,89.0,220.0,72.0,3.38,1.72,0.265
0,0.2522,Player_026,2022-09-24,2022,R,R,4,Sunny,89.0,226.0,70.0,3.32,1.69,0.231
1,0.1985,Player_026,2024-07-12,2024,R,R,9,Cloudy,61.0,222.0,77.0,3.51,1.56,0.293
0,0.3375,Player_028,2022-08-13,2022,L,R,8,Sunny,90.0,227.0,76.0,3.56,1.77,0.298
0,0.2844,Player_030,2024-09-24,2024,R,R,2,Sunny,82.0,214.0,77.0,3.37,1.79,0.32
0,0.1738,Player_027,2023-06-30,2023,S,R,7,Sunny,,219.0,70.0,3.52,1.74,0.266
1,0.2878,Player_025,2024-06-25,2024,L,L,3,Sunny,68.0,196.0,72.0,3.51,1.56,0.229
1,0.2254,Player_007,2023-07-29,2023,L,L,7,Sunny,74.0,239.0,75.0,3.65,1.74,0.234
1,0.1739,Player_029,2024-04-12,2024,R,R,5,Sunny,90.0,236.0,72.0,3.63,1.66,0.311
0,0.2754,Player_019,2023-06-17,2023,L,R,3,Sunny,60.0,178.0,72.0,3.35,1.51,0.24
0,0.3698,Player_006,2023-08-03,2023,R,R,9,Cloudy,76.0,197.0,77.0,3.58,1.7,0.256
0,0.3346,Player_019,2024-06-07,2024,R,L,3,Sunny,93.0,220.0,74.0,3.5,1.79,0.233
0,0.3663,Player_012,2022-08-06,2022,L,R,4,Cloudy,85.0,193.0,75.0,3.49,1.63,0.302
0,0.2688,Player_007,2024-06-11,2024,R,L,9,Cloudy,60.0,208.0,76.0,3.36,1.52,0.25
1,0.3217,Player_022,2024-05-04,2024,R,R,2,Cloudy,61.0,229.0,74.0,3.6,1.57,0.257
1,0.2769,Player_035,2024-04-26,2024,L,L,2,Drizzle,75.0,232.0,75.0,3.65,1.67,0.294
0,0.2026,Player_000,2022-07-08,2022,R,R,9,Drizzle,64.0,235.0,77.0,3.38,1.74,0.28
0,0.2366,Player_005,2022-05-05,2022,L,R,5,Sunny,90.0,217.0,73.0,3.31,1.56,0.28
0,0.2575,Player_036,2022-06-06,2022,L,R,8,Sunny,88.0,237.0,76.0,3.54,1.57,0.225
0,0.3481,Player_027,2023-07-03,2023,R,L,1,Overcast,93.0,217.0,70.0,3.69,1.78,0.242
0,0.3754,Player_009,2022-04-09,2022,L,R,6,Overcast,70.0,209.0,70.0,3.57,1.76,0.248
0,0.1744,Player_014,2024-06-14,2024,R,L,1,Sunny,66.0,188.0,73.0,3.4,1.77,0.319
0,0.3037,Player_003,2024-05-26,2024,L,R,4,Drizzle,76.0,231.0,73.0,3.65,1.55,0.242
0,0.2218,Player_033,2022-05-27,2022,R,L,2,Overcast,59.0,191.0,72.0,3.52,1.78,0.257
0,0.2591,Player_026,2024-09-10,2024,L,L,4,Overcast,84.0,186.0,77.0,3.5,1.6,0.239
1,0.2425,Player_009,2022-09-14,2022,R,R,4,Sunny,89.0,224.0,70.0,3.32,1.66,0.267
0,0.3484,Player_007,2023-05-25,2023,R,L,9,Cloudy,61.0,232.0,70.0,3.32,1.64,0.22
0,0.2487,Player_027,2022-09-06,2022,R,L,6,Sunny,62.0,238.0,75.0,3.53,1.79,0.3
0,0.2951,Player_022,2024-05-10,2024,S,R,1,Sunny,67.0,224.0,70.0,3.62,1.58,0.308
1,0.2957,Player_029,2024-06-01,2024,R,R,5,Sunny,87.0,237.0,71.0,3.6,1.79,0.269
0,0.2081,Player_009,2022-09-17,2022,R,R,7,Sunny,68.0,200.0,76.0,3.68,1.79,0.305
1,0.2876,Player_039,2022-04-19,2022,R,R,5,Overcast,84.0,181.0,76.0,3.5,1.78,
0,0.3544,Player_006,2023-06-08,2023,R,R,6,Cloudy,91.0,190.0,76.0,3.55,1.61,0.264
0,0.3831,Player_007,2023-08-23,2023,R,R,5,Cloudy,72.0,185.0,72.0,3.55,1.61,0.237
0,0.1697,Player_029,2022-09-17,2022,R,L,9,Sunny,60.0,224.0,71.0,3.45,1.56,0.259
1,0.1937,Player_022,2024-09-17,2024,L,R,6,Drizzle,,202.0,72.0,3.3,1.64,0.262
1,0.2543,Player_015,2024-09-05,2024,R,L,6,Drizzle,69.0,202.0,71.0,3.64,1.57,0.288
1,0.3576,Player_029,2023-09-21,2023,R,R,9,Cloudy,78.0,234.0,71.0,3.33,1.69,0.3
1,0.3252,Player_022,2024-06-23,2024,L,R,3,Sunny,93.0,238.0,76.0,3.68,1.76,0.314
0,0.3476,Player_016,2024-05-28,2024,L,R,7,Sunny,90.0,184.0,71.0,3.64,1.78,0.25
0,0.1848,Player_008,2023-06-09,2023,S,R,8,Cloudy,88.0,230.0,71.0,3.34,1.63,0.289
0,0.23,Player_028,2024-04-21,2024,L,L,4,Overcast,69.0,216.0,72.0,3.35,1.63,0.304
0,0.1463,Player_022,2023-04-25,2023,L,R,9,Drizzle,81.0,226.0,71.0,3.59,1.65,0.26
0,0.29,Player_035,2023-09-23,2023,L,R,3,Sunny,68.0,236.0,76.0,3.52,1.77,0.276
1,0.1485,Player_016,2022-05-05,2022,L,R,9,Sunny,76.0,196.0,77.0,3.56,1.52,0.289
0,0.3733,Player_010,2024-07-19,2024,R,R,1,Sunny,68.0,227.0,71.0,3.42,1.59,0.228
1,0.3588,Player_002,2022-05-12,2022,R,L,3,Sunny,88.0,221.0,76.0,3.65,1.56,0.282
0,0.2898,Player_010,2022-07-29,2022,S,R,3,Cloudy,85.0,217.0,72.0,3.52,1.73,
1,0.1741,Player_029,2023-06-24,2023,R,R,4,Cloudy,92.0,224.0,73.0,3.53,1.61,0.251
1,0.2763,Player_011,2023-04-19,2023,R,L,4,Overcast,65.0,224.0,77.0,3.7,1.79,0.319
1,0.4301,Player_022,2022-06-06,2022,L,R,7,Sunny,91.0,201.0,75.0,3.61,1.79,0.228
0,0.3133,Player_008,2022-08-10,2022,R,R,4,Sunny,64.0,235.0,76.0,3.58,1.76,0.315
0,0.3829,Player_037,2024-08-22,2024,L,R,6,Cloudy,80.0,181.0,73.0,3.65,1.65,0.284
1,0.266,Player_036,2023-05-23,2023,L,R,2,Overcast,61.0,187.0,74.0,3.7,1.78,0.226
1,0.219,Player_032,2023-05-24,2023,S,R,1,Overcast,84.0,222.0,72.0,3.63,1.61,0.238
0,0.275,Player_029,2024-08-09,2024,R,R,4,Overcast,85.0,204.0,75.0,3.62,1.62,0.298
0,0.1651,Player_022,2024-06-15,2024,L,R,2,Cloudy,86.0,194.0,77.0,3.38,1.64,0.24
0,0.4385,Player_000,2022-04-13,2022,R,R,1,Sunny,66.0,208.0,71.0,3.65,1.71,0.225
0,0.2598,Player_001,2023-04-23,2023,R,L,1,Cloudy,87.0,183.0,74.0,3.65,1.52,0.275
1,0.3307,Player_017,2023-06-07,2023,L,L,3,Drizzle,61.0,175.0,72.0,3.54,1.66,0.32
0,0.2677,Player_030,2023-05-19,2023,L,R,2,Sunny,84.0,177.0,75.0,3.56,1.79,0.258
0,0.162,Player_005,2024-04-21,2024,L,L,2,Sunny,73.0,233.0,73.0,3.55,1.52,0.264
0,0.3498,Player_021,2022-08-19,2022,R,L,3,Sunny,62.0,196.0,73.0,3.52,1.53,0.297
0,0.2213,Player_038,2023-06-22,2023,L,R,3,Cloudy,93.0,233.0,73.0,3.37,1.78,0.28
0,0.3044,Player_033,2022-08-06,2022,R,R,9,Cloudy,85.0,208.0,74.0,3.56,1.75,0.247
0,0.301,Player_022,2023-04-01,2023,L,L,6,Sunny,,194.0,71.0,3.45,1.5,0.275
0,0.2852,Player_023,2022-06-12,2022,R,R,7,Sunny,70.0,177.0,72.0,3.51,1.64,0.266
1,0.2251,Player_002,2024-06-25,2024,R,R,7,Cloudy,84.0,182.0,70.0,3.66,1.59,0.222
1,0.2695,Player_000,2023-07-13,2023,R,R,1,Sunny,62.0,211.0,73.0,3.34,1.55,0.231
1,0.2335,Player_012,2022-09-22,2022,L,R,5,Sunny,73.0,215.0,74.0,3.68,1.52,0.28
0,0.3366,Player_032,2024-06-21,2024,R,R,6,Cloudy,59.0,233.0,75.0,3.53,1.57,0.235
1,0.29,Player_000,2022-06-28,2022,R,L,9,Sunny,55.0,187.0,71.0,3.68,1.7,0.297
0,0.2985,Player_031,2023-09-09,2023,L,R,4,Sunny,64.0,213.0,76.0,3.38,1.59,0.269
0,0.2602,Player_010,2023-06-11,2023,L,R,3,Sunny,83.0,180.0,73.0,3.32,1.59,0.229
0,0.4475,Player_003,2022-06-11,2022,L,R,7,Sunny,75.0,209.0,76.0,3.55,1.58,0.315
0,0.2089,Player_003,2022-04-29,2022,L,R,2,Sunny,67.0,186.0,76.0,3.51,1.53,0.304
0,0.1919,Player_027,2022-08-08,2022,L,R,8,Sunny,64.0,190.0,70.0,3.59,1.68,0.284
1,0.2643,Player_001,2024-04-03,2024,L,L,4,Sunny,87.0,202.0,70.0,3.54,1.72,0.295
1,0.2819,Player_021,2024-05-09,2024,L,R,1,Cloudy,81.0,203.0,74.0,3.51,1.79,0.287
0,0.3568,Player_037,2022-06-15,2022,R,R,4,Overcast,89.0,182.0,76.0,3.66,1.57,0.221
0,0.3152,Player_023,2022-06-18,2022,L,L,9,Sunny,93.0,214.0,72.0,3.43,1.55,0.282
1,0.3021,Player_013,2024-04-06,2024,L,R,4,Cloudy,80.0,201.0,74.0,3.41,1.71,0.244
0,0.315,Player_035,2022-07-05,2022,R,R,1,Sunny,56.0,231.0,74.0,3.62,1.6,0.315
0,0.3338,Player_002,2023-09-22,2023,L,R,4,Overcast,92.0,214.0,76.0,3.44,1.65,0.261
1,0.4172,Player_009,2024-04-18,2024,L,L,7,Sunny,60.0,232.0,77.0,3.53,1.71,0.29
0,0.3177,Player_006,2022-06-28,2022,L,R,1,Sunny,83.0,176.0,74.0,3.55,1.63,0.235
0,0.2223,Player_000,2024-07-14,2024,L,L,9,Sunny,64.0,204.0,76.0,3.42,1.61,0.267
0,0.2939,Player_038,2022-05-29,2022,R,R,7,Sunny,85.0,229.0,74.0,3.44,1.63,0.23
0,0.0867,Player_008,2024-07-12,2024,L,L,7,Sunny,87.0,186.0,72.0,3.32,1.64,0.261
0,0.2977,Player_002,2023-06-01,2023,L,R,7,Sunny,86.0,189.0,74.0,3.41,1.5,0.276
1,0.3565,Player_036,2022-04-29,2022,S,R,2,Cloudy,65.0,220.0,75.0,3.43,1.56,0.283
0,0.3222,Player_038,2023-08-30,2023,R,R,8,Sunny,80.0,176.0,77.0,3.31,1.68,0.26
1,0.3209,Player_008,2024-09-26,2024,L,R,2,Sunny,62.0,236.0,70.0,3.63,1.51,0.236
1,0.3154,Player_016,2023-06-09,2023,L,L,2,Overcast,90.0,236.0,72.0,3.65,1.58,0.286
0,0.3572,Player_026,2022-04-17,2022,R,R,1,Sunny,61.0,237.0,71.0,3.37,1.63,0.221
0,0.3798,Player_017,2024-04-29,2024,R,R,2,Sunny,88.0,225.0,71.0,3.54,1.63,0.301
0,0.3113,Player_031,2022-09-09,2022,R,R,2,Cloudy,60.0,239.0,71.0,3.48,1.51,0.288
0,0.2479,Player_009,2022-09-06,2022,L,L,8,Sunny,66.0,238.0,77.0,3.35,1.76,0.297
0,0.1381,Player_032,2022-06-28,2022,L,R,1,Overcast,83.0,191.0,73.0,3.31,1.53,0.317
0,0.3685,Player_022,2024-09-03,2024,L,R,6,Sunny,93.0,185.0,77.0,3.57,1.76,0.253
0,0.3161,Player_000,2022-05-11,2022,R,R,1,Sunny,83.0,229.0,74.0,3.33,1.8,0.273
1,0.2907,Player_024,2022-06-12,2022,R,R,9,Overcast,68.0,204.0,70.0,3.66,1.55,0.283
0,0.2218,Player_000,2024-04-20,2024,L,L,6,Overcast,67.0,178.0,73.0,3.62,1.52,0.279
0,0.3476,Player_033,2023-07-08,2023,R,R,5,Cloudy,80.0,204.0,75.0,3.59,1.54,0.283
0,0.282,Player_039,2022-08-04,2022,L,R,1,Sunny,72.0,175.0,75.0,3.64,1.76,0.314
0,0.2776,Player_006,2023-09-21,2023,R,R,8,Cloudy,63.0,212.0,72.0,3.34,1.79,0.268
0,0.2761,Player_021,2022-08-14,2022,R,R,4,Drizzle,80.0,218.0,70.0,3.55,1.68,0.306
1,0.2815,Player_013,2023-07-29,2023,R,L,2,Sunny,72.0,178.0,76.0,3.38,1.78,0.283
0,0.2196,Player_002,2023-07-31,2023,L,R,7,Drizzle,94.0,182.0,74.0,3.51,1.73,0.298
0,0.2894,Player_027,2023-07-23,2023,R,L,9,Cloudy,56.0,233.0,76.0,3.44,1.67,0.253
0,0.2495,Player_001,2024-06-14,2024,L,R,1,Overcast,84.0,200.0,72.0,3.35,1.77,0.253
0,0.232,Player_000,2023-06-30,2023,R,R,2,Sunny,86.0,178.0,71.0,3.59,1.64,0.314
1,0.362,Player_032,2022-05-02,2022,L,R,6,Drizzle,87.0,175.0,72.0,3.42,1.62,0.303
0,0.2103,Player_011,2023-04-04,2023,R,R,1,Overcast,83.0,200.0,71.0,3.35,1.72,0.271
0,0.3618,Player_036,2024-08-20,2024,L,R,7,Overcast,94.0,180.0,74.0,3.65,1.72,0.266
0,0.2771,Player_023,2024-06-28,2024,L,L,6,Drizzle,67.0,183.0,74.0,3.35,1.61,0.245
0,0.1846,Player_020,2024-09-03,2024,L,R,5,Overcast,70.0,188.0,71.0,3.38,1.64,0.241
0,0.3955,Player_016,2024-04-21,2024,L,R,3,Cloudy,92.0,220.0,73.0,3.31,1.56,0.243
0,0.3217,Player_014,2024-06-09,2024,L,R,5,Cloudy,57.0,211.0,73.0,3.51,1.54,0.314
1,0.3076,Player_008,2024-05-16,2024,R,R,1,Overcast,88.0,225.0,74.0,3.63,1.61,0.247
0,0.3405,Player_028,2023-08-30,2023,L,L,7,Cloudy,84.0,196.0,76.0,3.64,1.65,0.265
0,0.4049,Player_024,2022-06-07,2022,L,R,6,Cloudy,78.0,180.0,73.0,3.6,1.55,
0,0.3141,Player_000,2023-07-24,2023,L,R,5,Cloudy,59.0,211.0,72.0,3.49,1.55,0.285
0,0.3432,Player_012,2022-04-16,2022,L,R,8,Overcast,79.0,237.0,77.0,3.66,1.54,0.297
0,0.306,Player_035,2022-07-04,2022,R,R,5,Sunny,72.0,217.0,76.0,3.61,1.76,0.258
1,0.256,Player_019,2023-06-19,2023,R,R,4,Cloudy,58.0,190.0,77.0,3.66,1.71,0.253
1,0.1592,Player_010,2023-07-19,2023,L,L,8,Cloudy,84.0,175.0,71.0,3.4,1.54,0.27
1,0.295,Player_009,2024-07-14,2024,R,R,9,Overcast,87.0,180.0,74.0,3.54,1.7,0.283
0,0.3465,Player_007,2023-04-20,2023,R,L,8,Sunny,77.0,230.0,76.0,3.31,1.65,0.319
0,0.2908,Player_034,2022-04-10,2022,S,L,5,Cloudy,61.0,193.0,77.0,3.51,1.67,0.279
1,0.1953,Player_012,2024-04-22,2024,L,L,4,Sunny,69.0,178.0,71.0,3.65,1.75,0.297
0,0.3768,Player_011,2023-05-10,2023,L,R,2,Cloudy,76.0,197.0,72.0,3.6,1.64,0.312
0,0.2583,Player_002,2022-08-09,2022,R,R,4,Overcast,75.0,231.0,77.0,3.61,1.59,0.22
1,0.1036,Player_035,2022-05-19,2022,R,L,8,Cloudy,78.0,202.0,74.0,3.43,1.73,0.245
1,0.3213,Player_015,2022-09-22,2022,R,L,8,Cloudy,64.0,238.0,71.0,3.46,1.55,0.22
1,0.2138,Player_028,2024-04-15,2024,R,R,2,Sunny,86.0,207.0,71.0,3.69,1.78,0.31
0,0.3947,Player_028,2022-07-01,2022,L,L,5,Cloudy,57.0,233.0,77.0,3.41,1.78,0.259
0,0.3603,Player_014,2024-08-06,2024,R,R,7,Overcast,94.0,188.0,77.0,3.33,1.6,0.278
0,0.2341,Player_019,2022-04-10,2022,R,L,7,Cloudy,71.0,210.0,71.0,3.46,1.73,0.268
1,0.3322,Player_004,2024-07-01,2024,L,R,8,Sunny,88.0,205.0,74.0,3.61,1.78,0.295
0,0.4497,Player_026,2022-04-13,2022,R,R,1,Cloudy,57.0,225.0,75.0,3.51,1.78,0.257
0,0.37,Player_026,2023-08-21,2023,L,R,5,Cloudy,81.0,183.0,73.0,3.32,1.53,0.221
1,0.2967,Player_008,2023-06-24,2023,R,R,1,Cloudy,94.0,186.0,72.0,3.57,1.55,0.256
0,0.4522,Player_007,2023-09-03,2023,R,L,7,Cloudy,93.0,189.0,75.0,3.59,1.65,0.267
0,0.2582,Player_015,2024-07-27,2024,R,L,5,Drizzle,,235.0,70.0,3.54,1.67,0.261
1,0.2907,Player_027,2024-05-27,2024,S,L,4,Overcast,69.0,233.0,71.0,3.37,1.6,0.247
0,0.2045,Player_020,2022-04-28,2022,L,L,8,Sunny,90.0,176.0,70.0,3.38,1.52,0.23
0,0.1828,Player_002,2024-04-28,2024,L,R,8,Cloudy,80.0,202.0,77.0,3.46,1.63,0.223
0,0.2499,Player_022,2022-04-06,2022,L,L,3,Cloudy,93.0,210.0,71.0,3.44,1.58,0.311
0,0.3027,Player_028,2024-05-24,2024,L,R,8,Overcast,64.0,232.0,76.0,3.34,1.63,0.227
0,0.293,Player_007,2023-08-10,2023,L,L,9,Sunny,72.0,204.0,73.0,3.64,1.58,0.26
0,0.2006,Player_017,2022-06-03,2022,L,R,1,Sunny,67.0,225.0,70.0,3.67,1.63,0.228
0,0.3462,Player_032,2022-04-27,2022,L,R,7,Cloudy,71.0,226.0,74.0,3.36,1.68,0.231
0,0.2419,Player_012,2022-04-15,2022,L,R,2,Sunny,89.0,208.0,72.0,3.52,1.61,0.285
0,0.3426,Player_003,2024-06-17,2024,L,R,8,Sunny,90.0,223.0,73.0,3.47,1.56,0.312
0,0.3454,Player_037,2023-05-08,2023,R,R,7,Drizzle,78.0,179.0,77.0,3.46,1.62,0.255
0,0.2723,Player_003,2022-08-11,2022,L,R,8,Sunny,56.0,196.0,75.0,3.53,1.58,
1,0.2125,Player_002,2024-05-30,2024,R,R,6,Sunny,72.0,230.0,70.0,3.48,1.52,0.298
0,0.3881,Player_009,2022-04-23,2022,R,R,3,Sunny,74.0,185.0,70.0,3.48,1.69,0.284
0,0.3111,Player_030,2022-05-20,2022,R,L,7,Sunny,83.0,208.0,76.0,3.36,1.69,0.307
0,0.3106,Player_026,2024-06-18,2024,L,R,3,Sunny,65.0,226.0,75.0,3.58,1.6,0.239
0,0.3728,Player_009,2022-04-07,2022,L,L,1,Sunny,78.0,208.0,73.0,3.53,1.79,0.228
1,0.2558,Player_003,2024-04-20,2024,R,L,2,Sunny,85.0,238.0,76.0,3.32,1.74,0.266
0,0.2366,Player_038,2023-09-20,2023,R,R,8,Cloudy,77.0,230.0,71.0,3.45,1.77,0.273
0,0.1999,Player_000,2022-06-02,2022,L,L,4,Sunny,88.0,181.0,71.0,3.39,1.64,0.257
1,0.2925,Player_036,2023-08-13,2023,L,R,2,Cloudy,65.0,209.0,73.0,3.46,1.66,0.312
0,0.334,Player_018,2022-09-12,2022,R,R,1,Drizzle,79.0,222.0,76.0,3.35,1.71,0.232
0,0.3973,Player_007,2023-04-21,2023,L,R,1,Drizzle,73.0,223.0,77.0,3.54,1.68,0.313
0,0.2816,Player_013,2023-08-02,2023,R,R,7,Sunny,,208.0,72.0,3.53,1.7,0.262
0,0.3849,Player_012,2024-08-27,2024,L,R,2,Sunny,71.0,201.0,74.0,3.54,1.63,0.303
1,0.285,Player_006,2023-04-05,2023,L,R,8,Cloudy,77.0,195.0,73.0,3.45,1.54,0.258
0,0.1953,Player_017,2024-05-25,2024,R,L,6,Sunny,75.0,198.0,77.0,3.59,1.74,0.271
0,0.1786,Player_026,2022-04-25,2022,L,L,2,Overcast,,175.0,76.0,3.64,1.62,0.289
1,0.2446,Player_018,2024-04-05,2024,R,R,9,Cloudy,93.0,230.0,71.0,3.47,1.68,0.267
0,0.2112,Player_025,2022-05-23,2022,L,R,5,Sunny,80.0,222.0,75.0,3.47,1.61,0.307
1,0.4107,Player_038,2024-05-02,2024,L,L,4,Sunny,76.0,193.0,70.0,3.66,1.64,0.274
0,0.3108,Player_004,2023-09-09,2023,R,R,7,Overcast,91.0,183.0,74.0,3.54,1.69,0.222
0,0.2933,Player_029,2022-05-13,2022,L,R,6,Cloudy,64.0,209.0,72.0,3.5,1.67,0.3
1,0.3905,Player_009,2023-08-13,2023,L,L,7,Cloudy,64.0,230.0,72.0,3.59,1.54,0.269
0,0.1588,Player_000,2024-04-09,2024,R,L,6,Cloudy,59.0,239.0,72.0,3.42,1.57,0.287
0,0.2704,Player_014,2024-07-20,2024,R,R,9,Sunny,63.0,192.0,74.0,3.31,1.55,0.252
1,0.39,Player_015,2024-08-03,2024,R,L,4,Sunny,58.0,203.0,76.0,3.58,1.67,0.29
0,0.2599,Player_039,2023-04-28,2023,L,L,2,Cloudy,62.0,213.0,74.0,3.56,1.62,0.292
0,0.4713,Player_013,2023-06-17,2023,L,R,2,Sunny,81.0,213.0,76.0,3.47,1.57,0.32
1,0.335,Player_030,2022-09-15,2022,R,R,3,Cloudy,82.0,193.0,77.0,3.32,1.51,0.256
0,0.3914,Player_037,2023-07-20,2023,L,R,7,Sunny,80.0,228.0,71.0,3.68,1.73,0.242
0,0.3934,Player_013,2022-08-24,2022,L,R,8,Drizzle,91.0,220.0,76.0,3.59,1.52,0.268
1,0.2801,Player_007,2024-06-15,2024,R,R,3,Cloudy,89.0,229.0,71.0,3.45,1.61,0.289
0,0.2658,Player_038,2024-05-13,2024,L,R,1,Sunny,68.0,182.0,70.0,3.38,1.64,0.268
1,0.2919,Player_018,2023-06-24,2023,L,R,7,Overcast,62.0,218.0,71.0,3.52,1.64,0.306
1,0.2309,Player_018,2024-06-11,2024,L,R,8,Cloudy,71.0,197.0,73.0,3.31,1.54,0.316
0,0.2954,Player_029,2023-09-24,2023,L,R,1,Cloudy,92.0,224.0,71.0,3.48,1.71,0.318
0,0.2797,Player_015,2022-06-17,2022,R,R,2,Sunny,93.0,208.0,74.0,3.7,1.57,0.233
1,0.3982,Player_021,2022-07-22,2022,R,R,4,Cloudy,63.0,208.0,74.0,3.6,1.69,0.244
1,0.3115,Player_037,2022-07-15,2022,L,L,5,Cloudy,60.0,213.0,75.0,3.69,1.61,0.249
0,0.4654,Player_001,2022-06-06,2022,L,R,1,Sunny,84.0,189.0,77.0,3.46,1.66,
0,0.1288,Player_029,2024-06-06,2024,R,R,6,Cloudy,90.0,212.0,71.0,3.33,1.64,0.298
0,0.2148,Player_015,2024-08-30,2024,L,R,5,Sunny,93.0,232.0,77.0,3.69,1.79,0.232
1,0.2251,Player_021,2023-05-08,2023,R,L,7,Overcast,93.0,180.0,76.0,3.65,1.6,0.264
1,0.3845,Player_036,2024-06-13,2024,R,R,9,Drizzle,66.0,185.0,70.0,3.53,1.55,0.313
1,0.2723,Player_024,2024-07-29,2024,R,R,2,Sunny,86.0,177.0,75.0,3.39,1.61,0.241
0,0.1973,Player_016,2022-04-11,2022,L,R,5,Sunny,81.0,206.0,72.0,3.6,1.65,0.275
1,0.2628,Player_038,2023-07-31,2023,S,R,8,Sunny,68.0,190.0,70.0,3.31,1.52,0.289
0,0.1862,Player_024,2024-08-27,2024,L,L,1,Overcast,55.0,213.0,75.0,3.67,1.78,0.226
0,0.1524,Player_006,2022-06-19,2022,R,L,8,Sunny,81.0,177.0,70.0,3.58,1.56,0.263
0,0.4199,Player_003,2023-07-14,2023,R,R,4,Overcast,69.0,181.0,71.0,3.37,1.78,0.312
0,0.2254,Player_013,2024-06-26,2024,R,L,8,Overcast,66.0,189.0,75.0,3.37,1.62,0.221
0,0.2921,Player_028,2024-07-28,2024,R,R,6,Sunny,55.0,217.0,70.0,3.32,1.67,0.283
0,0.2435,Player_016,2024-04-09,2024,R,L,9,Overcast,59.0,178.0,76.0,3.61,1.7,0.307
0,0.2824,Player_006,2024-07-20,2024,L,R,2,Sunny,62.0,209.0,70.0,3.35,1.52,0.263
1,0.2412,Player_039,2022-06-22,2022,L,R,8,Sunny,59.0,209.0,72.0,3.51,1.62,0.246
0,0.2283,Player_007,2024-04-06,2024,R,L,6,Overcast,92.0,195.0,72.0,3.44,1.58,0.293
0,0.3036,Player_003,2024-08-22,2024,R,R,7,Sunny,55.0,181.0,71.0,3.52,1.55,0.257
0,0.3993,Player_015,2022-04-28,2022,L,R,7,Sunny,70.0,221.0,74.0,3.58,1.7,0.253
0,0.3163,Player_004,2022-07-16,2022,R,L,6,Cloudy,94.0,201.0,71.0,3.38,1.55,0.246
0,0.1947,Player_023,2022-09-01,2022,R,R,5,Cloudy,59.0,213.0,71.0,3.38,1.67,0.316
0,0.3692,Player_017,2024-09-12,2024,L,R,8,Cloudy,81.0,225.0,73.0,3.44,1.62,0.295
0,0.3333,Player_037,2024-07-22,2024,L,R,5,Sunny,65.0,175.0,73.0,3.67,1.79,0.234
0,0.2563,Player_006,2024-08-06,2024,L,R,9,Cloudy,67.0,225.0,75.0,3.48,1.77,0.25
1,0.3127,Player_010,2023-07-15,2023,L,R,7,Sunny,72.0,180.0,70.0,3.4,1.5,0.31
0,0.3101,Player_027,2023-08-18,2023,L,L,6,Sunny,78.0,211.0,71.0,3.51,1.74,0.303
1,0.2733,Player_027,2022-09-23,2022,L,L,6,Sunny,85.0,180.0,70.0,3.37,1.55,0.255
0,0.3336,Player_014,2024-06-21,2024,L,R,3,Cloudy,79.0,177.0,76.0,3.61,1.64,0.291
1,0.2396,Player_036,2023-06-14,2023,L,R,7,Overcast,55.0,201.0,74.0,3.43,1.74,0.23
0,0.4195,Player_033,2024-05-01,2024,R,R,3,Sunny,62.0,209.0,71.0,3.69,1.59,0.235
0,0.135,Player_024,2022-09-24,2022,L,L,6,Sunny,80.0,195.0,74.0,3.55,1.72,0.31
0,0.3204,Player_029,2022-09-12,2022,S,R,8,Overcast,66.0,191.0,76.0,3.54,1.57,0.274
0,0.3057,Player_021,2022-08-06,2022,R,R,5,Sunny,57.0,186.0,76.0,3.42,1.76,0.234
1,0.295,Player_018,2024-07-27,2024,R,L,9,Sunny,76.0,211.0,77.0,3.37,1.63,0.269
0,0.2304,Player_021,2022-05-07,2022,S,R,2,Cloudy,67.0,201.0,71.0,3.33,1.56,0.266
0,0.3618,Player_033,2024-09-10,2024,R,R,2,Sunny,88.0,234.0,71.0,3.64,1.52,0.32
1,0.2624,Player_000,2022-04-11,2022,L,L,3,Sunny,90.0,203.0,76.0,3.69,1.68,0.221
1,0.197,Player_004,2023-07-21,2023,R,R,9,Overcast,60.0,213.0,77.0,3.39,1.7,0.294
0,0.1934,Player_018,2022-05-16,2022,L,L,5,Sunny,86.0,237.0,71.0,3.7,1.7,0.296
0,0.2887,Player_023,2022-06-21,2022,R,R,3,Overcast,89.0,236.0,75.0,3.55,1.65,0.298
1,0.1382,Player_007,2023-04-18,2023,R,L,9,Overcast,80.0,207.0,74.0,3.61,1.62,0.298
1,0.396,Player_024,2023-04-25,2023,L,L,4,Sunny,79.0,188.0,77.0,3.7,1.69,0.291
1,0.3434,Player_000,2023-06-07,2023,L,L,3,Overcast,73.0,200.0,71.0,3.69,1.51,0.262
1,0.3779,Player_009,2023-06-11,2023,S,L,9,Cloudy,74.0,192.0,72.0,3.53,1.57,0.225
0,0.3905,Player_018,2023-09-06,2023,L,L,2,Drizzle,58.0,206.0,74.0,3.51,1.58,0.317
0,0.2754,Player_001,2023-07-17,2023,L,R,9,Cloudy,,184.0,76.0,3.57,1.73,0.244
0,0.2091,Player_025,2024-04-05,2024,L,L,1,Sunny,82.0,201.0,76.0,3.39,1.63,0.251
0,0.0626,Player_021,2022-09-15,2022,R,L,6,Cloudy,76.0,180.0,73.0,3.46,1.51,0.235
1,0.2216,Player_022,2023-07-19,2023,R,L,6,Cloudy,61.0,238.0,72.0,3.63,1.77,0.253
0,0.4036,Player_020,2022-08-28,2022,R,R,9,Cloudy,69.0,175.0,71.0,3.34,1.62,0.253
0,0.2121,Player_027,2022-09-14,2022,L,L,9,Sunny,80.0,232.0,73.0,3.48,1.52,0.256
0,0.2853,Player_026,2022-07-02,2022,L,R,8,Overcast,62.0,235.0,77.0,3.43,1.63,0.26
0,0.2612,Player_026,2023-05-03,2023,L,R,9,Sunny,63.0,237.0,71.0,3.53,1.78,0.287
0,0.3062,Player_008,2022-06-20,2022,R,R,8,Drizzle,90.0,204.0,77.0,3.38,1.74,0.317
0,0.34,Player_027,2024-08-01,2024,R,L,5,Sunny,73.0,225.0,72.0,3.67,1.68,0.272
1,0.1723,Player_007,2024-04-05,2024,R,R,8,Sunny,,236.0,70.0,3.62,1.73,0.319
0,0.2057,Player_000,2022-09-18,2022,L,R,7,Sunny,57.0,229.0,75.0,3.33,1.65,0.226
0,0.3541,Player_039,2023-06-03,2023,R,L,4,Drizzle,58.0,231.0,73.0,3.43,1.74,0.258
0,0.3513,Player_007,2022-07-28,2022,L,R,8,Overcast,80.0,206.0,75.0,3.32,1.75,0.223
0,0.2618,Player_004,2022-09-24,2022,R,R,1,Sunny,67.0,223.0,77.0,3.35,1.6,0.28
1,0.3995,Player_012,2024-09-02,2024,R,R,1,Drizzle,66.0,188.0,71.0,3.47,1.63,0.318
0,0.1844,Player_039,2023-08-12,2023,R,R,2,Sunny,62.0,234.0,74.0,3.43,1.57,0.241
1,0.3452,Player_034,2022-05-24,2022,R,R,5,Sunny,85.0,205.0,72.0,3.51,1.71,0.292
0,0.2452,Player_028,2024-07-03,2024,R,L,1,Sunny,92.0,192.0,73.0,3.42,1.54,0.296
0,0.3425,Player_007,2024-06-29,2024,L,R,3,Sunny,65.0,194.0,72.0,3.43,1.64,0.23
0,0.1029,Player_025,2023-09-03,2023,L,L,3,Cloudy,64.0,230.0,71.0,3.68,1.79,0.263
1,0.2518,Player_033,2024-04-07,2024,L,L,3,Sunny,86.0,187.0,74.0,3.65,1.64,0.234
1,0.3016,Player_013,2024-04-04,2024,R,L,1,Sunny,,219.0,73.0,3.31,1.52,0.255
0,0.2756,Player_010,2024-04-21,2024,R,R,3,Sunny,86.0,192.0,76.0,3.54,1.51,0.301
0,0.3679,Player_034,2023-09-20,2023,R,R,3,Sunny,84.0,213.0,73.0,3.36,1.79,0.249
0,0.3655,Player_005,2024-07-06,2024,R,R,7,Cloudy,86.0,209.0,74.0,3.62,1.71,0.313
0,0.2329,Player_036,2023-08-04,2023,L,R,6,Cloudy,61.0,215.0,75.0,3.63,1.71,0.298
0,0.3377,Player_019,2022-04-18,2022,R,R,3,Sunny,76.0,189.0,70.0,3.56,1.61,0.246
1,0.2105,Player_028,2022-04-03,2022,R,R,2,Sunny,72.0,233.0,73.0,3.57,1.65,0.263
0,0.3038,Player_014,2023-07-27,2023,L,R,5,Cloudy,89.0,232.0,74.0,3.64,1.67,0.282
1,0.3159,Player_028,2022-08-05,2022,L,L,3,Overcast,81.0,235.0,75.0,3.34,1.73,0.281
1,0.2415,Player_036,2022-06-16,2022,L,R,7,Sunny,84.0,207.0,70.0,3.58,1.65,0.276
0,0.3551,Player_019,2023-04-15,2023,L,R,3,Cloudy,90.0,186.0,70.0,3.35,1.59,0.258
0,0.2446,Player_008,2024-06-27,2024,R,R,9,Drizzle,82.0,211.0,76.0,3.32,1.66,0.314
1,0.2394,Player_003,2022-07-25,2022,R,R,1,Overcast,81.0,180.0,76.0,3.56,1.7,0.229
0,0.3295,Player_037,2022-05-09,2022,R,R,8,Sunny,76.0,220.0,73.0,3.41,1.52,0.283
0,0.2115,Player_039,2024-05-24,2024,L,L,7,Overcast,58.0,192.0,70.0,3.32,1.64,0.224
1,0.2179,Player_026,2023-08-13,2023,R,R,7,Cloudy,83.0,187.0,72.0,3.33,1.6,0.276
0,0.3529,Player_000,2024-05-08,2024,R,R,9,Cloudy,67.0,227.0,75.0,3.69,1.77,0.238
1,0.3076,Player_035,2023-04-18,2023,L,R,5,Cloudy,59.0,217.0,75.0,3.39,1.62,0.228
0,0.1482,Player_019,2023-07-23,2023,R,L,7,Sunny,,181.0,76.0,3.46,1.69,0.225
0,0.3299,Player_009,2022-04-05,2022,L,L,5,Overcast,68.0,231.0,74.0,3.41,1.64,0.316
0,0.2715,Player_014,2023-06-18,2023,L,R,7,Sunny,70.0,218.0,76.0,3.67,1.74,0.233
0,0.2018,Player_037,2023-07-12,2023,L,R,5,Sunny,66.0,192.0,71.0,3.33,1.78,0.256
0,0.1245,Player_031,2022-04-12,2022,L,R,9,Sunny,92.0,200.0,71.0,3.52,1.53,0.267
0,0.3432,Player_023,2022-07-27,2022,R,R,3,Cloudy,90.0,204.0,72.0,3.49,1.51,0.222
0,0.2098,Player_029,2023-08-27,2023,L,L,7,Sunny,56.0,234.0,76.0,3.58,1.71,0.312
0,0.1829,Player_033,2024-09-22,2024,L,L,2,Sunny,74.0,211.0,77.0,3.66,1.69,0.222
0,0.3448,Player_025,2023-05-18,2023,L,R,1,Overcast,67.0,228.0,70.0,3.3,1.67,0.311
0,0.3264,Player_012,2024-05-28,2024,L,L,7,Sunny,88.0,177.0,71.0,3.31,1.63,0.223
0,0.2449,Player_002,2024-07-20,2024,L,R,2,Sunny,74.0,208.0,70.0,3.45,1.72,0.261
0,0.3639,Player_004,2022-07-17,2022,L,R,1,Cloudy,80.0,180.0,76.0,3.46,1.71,0.298
0,0.4238,Player_009,2024-07-18,2024,R,R,6,Sunny,58.0,199.0,76.0,3.66,1.62,0.222
0,0.3943,Player_030,2024-05-26,2024,L,R,6,Sunny,83.0,210.0,77.0,3.41,1.6,0.301
0,0.3334,Player_003,2022-04-11,2022,R,L,6,Sunny,74.0,229.0,71.0,3.64,1.79,0.267
0,0.292,Player_005,2023-04-05,2023,L,L,5,Sunny,90.0,193.0,74.0,3.34,1.62,0.267
1,0.2489,Player_039,2023-09-27,2023,R,R,8,Sunny,59.0,190.0,73.0,3.33,1.56,0.239
0,0.2761,Player_016,2024-06-12,2024,R,R,1,Overcast,67.0,230.0,77.0,3.6,1.79,0.243
0,0.3009,Player_005,2023-06-20,2023,L,L,2,Sunny,88.0,210.0,77.0,3.61,1.71,0.3
1,0.182,Player_034,2023-07-22,2023,L,L,4,Sunny,64.0,222.0,76.0,3.34,1.67,0.221
0,0.1961,Player_038,2024-05-06,2024,R,L,9,Sunny,65.0,235.0,71.0,3.7,1.73,0.252
0,0.1801,Player_020,2023-06-08,2023,R,R,7,Drizzle,67.0,178.0,72.0,3.33,1.57,0.252
0,0.2965,Player_004,2022-06-18,2022,R,R,5,Overcast,75.0,214.0,76.0,3.65,1.67,0.247
0,0.3058,Player_025,2023-04-18,2023,L,R,9,Sunny,57.0,179.0,74.0,3.38,1.58,0.251
0,0.2543,Player_034,2024-07-17,2024,L,R,9,Cloudy,79.0,235.0,74.0,3.31,1.76,0.232
0,0.3074,Player_038,2023-05-05,2023,R,L,1,Sunny,87.0,203.0,70.0,3.64,1.54,0.237
0,0.2069,Player_022,2023-04-01,2023,R,R,5,Sunny,67.0,203.0,73.0,3.37,1.57,0.276
0,0.2217,Player_037,2023-07-21,2023,L,L,9,Sunny,61.0,187.0,77.0,3.51,1.57,0.276
0,0.3346,Player_033,2023-05-25,2023,R,R,2,Cloudy,69.0,215.0,73.0,3.63,1.63,0.313
0,0.315,Player_006,2024-08-07,2024,R,L,2,Sunny,80.0,210.0,77.0,3.36,1.54,0.273
0,0.2443,Player_025,2023-07-06,2023,L,R,4,Sunny,75.0,236.0,73.0,3.6,1.66,0.264
0,0.2862,Player_026,2023-04-06,2023,L,L,9,Cloudy,79.0,175.0,76.0,3.51,1.72,0.23
0,0.2455,Player_030,2024-08-03,2024,L,R,2,Overcast,,222.0,76.0,3.4,1.5,0.294
0,0.2562,Player_021,2022-04-08,2022,L,L,6,Overcast,92.0,237.0,74.0,3.32,1.77,0.265
0,0.2901,Player_029,2022-05-27,2022,R,R,3,Cloudy,73.0,233.0,76.0,3.41,1.76,0.296
0,0.3092,Player_023,2024-08-01,2024,L,L,7,Cloudy,,215.0,70.0,3.47,1.52,
1,0.3222,Player_010,2024-06-11,2024,L,R,9,Cloudy,74.0,229.0,72.0,3.45,1.52,0.282
1,0.2991,Player_019,2023-06-09,2023,R,R,1,Sunny,60.0,177.0,70.0,3.59,1.67,0.292
0,0.1745,Player_037,2022-05-10,2022,R,L,4,Cloudy,78.0,180.0,75.0,3.46,1.59,0.256
0,0.2772,Player_033,2022-06-19,2022,R,L,6,Sunny,93.0,220.0,72.0,3.45,1.65,0.268
0,0.3186,Player_025,2022-05-23,2022,R,R,2,Overcast,72.0,191.0,74.0,3.62,1.67,0.226
1,0.3482,Player_012,2023-09-18,2023,L,R,6,Sunny,76.0,221.0,76.0,3.49,1.69,0.247
0,0.2296,Player_008,2023-08-02,2023,R,R,4,Sunny,84.0,223.0,75.0,3.69,1.72,0.236
0,0.3341,Player_011,2022-09-11,2022,L,L,1,Sunny,88.0,218.0,75.0,3.53,1.76,0.257
1,0.2078,Player_012,2023-05-31,2023,L,R,6,Overcast,55.0,232.0,70.0,3.67,1.68,
0,0.2398,Player_038,2024-09-18,2024,L,L,1,Sunny,57.0,189.0,74.0,3.65,1.53,
1,0.2307,Player_021,2024-05-20,2024,R,L,2,Cloudy,74.0,227.0,72.0,3.47,1.54,0.293
0,0.1916,Player_015,2024-05-25,2024,R,R,2,Sunny,59.0,227.0,77.0,3.55,1.68,0.307
0,0.2797,Player_035,2023-05-24,2023,L,R,1,Cloudy,91.0,195.0,72.0,3.36,1.71,0.315
1,0.2655,Player_014,2023-07-16,2023,R,L,4,Cloudy,83.0,188.0,75.0,3.51,1.73,0.276
0,0.1522,Player_031,2023-07-20,2023,R,R,8,Drizzle,79.0,215.0,74.0,3.47,1.66,0.295
0,0.2724,Player_025,2022-04-12,2022,L,R,3,Sunny,78.0,232.0,72.0,3.49,1.68,0.269
1,0.1576,Player_012,2024-07-09,2024,R,R,3,Sunny,74.0,217.0,71.0,3.37,1.79,0.299
1,0.4129,Player_038,2024-09-18,2024,L,L,8,Sunny,56.0,182.0,72.0,3.65,1.6,0.274
0,0.2949,Player_027,2023-06-13,2023,S,R,9,Sunny,85.0,203.0,74.0,3.33,1.56,0.294
1,0.3088,Player_039,2022-08-04,2022,L,R,3,Overcast,74.0,200.0,77.0,3.61,1.79,0.248
0,0.3162,Player_000,2022-07-23,2022,L,R,1,Sunny,70.0,213.0,77.0,3.68,1.78,0.289
0,0.3123,Player_011,2024-09-23,2024,L,L,7,Drizzle,72.0,213.0,72.0,3.34,1.5,0.278
1,0.3685,Player_013,2022-07-25,2022,L,R,6,Sunny,73.0,239.0,70.0,3.47,1.62,0.245
0,0.1706,Player_026,2022-06-24,2022,R,R,9,Overcast,92.0,229.0,71.0,3.53,1.72,0.289
1,0.3717,Player_033,2023-04-03,2023,R,R,6,Cloudy,62.0,210.0,74.0,3.7,1.55,0.257
0,0.3872,Player_004,2024-08-22,2024,L,R,9,Drizzle,62.0,184.0,73.0,3.65,1.51,0.283
0,0.2754,Player_006,2022-06-01,2022,R,R,2,Cloudy,59.0,187.0,71.0,3.47,1.51,0.286
0,0.2717,Player_026,2022-09-14,2022,R,R,2,Cloudy,79.0,186.0,71.0,3.69,1.67,0.287
0,0.0628,Player_014,2024-05-13,2024,R,R,6,Sunny,56.0,207.0,74.0,3.43,1.57,0.288
1,0.1629,Player_027,2024-06-17,2024,R,L,7,Sunny,86.0,184.0,72.0,3.44,1.58,0.262
0,0.3063,Player_000,2023-08-28,2023,L,L,4,Overcast,84.0,186.0,71.0,3.5,1.5,0.282
0,0.384,Player_020,2024-04-27,2024,L,R,4,Sunny,83.0,184.0,73.0,3.61,1.72,0.311
0,0.331,Player_000,2023-05-20,2023,R,R,4,Overcast,73.0,219.0,77.0,3.38,1.75,
0,0.2747,Player_038,2024-08-20,2024,R,R,1,Sunny,71.0,193.0,76.0,3.6,1.72,0.298
0,0.4148,Player_005,2023-05-28,2023,R,R,8,Sunny,92.0,233.0,72.0,3.3,1.54,
0,0.3504,Player_007,2024-09-19,2024,R,R,9,Cloudy,88.0,207.0,76.0,3.4,1.79,0.267
0,0.2724,Player_004,2024-07-05,2024,L,R,9,Sunny,62.0,218.0,77.0,3.69,1.79,
0,0.4327,Player_008,2022-08-27,2022,R,R,5,Cloudy,65.0,209.0,72.0,3.56,1.58,0.298
0,0.2233,Player_019,2022-07-08,2022,L,R,2,Drizzle,64.0,232.0,70.0,3.49,1.79,0.224
0,0.167,Player_024,2024-04-08,2024,L,L,4,Sunny,73.0,183.0,71.0,3.59,1.63,0.29
0,0.2505,Player_036,2022-08-24,2022,R,R,7,Sunny,80.0,222.0,76.0,3.47,1.51,0.26
0,0.2469,Player_035,2024-06-14,2024,L,R,2,Sunny,63.0,212.0,70.0,3.34,1.67,0.247
0,0.2245,Player_003,2023-06-09,2023,R,L,2,Cloudy,57.0,203.0,72.0,3.5,1.66,0.316
0,0.3559,Player_017,2022-08-11,2022,L,R,9,Cloudy,70.0,220.0,77.0,3.68,1.76,0.249
0,0.2776,Player_034,2024-05-20,2024,R,R,1,Drizzle,75.0,209.0,71.0,3.41,1.61,0.241
1,0.2794,Player_006,2023-06-17,2023,R,R,6,Sunny,81.0,215.0,73.0,3.32,1.73,0.263
0,0.2841,Player_026,2024-07-18,2024,R,R,2,Sunny,59.0,209.0,77.0,3.6,1.74,0.25
1,0.0881,Player_017,2022-07-16,2022,R,L,1,Sunny,82.0,182.0,76.0,3.48,1.51,0.293
0,0.1939,Player_006,2022-08-10,2022,L,R,6,Sunny,61.0,200.0,72.0,3.43,1.7,0.223
0,0.243,Player_002,2022-04-15,2022,L,L,2,Cloudy,66.0,238.0,71.0,3.5,1.64,0.289
1,0.241,Player_011,2022-09-26,2022,L,R,7,Drizzle,75.0,181.0,74.0,3.67,1.56,0.262
0,0.2838,Player_000,2024-07-18,2024,L,R,8,Sunny,59.0,189.0,72.0,3.4,1.63,0.298
0,0.3483,Player_007,2023-07-21,2023,R,L,5,Overcast,77.0,220.0,75.0,3.38,1.76,0.253
0,0.2448,Player_021,2022-09-06,2022,R,L,2,Sunny,56.0,184.0,75.0,3.51,1.71,0.222
0,0.2074,Player_031,2024-06-27,2024,L,R,9,Overcast,63.0,178.0,73.0,3.49,1.69,0.296
0,0.2445,Player_020,2022-04-06,2022,L,R,4,Overcast,77.0,224.0,73.0,3.36,1.52,0.233
1,0.3697,Player_029,2023-04-24,2023,R,L,7,Overcast,65.0,188.0,70.0,3.53,1.7,
0,0.3873,Player_002,2024-09-17,2024,R,R,2,Sunny,72.0,189.0,75.0,3.53,1.73,0.303
0,0.3417,Player_012,2024-09-24,2024,L,R,2,Sunny,66.0,204.0,77.0,3.54,1.78,0.312
0,0.1406,Player_026,2023-04-16,2023,R,L,7,Sunny,75.0,229.0,77.0,3.47,1.74,0.245
0,0.3015,Player_002,2024-08-01,2024,R,R,2,Sunny,60.0,239.0,75.0,3.42,1.52,0.304
1,0.3069,Player_023,2023-07-28,2023,R,R,5,Cloudy,61.0,192.0,75.0,3.43,1.78,0.298
0,0.2718,Player_006,2022-04-30,2022,L,L,6,Drizzle,,194.0,77.0,3.63,1.74,0.312
1,0.2401,Player_016,2022-08-20,2022,R,R,2,Cloudy,68.0,208.0,71.0,3.55,1.5,0.302
0,0.2446,Player_025,2024-06-21,2024,L,L,3,Sunny,82.0,226.0,76.0,3.46,1.71,0.229
0,0.2252,Player_039,2022-05-12,2022,L,L,2,Sunny,55.0,179.0,70.0,3.55,1.59,0.314
0,0.1698,Player_003,2024-07-09,2024,R,L,1,Cloudy,59.0,202.0,76.0,3.44,1.68,0.222
1,0.3756,Player_022,2022-09-10,2022,R,R,9,Sunny,86.0,181.0,71.0,3.65,1.58,0.254
0,0.3618,Player_021,2022-05-10,2022,L,R,1,Sunny,69.0,189.0,74.0,3.59,1.72,0.259
0,0.2601,Player_002,2024-07-20,2024,R,R,8,Sunny,67.0,215.0,70.0,3.34,1.56,0.269
1,0.2947,Player_024,2024-08-09,2024,L,L,4,Overcast,61.0,176.0,70.0,3.32,1.75,0.244
0,0.3073,Player_003,2022-07-22,2022,R,R,3,Sunny,65.0,231.0,75.0,3.31,1.52,0.232
0,0.444,Player_027,2022-07-27,2022,S,R,5,Drizzle,64.0,180.0,77.0,3.31,1.51,0.304
1,0.3411,Player_008,2024-08-08,2024,R,R,9,Sunny,86.0,228.0,70.0,3.5,1.54,0.284
0,0.3084,Player_005,2023-05-13,2023,R,L,6,Cloudy,92.0,202.0,76.0,3.37,1.62,
0,0.2827,Player_002,2023-04-19,2023,R,R,1,Overcast,56.0,211.0,76.0,3.57,1.7,0.297
0,0.2196,Player_018,2022-09-26,2022,R,L,7,Overcast,60.0,201.0,75.0,3.49,1.64,0.312
1,0.3768,Player_009,2024-05-27,2024,R,R,7,Sunny,80.0,198.0,72.0,3.34,1.64,0.242
0,0.3257,Player_018,2022-09-18,2022,R,R,9,Sunny,90.0,215.0,77.0,3.3,1.76,0.252
1,0.2119,Player_035,2022-05-19,2022,L,L,2,Sunny,67.0,195.0,74.0,3.31,1.67,0.313
0,0.3118,Player_033,2023-05-18,2023,R,R,8,Sunny,88.0,179.0,71.0,3.51,1.65,0.274
0,0.3586,Player_030,2022-04-05,2022,L,R,4,Sunny,55.0,175.0,77.0,3.53,1.63,0.248
0,0.1333,Player_018,2023-06-19,2023,S,R,4,Cloudy,84.0,193.0,72.0,3.44,1.79,0.236
0,0.2354,Player_004,2023-09-18,2023,L,R,6,Sunny,92.0,189.0,73.0,3.33,1.57,0.319
0,0.3254,Player_016,2023-09-09,2023,L,R,5,Drizzle,74.0,176.0,71.0,3.67,1.55,0.274
0,0.1453,Player_000,2023-05-25,2023,R,R,3,Overcast,78.0,181.0,73.0,3.46,1.65,0.306
0,0.1464,Player_004,2022-06-13,2022,L,L,2,Cloudy,65.0,231.0,75.0,3.47,1.7,0.284
1,0.2811,Player_012,2024-07-29,2024,L,R,6,Cloudy,86.0,207.0,77.0,3.45,1.51,0.264
0,0.3144,Player_027,2023-09-19,2023,R,R,9,Sunny,88.0,200.0,73.0,3.32,1.76,0.306
0,0.3376,Player_031,2023-07-18,2023,L,R,3,Sunny,88.0,234.0,74.0,3.58,1.58,0.256
0,0.4108,Player_024,2022-05-07,2022,L,R,5,Sunny,88.0,212.0,70.0,3.57,1.69,0.297
0,0.2558,Player_010,2023-06-04,2023,R,L,3,Drizzle,58.0,183.0,71.0,3.37,1.55,0.265
1,0.2739,Player_028,2024-08-08,2024,L,R,3,Sunny,76.0,221.0,74.0,3.41,1.76,0.31
0,0.1785,Player_039,2024-04-04,2024,L,L,8,Sunny,75.0,221.0,70.0,3.52,1.61,0.27
0,0.2431,Player_026,2024-07-16,2024,L,L,7,Overcast,56.0,192.0,72.0,3.45,1.56,0.253
1,0.3495,Player_030,2022-08-17,2022,L,R,5,Sunny,87.0,218.0,70.0,3.7,1.51,0.293
0,0.3527,Player_035,2024-06-01,2024,L,R,5,Drizzle,62.0,183.0,73.0,3.5,1.59,0.306
1,0.2885,Player_028,2022-07-07,2022,L,L,4,Drizzle,71.0,239.0,72.0,3.65,1.61,0.305
1,0.3183,Player_035,2022-08-08,2022,R,R,9,Sunny,57.0,212.0,72.0,3.38,1.51,0.268
1,0.3693,Player_011,2023-07-17,2023,R,R,9,Cloudy,86.0,193.0,73.0,3.52,1.67,0.264
0,0.2753,Player_012,2022-04-05,2022,L,L,1,Sunny,62.0,233.0,71.0,3.43,1.64,0.235
0,0.3957,Player_006,2023-07-15,2023,L,R,8,Sunny,75.0,207.0,76.0,3.67,1.65,0.224
1,0.2291,Player_007,2022-05-12,2022,R,R,4,Overcast,75.0,233.0,73.0,3.52,1.54,0.313
0,0.2749,Player_022,2024-08-11,2024,R,R,6,Sunny,58.0,181.0,77.0,3.56,1.61,0.293
1,0.2363,Player_037,2024-05-17,2024,L,L,9,Drizzle,89.0,195.0,71.0,3.33,1.79,0.278
0,0.3355,Player_008,2023-09-24,2023,R,R,4,Drizzle,55.0,202.0,70.0,3.5,1.61,0.278
0,0.229,Player_028,2023-04-22,2023,L,R,5,Cloudy,81.0,192.0,73.0,3.53,1.74,0.222
1,0.2275,Player_003,2023-09-08,2023,R,L,6,Sunny,61.0,208.0,70.0,3.42,1.54,0.265
0,0.1198,Player_038,2024-04-06,2024,R,L,3,Sunny,79.0,197.0,73.0,3.59,1.54,0.312
0,0.2916,Player_021,2023-08-01,2023,R,L,3,Sunny,64.0,232.0,76.0,3.49,1.8,0.266
0,0.3573,Player_019,2023-06-03,2023,L,L,6,Sunny,84.0,190.0,77.0,3.52,1.69,0.278
1,0.3637,Player_014,2022-05-06,2022,L,R,2,Sunny,77.0,187.0,73.0,3.44,1.7,0.258
0,0.3569,Player_038,2022-05-10,2022,L,R,6,Sunny,80.0,237.0,71.0,3.57,1.63,0.231
1,0.3588,Player_016,2023-04-07,2023,L,R,3,Cloudy,,221.0,73.0,3.34,1.73,0.252
1,0.349,Player_004,2024-04-23,2024,L,R,1,Sunny,72.0,177.0,72.0,3.5,1.78,0.229
1,0.323,Player_022,2024-06-09,2024,R,R,1,Sunny,85.0,230.0,70.0,3.66,1.52,0.278
0,0.3475,Player_023,2024-04-28,2024,L,R,3,Cloudy,87.0,187.0,76.0,3.39,1.55,0.318
0,0.2341,Player_029,2023-09-22,2023,R,R,1,Sunny,67.0,219.0,75.0,3.65,1.76,0.256
1,0.286,Player_019,2023-08-27,2023,L,R,3,Sunny,67.0,176.0,72.0,3.65,1.52,0.306
1,0.2749,Player_011,2024-06-24,2024,L,L,4,Sunny,83.0,191.0,73.0,3.39,1.61,0.224
0,0.2565,Player_000,2023-04-18,2023,R,R,3,Sunny,92.0,230.0,73.0,3.33,1.52,0.271
0,0.1704,Player_039,2023-09-25,2023,R,R,5,Sunny,55.0,176.0,73.0,3.61,1.62,0.285
0,0.1835,Player_007,2024-08-08,2024,L,L,4,Sunny,59.0,205.0,76.0,3.68,1.63,
1,0.2961,Player_014,2022-05-03,2022,R,R,1,Sunny,61.0,200.0,75.0,3.4,1.55,0.23
1,0.3634,Player_006,2022-04-10,2022,L,R,4,Sunny,80.0,189.0,70.0,3.67,1.52,0.242
0,0.3007,Player_009,2023-07-21,2023,L,R,1,Sunny,71.0,182.0,71.0,3.38,1.63,0.227
0,0.4435,Player_002,2023-04-08,2023,R,L,7,Cloudy,75.0,200.0,77.0,3.44,1.65,0.309
0,0.2356,Player_013,2022-07-20,2022,L,R,4,Cloudy,67.0,198.0,73.0,3.65,1.72,0.22
1,0.3111,Player_037,2022-06-19,2022,R,R,6,Sunny,72.0,181.0,73.0,3.42,1.72,0.227
